{
"type": "FeatureCollection",
"name": "cod_admin0",
"crs": { "type": "name", "properties": { "name": "urn:ogc:def:crs:OGC:1.3:CRS84" } },
"features": [
{ "type": "Feature", "properties": { "iso2": "CD", "iso3": "COD", "adm0_name": "République démocratique du Congo", "adm0_name1": null, "adm0_name2": null, "adm0_name3": null, "adm0_pcode": "CD", "valid_on": "2019-09-11", "valid_to": null, "version": "v01", "area_sqkm": 2330461.94558714, "lang": "fr", "lang1": null, "lang2": null, "lang3": null }, "geometry": { "type": "Polygon", "coordinates": [ [ [ 12.395774098000174, -6.001628624999967 ], [ 12.396849044000078, -6.003780979999931 ], [ 12.396853293, -6.003789486999892 ], [ 12.399987094000039, -6.01006422599994 ], [ 12.403332708000107, -6.021104737999963 ], [ 12.404076177999968, -6.026190739999947 ], [ 12.40593485300019, -6.026562884999976 ], [ 12.41917963200018, -6.039521405999892 ], [ 12.428076795000095, -6.048226099999965 ], [ 12.437361410000108, -6.057309711999892 ], [ 12.442313603000173, -6.058429644999933 ], [ 12.451010206000035, -6.057619814999896 ], [ 12.472246099000188, -6.054582940999978 ], [ 12.493279745000052, -6.048306681999975 ], [ 12.497324677000051, -6.046079604999932 ], [ 12.497526924000169, -6.043852517999937 ], [ 12.501976348000085, -6.042232811999952 ], [ 12.505819034000069, -6.041625420999878 ], [ 12.507040681000149, -6.041625420999878 ], [ 12.510410896000053, -6.041625420999878 ], [ 12.511886431000164, -6.041625420999878 ], [ 12.51411114400014, -6.041018029999918 ], [ 12.520583035000129, -6.041625420999878 ], [ 12.526043692000144, -6.040613101999895 ], [ 12.529279639000094, -6.037778596999942 ], [ 12.53891795300018, -6.033583755999928 ], [ 12.544553370000074, -6.032226956999978 ], [ 12.548003598999969, -6.031175739999924 ], [ 12.551978863000102, -6.030274695999879 ], [ 12.555654107000066, -6.029899260999912 ], [ 12.557904257000075, -6.029824172999838 ], [ 12.560454426000149, -6.02824734099994 ], [ 12.563004595000052, -6.026069801999881 ], [ 12.564279680000084, -6.025919626999894 ], [ 12.572755243000131, -6.024117518999901 ], [ 12.575680437000074, -6.022991198999875 ], [ 12.579130665999969, -6.021564522999881 ], [ 12.582355881000126, -6.021038903999909 ], [ 12.587981254000056, -6.020888726999942 ], [ 12.589931383000078, -6.020212930999946 ], [ 12.591131463000067, -6.018786247999969 ], [ 12.591131463000067, -6.016533581999909 ], [ 12.593981652000082, -6.014731442999903 ], [ 12.599457016000144, -6.015707601999964 ], [ 12.600957114999972, -6.015181977999873 ], [ 12.60253222, -6.013304744999914 ], [ 12.603854031000026, -6.013005934999967 ], [ 12.604857374, -6.012779117999969 ], [ 12.607707564000123, -6.01135241399993 ], [ 12.610557753000137, -6.009775527999921 ], [ 12.61310792200004, -6.007748094999954 ], [ 12.615208062000079, -6.006847010999934 ], [ 12.618508281000175, -6.006171196999958 ], [ 12.62113345500012, -6.003693205999923 ], [ 12.62638380400017, -6.002041204999955 ], [ 12.632609217000038, -6.000989929999889 ], [ 12.640944145000049, -6.001480368999978 ], [ 12.646561281000118, -6.001751721999938 ], [ 12.654784982000137, -6.001729891999844 ], [ 12.656968010000128, -6.001713651999921 ], [ 12.663209579000068, -6.001903006999953 ], [ 12.668180218000032, -6.001764775999959 ], [ 12.67121783000016, -6.001350079999952 ], [ 12.671402600000022, -6.002213326999879 ], [ 12.671424940000065, -6.00231770299996 ], [ 12.672253380000029, -6.002870628999972 ], [ 12.675822488000108, -6.002919406999922 ], [ 12.676878835000025, -6.002939744999935 ], [ 12.679055474000108, -6.002880041999958 ], [ 12.681918512000038, -6.002801512999952 ], [ 12.684610940000027, -6.003216207999969 ], [ 12.687510480000128, -6.002663281999958 ], [ 12.690755202000048, -6.001280963999932 ], [ 12.693447632000073, -5.999829526999974 ], [ 12.696278134000124, -5.999207480999928 ], [ 12.699039601000095, -5.997617805999937 ], [ 12.700619563999965, -5.99765836399996 ], [ 12.702905653000016, -5.9976869219999 ], [ 12.704424459000109, -5.997203106999905 ], [ 12.709809318000055, -5.994023738999942 ], [ 12.714020554000172, -5.992019345999836 ], [ 12.718024679000109, -5.98835612299996 ], [ 12.721614585000111, -5.985660529999961 ], [ 12.724030868000114, -5.984900231999916 ], [ 12.72637811400017, -5.982619330999853 ], [ 12.728932470000132, -5.979301638999971 ], [ 12.729001507000078, -5.977228071999889 ], [ 12.729968020000172, -5.976951595999935 ], [ 12.731348753000134, -5.974739780999926 ], [ 12.732522376000134, -5.97245883599993 ], [ 12.732689745000073, -5.970196631999954 ], [ 12.732798523000156, -5.968726361999927 ], [ 12.736059245000149, -5.966418576999899 ], [ 12.73800273500018, -5.965097560999936 ], [ 12.741290031, -5.962920238999914 ], [ 12.743982460000154, -5.962159909999968 ], [ 12.745501267000122, -5.962574634999953 ], [ 12.748607916000026, -5.962574634999953 ], [ 12.753095298000062, -5.962781997999969 ], [ 12.756397273000175, -5.962568706999889 ], [ 12.761094734999972, -5.96237928599993 ], [ 12.765798042000029, -5.962367271999938 ], [ 12.769940241000029, -5.962989359999938 ], [ 12.776429686000029, -5.964440896999974 ], [ 12.781193215000087, -5.965615946999947 ], [ 12.783195277, -5.966030669999896 ], [ 12.786509037000087, -5.966652753999938 ], [ 12.78775169700009, -5.966721873999973 ], [ 12.788649173000067, -5.967205716999956 ], [ 12.790651236000087, -5.967205716999956 ], [ 12.791134493000186, -5.967966039999965 ], [ 12.793127315000049, -5.967912113999944 ], [ 12.793688849000148, -5.96789691999993 ], [ 12.797831048000148, -5.965201222999895 ], [ 12.802732649000063, -5.961676061999924 ], [ 12.804251456000031, -5.960224518999894 ], [ 12.805148933000169, -5.960224518999894 ], [ 12.805399682000029, -5.960391889999812 ], [ 12.805770262000124, -5.960639245999914 ], [ 12.809567278000031, -5.958150877999913 ], [ 12.812742964000108, -5.955593376999957 ], [ 12.815435394000133, -5.954694792999874 ], [ 12.819853739, -5.953727083999922 ], [ 12.821717728000124, -5.952897618999941 ], [ 12.824893415000076, -5.951100440999937 ], [ 12.827516807000109, -5.948957641999925 ], [ 12.829449833000126, -5.946261851999964 ], [ 12.829725979999978, -5.944602897999914 ], [ 12.831106713000111, -5.944257280999921 ], [ 12.831935153000074, -5.943496924999977 ], [ 12.832625520000079, -5.942252702999895 ], [ 12.832832629000109, -5.940178993999893 ], [ 12.834487064000086, -5.936072233999937 ], [ 12.834834693000175, -5.935202058999948 ], [ 12.836146388000088, -5.932367950999947 ], [ 12.838838818000113, -5.929188201999921 ], [ 12.839805331000036, -5.928358699999876 ], [ 12.840495698000041, -5.926630564999869 ], [ 12.841669321000097, -5.924280292999924 ], [ 12.842704870999967, -5.922966901999871 ], [ 12.843464274000041, -5.92027098199992 ], [ 12.845466337, -5.917989808999948 ], [ 12.848918169000171, -5.915086484999961 ], [ 12.854510137000091, -5.912874417999888 ], [ 12.859342704000028, -5.911560998999846 ], [ 12.863388098000087, -5.911512781999932 ], [ 12.867074808000098, -5.911422743999935 ], [ 12.869698201000176, -5.91066234199991 ], [ 12.873219070000061, -5.909003278999876 ], [ 12.876670903000161, -5.910869724999941 ], [ 12.879639478000172, -5.910800595999888 ], [ 12.88212479800012, -5.910247575999961 ], [ 12.883919751000064, -5.909625427999913 ], [ 12.88654314300004, -5.909971065999912 ], [ 12.888752316000136, -5.91073146899987 ], [ 12.891444746000161, -5.91073146899987 ], [ 12.892411259000085, -5.909901937999962 ], [ 12.903802306000159, -5.907758977999947 ], [ 12.906977992000179, -5.906583802999876 ], [ 12.910429825000051, -5.903127389999952 ], [ 12.912569961000031, -5.902574361999939 ], [ 12.915676610000105, -5.901330045999941 ], [ 12.918161930000053, -5.902781747999882 ], [ 12.920992432000105, -5.903818673999979 ], [ 12.924444264000101, -5.904371700999889 ], [ 12.927758024000184, -5.903818673999979 ], [ 12.92996719700011, -5.902781747999882 ], [ 12.933349992000103, -5.903127389999952 ], [ 12.937345917000073, -5.90335281199998 ], [ 12.939489236000043, -5.903384232999827 ], [ 12.946121773000186, -5.903196517999902 ], [ 12.949987825000164, -5.902228718999936 ], [ 12.953508695000153, -5.901606560999824 ], [ 12.956753417000016, -5.900569630999826 ], [ 12.960343323000075, -5.899947470999962 ], [ 12.963035752000167, -5.899187052999935 ], [ 12.96624416800006, -5.89709351599987 ], [ 12.968627721000189, -5.895661463999886 ], [ 12.969870380000089, -5.894555391999916 ], [ 12.970905930000129, -5.894140614999969 ], [ 12.971803407000039, -5.893449317999966 ], [ 12.972010517000115, -5.894278873999951 ], [ 12.973184140000171, -5.89469365199983 ], [ 12.974357763, -5.894970169999965 ], [ 12.976497899000151, -5.894278873999951 ], [ 12.979121292000059, -5.891513682999971 ], [ 12.980225879000045, -5.889301520999879 ], [ 12.982296978000079, -5.887227609999968 ], [ 12.986232067000174, -5.889301520999879 ], [ 12.988234130000023, -5.888195435999933 ], [ 12.990443302000187, -5.885637606999978 ], [ 12.992031146000102, -5.884393253999974 ], [ 12.994654538000077, -5.882664978999969 ], [ 12.999003847000154, -5.877410994999934 ], [ 12.999141921000046, -5.875406169999962 ], [ 12.997105826000052, -5.870330537999905 ], [ 12.999015104000136, -5.869055914999876 ], [ 13.000207787000136, -5.868259685999817 ], [ 13.002839754000036, -5.866659475999938 ], [ 13.003685743000119, -5.864965130999963 ], [ 13.003761013000144, -5.864472681999928 ], [ 12.984329160000186, -5.860086118999959 ], [ 12.984788196000181, -5.857142731999943 ], [ 12.986466999000072, -5.857791028999941 ], [ 12.989614331000041, -5.858682811999927 ], [ 12.992606243000182, -5.858955187999925 ], [ 12.99565255400006, -5.859009663999871 ], [ 13.002996339000106, -5.856176948999973 ], [ 13.00509572600015, -5.855740274999903 ], [ 13.009043677000079, -5.856210934999979 ], [ 13.010023202000184, -5.856491195999979 ], [ 13.010165826000105, -5.85653200299987 ], [ 13.010381174000145, -5.85659361799992 ], [ 13.011162829000057, -5.856817263999972 ], [ 13.012991627000019, -5.857340515999965 ], [ 13.017973565000148, -5.858187701999896 ], [ 13.022579507000046, -5.859034884999915 ], [ 13.03009941300013, -5.859599672999934 ], [ 13.036679330000027, -5.858093569999937 ], [ 13.038465308000184, -5.857340515999965 ], [ 13.039031040000111, -5.857504993999896 ], [ 13.039027864, -5.857519764999893 ], [ 13.040648569000098, -5.85802509399997 ], [ 13.041379272000029, -5.858187701999896 ], [ 13.04325924799997, -5.857905306999896 ], [ 13.045609219000028, -5.858658358999946 ], [ 13.047403616000054, -5.858934809999937 ], [ 13.048111223999967, -5.859042809999949 ], [ 13.049428823000028, -5.859222735999936 ], [ 13.050121162000039, -5.859317278999924 ], [ 13.050811127000031, -5.859517873999948 ], [ 13.053035126000054, -5.860164460999954 ], [ 13.05576971000005, -5.860803428999873 ], [ 13.058675054999981, -5.861388164999937 ], [ 13.059803041000066, -5.861388164999937 ], [ 13.060743029000037, -5.861011640999891 ], [ 13.061871015000122, -5.86072924799987 ], [ 13.063186998, -5.861482295999849 ], [ 13.064126987000066, -5.862517735999973 ], [ 13.065912965000052, -5.863364911999895 ], [ 13.068262935000178, -5.863553173999946 ], [ 13.07053541200014, -5.863954760999945 ], [ 13.071458895000092, -5.864117956999962 ], [ 13.07343287000009, -5.864400348999879 ], [ 13.074936852000178, -5.863741434999895 ], [ 13.07662883, -5.863459042999978 ], [ 13.078132811000046, -5.86280012799989 ], [ 13.079448795000189, -5.863082519999978 ], [ 13.081046775000061, -5.863082519999978 ], [ 13.081892763999974, -5.86280012799989 ], [ 13.081892763999974, -5.862141211999926 ], [ 13.083208748000175, -5.862047081999947 ], [ 13.08349074500012, -5.862329473999864 ], [ 13.083960739000133, -5.863082519999978 ], [ 13.086310709000031, -5.863082519999978 ], [ 13.089224672, -5.864023826999812 ], [ 13.090446658000019, -5.864965130999963 ], [ 13.092514632000075, -5.865718173999937 ], [ 13.093266622000158, -5.866282955999964 ], [ 13.093454620000045, -5.867412516999877 ], [ 13.094394608000016, -5.869012723999958 ], [ 13.096556581000129, -5.871648348999884 ], [ 13.098342558000184, -5.874566346999927 ], [ 13.099653781000029, -5.876732849999939 ], [ 13.099718578000022, -5.876839912999912 ], [ 13.099872652000158, -5.877094485999919 ], [ 13.099949363000178, -5.877221233999933 ], [ 13.100222535000057, -5.877672587999882 ], [ 13.100535637000178, -5.878556177999883 ], [ 13.100582228000064, -5.878640940999958 ], [ 13.100586565000128, -5.87865423799991 ], [ 13.100648783000111, -5.878844982999965 ], [ 13.100669301000039, -5.878907883999943 ], [ 13.100686585000062, -5.87896087199988 ], [ 13.100741427000173, -5.87912900699996 ], [ 13.100743676000093, -5.879135898999891 ], [ 13.100762212, -5.879192725999872 ], [ 13.10077262599998, -5.879224654999973 ], [ 13.100778654000123, -5.879241987999876 ], [ 13.100794891000135, -5.879287808999948 ], [ 13.100800364000179, -5.879303253999979 ], [ 13.100801401000126, -5.879306012999962 ], [ 13.100802693999981, -5.879309829999897 ], [ 13.100829352000062, -5.87938505999989 ], [ 13.100831330000062, -5.879390640999929 ], [ 13.100850705000141, -5.87944531799991 ], [ 13.100854529000117, -5.879456110999911 ], [ 13.100861757000189, -5.879476507999925 ], [ 13.101042753000058, -5.879987287999825 ], [ 13.101051222000137, -5.880011186999923 ], [ 13.101070198000116, -5.88006473899992 ], [ 13.101074296999968, -5.880076305999978 ], [ 13.101143007000189, -5.880270207999956 ], [ 13.101181438000083, -5.880378663999977 ], [ 13.101232053000103, -5.880521501999965 ], [ 13.101253857000131, -5.88058303199989 ], [ 13.101254102000041, -5.880583725999884 ], [ 13.101254541000174, -5.880584961999887 ], [ 13.101254871000037, -5.880585893999978 ], [ 13.10125537000016, -5.880587302999913 ], [ 13.10125589400019, -5.880588766999949 ], [ 13.101256080000041, -5.88058930699998 ], [ 13.10125640800004, -5.880590232999964 ], [ 13.101256522000085, -5.880590554999912 ], [ 13.102196510000056, -5.884261523999896 ], [ 13.103606492000154, -5.887555961999965 ], [ 13.105074968000167, -5.889160108999931 ], [ 13.105308425000032, -5.889415133999876 ], [ 13.10558869800002, -5.889721300999895 ], [ 13.105600921000075, -5.889734653999938 ], [ 13.105609603000062, -5.889744136999923 ], [ 13.105633768000018, -5.889770534999968 ], [ 13.105636034000042, -5.889773009999942 ], [ 13.105654398000127, -5.889793070999872 ], [ 13.105677803000049, -5.889818214999934 ], [ 13.10572123500009, -5.889860152999915 ], [ 13.105721811000137, -5.889860038999927 ], [ 13.105735482999989, -5.889873909999835 ], [ 13.105995738000161, -5.890125209999951 ], [ 13.106119024000066, -5.890244254999914 ], [ 13.1062520750001, -5.890372726999885 ], [ 13.10625266500017, -5.890372569999954 ], [ 13.10630783300013, -5.890426565999974 ], [ 13.10673192500002, -5.890836065999963 ], [ 13.106732906000047, -5.890836440999976 ], [ 13.106750669000178, -5.890854164999951 ], [ 13.108306434000042, -5.892356393999876 ], [ 13.110468407000099, -5.894333029999927 ], [ 13.11197238800014, -5.897062657999925 ], [ 13.113758365000024, -5.898474528999941 ], [ 13.114698353000165, -5.898380404999955 ], [ 13.115920339000184, -5.89885102799991 ], [ 13.11761231700001, -5.899604023999927 ], [ 13.119492294000054, -5.899039276999929 ], [ 13.119462063000128, -5.897875554999928 ], [ 13.119913515000178, -5.897759310999902 ], [ 13.120764825000094, -5.898418022999977 ], [ 13.121448452000095, -5.898418022999977 ], [ 13.121846474000165, -5.89833498999991 ], [ 13.122067588000164, -5.898288862999948 ], [ 13.12276411300013, -5.898056376999875 ], [ 13.123602525000081, -5.897513907999951 ], [ 13.124608619000185, -5.896222313999942 ], [ 13.127482194000152, -5.894709530999876 ], [ 13.130867150000086, -5.893717477999871 ], [ 13.131336145000091, -5.893580025999881 ], [ 13.133439845000055, -5.892231842999877 ], [ 13.135008689000017, -5.891204904999938 ], [ 13.135388313000021, -5.890955439999971 ], [ 13.136694078000119, -5.890097371999957 ], [ 13.138236929000129, -5.8886337429999 ], [ 13.138480056000105, -5.888403099999891 ], [ 13.139890038000033, -5.886897075999912 ], [ 13.140830026, -5.884543904999873 ], [ 13.143085998000174, -5.882943741999838 ], [ 13.145384169000181, -5.881084891999933 ], [ 13.147248963000095, -5.88015121799998 ], [ 13.149528155000041, -5.878646958999923 ], [ 13.153309542000159, -5.877609536999898 ], [ 13.156158533000109, -5.875949657999968 ], [ 13.160354319000135, -5.875171588999876 ], [ 13.163980307000145, -5.873978545999933 ], [ 13.166155899000046, -5.872992986999918 ], [ 13.16802069300013, -5.87294111499989 ], [ 13.169678288000057, -5.872163040999908 ], [ 13.172265113000151, -5.872155994999957 ], [ 13.173563275000049, -5.872111168999879 ], [ 13.175720193000188, -5.87157183599993 ], [ 13.177344662000053, -5.871177478999925 ], [ 13.1783288580001, -5.871073734999925 ], [ 13.179468455000176, -5.870503145999976 ], [ 13.180703958000151, -5.870228207999958 ], [ 13.181644048000123, -5.869984427999952 ], [ 13.182680044000051, -5.87008817099985 ], [ 13.183664241000031, -5.870762504999959 ], [ 13.184648437000135, -5.870762504999959 ], [ 13.185529035000172, -5.870399401999919 ], [ 13.18635783100018, -5.869673195999951 ], [ 13.18691401600006, -5.86840738099994 ], [ 13.186932271000103, -5.868366679999951 ], [ 13.187497428000029, -5.86718333999994 ], [ 13.188274426000021, -5.865990279999892 ], [ 13.189414021000061, -5.865938407999863 ], [ 13.19012252300007, -5.866612424999857 ], [ 13.190450018000092, -5.866923979999967 ], [ 13.191123415000106, -5.867702060999932 ], [ 13.191796813000053, -5.868065164999962 ], [ 13.192677409999988, -5.868272653999895 ], [ 13.193350808000105, -5.867805804999932 ], [ 13.194494485000178, -5.867090008999924 ], [ 13.195042865000062, -5.866746793999937 ], [ 13.195422801000063, -5.86650900199993 ], [ 13.196355198, -5.865886535999834 ], [ 13.196873197000173, -5.86370789699987 ], [ 13.197909193000044, -5.863241043999949 ], [ 13.198789790000035, -5.86412287599984 ], [ 13.199514987000043, -5.864278492999915 ], [ 13.200343785000086, -5.863915385999974 ], [ 13.201068982000095, -5.863033554999959 ], [ 13.202208578000068, -5.862255465999965 ], [ 13.20234044200015, -5.862275780999937 ], [ 13.202881976000015, -5.862359210999841 ], [ 13.203192775000048, -5.861840485999892 ], [ 13.203866173, -5.861269886999935 ], [ 13.204332372000124, -5.861477376999972 ], [ 13.205575567000039, -5.861062394999919 ], [ 13.20738856100013, -5.86007681399991 ], [ 13.209823153000116, -5.859143101999905 ], [ 13.211293540000042, -5.858320255999956 ], [ 13.211584347000041, -5.858157515999892 ], [ 13.212775743000179, -5.857638785999882 ], [ 13.213656340000114, -5.857483167999874 ], [ 13.21432973800006, -5.857586913999967 ], [ 13.216349931000138, -5.85706818299991 ], [ 13.217075129000136, -5.856808817999877 ], [ 13.218506614000148, -5.856812959999957 ], [ 13.220079519000024, -5.856860690999895 ], [ 13.222462311000186, -5.857171929999879 ], [ 13.224534304000088, -5.857275674999869 ], [ 13.226036499000145, -5.85784627899983 ], [ 13.227849493, -5.858831864999843 ], [ 13.231579080000131, -5.859713703999887 ], [ 13.232358523000073, -5.860371000999976 ], [ 13.232563277000168, -5.860543667999877 ], [ 13.233236675000057, -5.860906777999901 ], [ 13.235468100000048, -5.860898147999933 ], [ 13.236458385, -5.860844542999928 ], [ 13.236544428000116, -5.860839885999894 ], [ 13.237225261000049, -5.860803031999865 ], [ 13.238002259000041, -5.861166140999956 ], [ 13.239245455000059, -5.860439922999944 ], [ 13.242767842000092, -5.859143101999905 ], [ 13.243959238000059, -5.859661830999926 ], [ 13.244736236000051, -5.860284304999936 ], [ 13.246650541000065, -5.859885663999876 ], [ 13.248383148000187, -5.860519478999947 ], [ 13.250390891000109, -5.861093926999956 ], [ 13.252140409000106, -5.861758470999973 ], [ 13.253165989000024, -5.862000122999973 ], [ 13.254493210000021, -5.861637644999973 ], [ 13.256966668000189, -5.863027141999964 ], [ 13.257992247000061, -5.86453746299992 ], [ 13.259138483000015, -5.865020763999951 ], [ 13.260948330000133, -5.864839525999969 ], [ 13.261792925000123, -5.864235398999824 ], [ 13.262818505000041, -5.864356224999938 ], [ 13.263844085000187, -5.865262414999961 ], [ 13.265231634000145, -5.866108190999967 ], [ 13.26667951100012, -5.86653107799998 ], [ 13.268248045000064, -5.867256027999815 ], [ 13.269213296999965, -5.867316439999911 ], [ 13.269258089000118, -5.867400542999974 ], [ 13.269695923000143, -5.86822262599992 ], [ 13.27060084600015, -5.868464274999951 ], [ 13.272893319, -5.868464274999951 ], [ 13.273436272000083, -5.870034991999887 ], [ 13.275668417000134, -5.870699523999974 ], [ 13.279458945000044, -5.871024877999901 ], [ 13.279878492000023, -5.871060888999864 ], [ 13.282002881000039, -5.871243232999916 ], [ 13.288035703000048, -5.870941172999892 ], [ 13.289302596000141, -5.871243232999916 ], [ 13.29008686200018, -5.872149411999942 ], [ 13.291715724000142, -5.872511882999902 ], [ 13.295767233000049, -5.87509970799988 ], [ 13.295972781000046, -5.875242719999903 ], [ 13.299799707000091, -5.878190566999933 ], [ 13.303108534000046, -5.881507374999899 ], [ 13.303175753, -5.881576031999828 ], [ 13.305953186000067, -5.884412885999893 ], [ 13.308125002000168, -5.88550027399998 ], [ 13.309271239000054, -5.88670848199996 ], [ 13.30939189500009, -5.887433404999967 ], [ 13.314941458000021, -5.887745016999816 ], [ 13.315847015000031, -5.88779586499993 ], [ 13.317958502000067, -5.889004066999973 ], [ 13.318156299000179, -5.889139584999896 ], [ 13.319104738000021, -5.889789395999969 ], [ 13.320371632000047, -5.890091446999975 ], [ 13.320744647000083, -5.889881340999921 ], [ 13.321336883000072, -5.889547756999946 ], [ 13.322022852000089, -5.89038729899994 ], [ 13.322422791, -5.890876774999924 ], [ 13.322905417000186, -5.892447427999969 ], [ 13.32320705799998, -5.893293161999964 ], [ 13.324172310000108, -5.893413980999981 ], [ 13.326525110000091, -5.892689065999946 ], [ 13.328274629000134, -5.892991113999926 ], [ 13.329179553000074, -5.893716027999858 ], [ 13.329722506000167, -5.893716027999858 ], [ 13.329916223999987, -5.89335231799987 ], [ 13.330117206000125, -5.892974969999898 ], [ 13.330205132000117, -5.892809884999906 ], [ 13.330748087000188, -5.892205788999945 ], [ 13.331894322999972, -5.892326608999895 ], [ 13.332497605000185, -5.89293070399998 ], [ 13.332497605000185, -5.893595208999898 ], [ 13.333704169000157, -5.893474390999927 ], [ 13.334609092000164, -5.894501350999974 ], [ 13.335091719000047, -5.895165854999902 ], [ 13.335936314000037, -5.894984626999928 ], [ 13.33611729800009, -5.893957666999938 ], [ 13.338832068000158, -5.893534799999941 ], [ 13.340340274000084, -5.894682578999891 ], [ 13.341365854, -5.895951175999869 ], [ 13.342934387000014, -5.896313630999941 ], [ 13.344563250000078, -5.89679690499986 ], [ 13.346373096000093, -5.898186313999872 ], [ 13.347655921000069, -5.899093047999941 ], [ 13.348083042000155, -5.899394948999884 ], [ 13.348424256000158, -5.899636127999941 ], [ 13.349469285, -5.900957927999968 ], [ 13.349570492000112, -5.901085937999824 ], [ 13.350053118000119, -5.902052475999938 ], [ 13.351923293000027, -5.902475336999942 ], [ 13.354638063000095, -5.903260646999968 ], [ 13.356814171000053, -5.903819364999947 ], [ 13.358318085000121, -5.904227180999953 ], [ 13.359886619000065, -5.902414927999928 ], [ 13.359959940000181, -5.90213960799997 ], [ 13.36036924400014, -5.900602668999966 ], [ 13.360429573000033, -5.898125904999972 ], [ 13.360906449000083, -5.896823590999929 ], [ 13.361093183000037, -5.896313630999941 ], [ 13.361182666000104, -5.896083222999948 ], [ 13.361515481000026, -5.895226263999916 ], [ 13.361817122, -5.891178822999962 ], [ 13.362239420000151, -5.88767504499998 ], [ 13.362963358000172, -5.886466839999912 ], [ 13.364940222000143, -5.878813980999894 ], [ 13.366271820000179, -5.876591595999969 ], [ 13.367381485000067, -5.873924721999913 ], [ 13.367529441000045, -5.872813519999909 ], [ 13.368343196000126, -5.871554155999888 ], [ 13.369304905000035, -5.87044294999987 ], [ 13.369378883000138, -5.86925765999996 ], [ 13.370636504000174, -5.868813176999936 ], [ 13.372707879000075, -5.867331559999911 ], [ 13.373806698000124, -5.867001453999876 ], [ 13.374927209000191, -5.866664831999913 ], [ 13.375025468000047, -5.866623401999959 ], [ 13.376332785000159, -5.866072182999915 ], [ 13.377220517000069, -5.865998101999935 ], [ 13.379365870000186, -5.864516477999871 ], [ 13.383434643000101, -5.863923826999951 ], [ 13.385867967000024, -5.864592734999974 ], [ 13.387207505, -5.864960965999899 ], [ 13.389502742000104, -5.865870767999866 ], [ 13.390619441000069, -5.866313412999887 ], [ 13.392755831000045, -5.867183397999952 ], [ 13.393347653000035, -5.867479721999928 ], [ 13.394235385000115, -5.86681299299994 ], [ 13.394679250000138, -5.865775858999825 ], [ 13.395936871, -5.865109127999972 ], [ 13.397342447000142, -5.865331370999911 ], [ 13.398156202000052, -5.865924020999898 ], [ 13.39867404600011, -5.866590749999943 ], [ 13.39867404600011, -5.867553802999851 ], [ 13.39874802300011, -5.86844277299997 ], [ 13.399043934000133, -5.868813176999936 ], [ 13.400301554000123, -5.86851685299996 ], [ 13.401411220000057, -5.867998287999967 ], [ 13.402594862000115, -5.867479721999928 ], [ 13.404222372000163, -5.866220344999931 ], [ 13.405923859000154, -5.865998101999935 ], [ 13.407995234000055, -5.866146263999894 ], [ 13.409474786999965, -5.865479533999974 ], [ 13.411028319000081, -5.865183208999895 ], [ 13.413691516000085, -5.865257290999978 ], [ 13.415836868000156, -5.865405452999823 ], [ 13.417390400000045, -5.865035046999878 ], [ 13.418163990000096, -5.864608976999932 ], [ 13.418570160000172, -5.864099993999901 ], [ 13.421485641000061, -5.863294315999951 ], [ 13.421620638000149, -5.862663452999868 ], [ 13.421890628000085, -5.862302958999976 ], [ 13.42247560900006, -5.862618390999955 ], [ 13.422835597000017, -5.862888761999955 ], [ 13.423080248000133, -5.862868345999971 ], [ 13.424122474, -5.862583725999855 ], [ 13.426149960000089, -5.862030043999937 ], [ 13.427215453000031, -5.86496185999988 ], [ 13.427992120999988, -5.867098934999945 ], [ 13.429000393000138, -5.869873274999918 ], [ 13.429630372000076, -5.870909678999965 ], [ 13.430260351000072, -5.873433089999935 ], [ 13.430305349000093, -5.875235517999954 ], [ 13.430368063000117, -5.875675114999979 ], [ 13.435341672000163, -5.876941571999964 ], [ 13.43888784000012, -5.877844549999907 ], [ 13.443153840000093, -5.877818913999931 ], [ 13.44802140000013, -5.876752591999946 ], [ 13.451466960000118, -5.875694693999947 ], [ 13.456742400000167, -5.874833278999972 ], [ 13.461382063000087, -5.874466779999921 ], [ 13.462773375000097, -5.87435182899992 ], [ 13.469182646000093, -5.873752004999858 ], [ 13.47068527100015, -5.873689659999854 ], [ 13.480094520000023, -5.873448021999934 ], [ 13.487015160000112, -5.875272860999928 ], [ 13.49394192, -5.87792737399991 ], [ 13.505096125000023, -5.88409739399998 ], [ 13.516175520000047, -5.890029473999903 ], [ 13.523506919999988, -5.89247399199985 ], [ 13.531043160000081, -5.89512465699994 ], [ 13.542423840000026, -5.895678235999924 ], [ 13.551150960000029, -5.894588644999942 ], [ 13.5572328, -5.892892763999953 ], [ 13.559772913000131, -5.892065133999949 ], [ 13.560090972000069, -5.891961501999901 ], [ 13.563203123000108, -5.890947485999845 ], [ 13.567529303000128, -5.889550057999941 ], [ 13.571825040000022, -5.888242150999929 ], [ 13.5745894800001, -5.887044981999964 ], [ 13.601017823, -5.894639325999947 ], [ 13.609751400000107, -5.897148948999927 ], [ 13.619179439999982, -5.906802954999876 ], [ 13.623086160000128, -5.905880998999976 ], [ 13.626992160000043, -5.906799011999908 ], [ 13.632964200000117, -5.903576008999948 ], [ 13.64399136000003, -5.902191002999928 ], [ 13.65708348000004, -5.89712385099989 ], [ 13.662827280000101, -5.897350983999956 ], [ 13.6851224400001, -5.906308005999961 ], [ 13.690635480000083, -5.905154975999949 ], [ 13.702585320000082, -5.906757959999879 ], [ 13.708097280000118, -5.903994951999891 ], [ 13.729926240000054, -5.905130953999844 ], [ 13.737735360000158, -5.902825961999895 ], [ 13.742281984000101, -5.894446572999925 ], [ 13.747122360000049, -5.885525659999928 ], [ 13.752289800000028, -5.884882613999935 ], [ 13.7592057600001, -5.883621795999886 ], [ 13.771499753000057, -5.882724259999975 ], [ 13.778358352000112, -5.882119551999949 ], [ 13.786726319000138, -5.881319200999883 ], [ 13.801444920000165, -5.87971024899997 ], [ 13.816722240000161, -5.878886666999961 ], [ 13.829701338000064, -5.876882676999969 ], [ 13.83866748000014, -5.875584977999893 ], [ 13.848436080000113, -5.872600407999869 ], [ 13.857009119999987, -5.869379354999978 ], [ 13.871555640000111, -5.866609704999973 ], [ 13.892766120000033, -5.860874409999894 ], [ 13.906598040000176, -5.858352840999885 ], [ 13.92019488, -5.856320337999932 ], [ 13.930631292000044, -5.85416494999987 ], [ 13.930795579000062, -5.854131019999897 ], [ 13.93235496, -5.853808966999907 ], [ 13.947002246000125, -5.851959687999909 ], [ 13.961637205000159, -5.850094242999944 ], [ 13.966902723000089, -5.849419084999965 ], [ 13.967228667000029, -5.849377290999939 ], [ 13.974583320000079, -5.848434256999894 ], [ 13.988167200000134, -5.844695110999965 ], [ 13.994593451000071, -5.841168753999966 ], [ 14.002712606000159, -5.836822322999978 ], [ 14.006246259000022, -5.834942824999871 ], [ 14.008308480000039, -5.833845956999824 ], [ 14.014482380000175, -5.835963118999928 ], [ 14.020731252000132, -5.838105982999934 ], [ 14.02074524, -5.838127026999928 ], [ 14.023020183000028, -5.838890980999963 ], [ 14.036575433, -5.839567855999917 ], [ 14.038646308000011, -5.84209485599996 ], [ 14.035206183000071, -5.845778855999924 ], [ 14.035898183000143, -5.84876798099998 ], [ 14.038884308000036, -5.848073855999928 ], [ 14.046013433000041, -5.852666980999913 ], [ 14.055201308000051, -5.851967980999973 ], [ 14.055133433000037, -5.851498855999978 ], [ 14.055655933000082, -5.851412730999868 ], [ 14.060477183000046, -5.845522855999889 ], [ 14.062775308000028, -5.845750855999938 ], [ 14.065167933, -5.848323480999966 ], [ 14.065460933000111, -5.84881373099995 ], [ 14.066284183, -5.848385605999965 ], [ 14.067989183000066, -5.848070855999936 ], [ 14.070358433000138, -5.846662980999895 ], [ 14.07131280800013, -5.847457355999893 ], [ 14.07311818300002, -5.848959855999965 ], [ 14.07719143300011, -5.846058605999929 ], [ 14.080233183000075, -5.843891980999956 ], [ 14.08620418300012, -5.841815980999968 ], [ 14.091545183000051, -5.842623855999932 ], [ 14.09677530800019, -5.843415105999952 ], [ 14.103327183000033, -5.842025605999879 ], [ 14.103665308000018, -5.841797855999971 ], [ 14.106876433000082, -5.838113855999893 ], [ 14.110322433000078, -5.838111105999928 ], [ 14.115816433000077, -5.841908730999933 ], [ 14.116301308000175, -5.842243855999925 ], [ 14.12112818300011, -5.843388980999976 ], [ 14.124369183000056, -5.842380605999949 ], [ 14.1273290580001, -5.841542105999963 ], [ 14.130082433000098, -5.838778855999919 ], [ 14.133068308000134, -5.838545855999939 ], [ 14.134379183000135, -5.840246855999965 ], [ 14.135370480000176, -5.841532879999818 ], [ 14.135371523000174, -5.841531790999966 ], [ 14.136989690000064, -5.839842426999837 ], [ 14.139262200000132, -5.837469920999979 ], [ 14.139258243000086, -5.837466480999979 ], [ 14.141104183000039, -5.835546855999951 ], [ 14.142676808000033, -5.837639355999897 ], [ 14.144558433000043, -5.840142855999886 ], [ 14.147315308000145, -5.84036898099987 ], [ 14.149622183000133, -5.847035980999863 ], [ 14.153071308000165, -5.848411980999913 ], [ 14.159962433000032, -5.847713980999913 ], [ 14.160681318000115, -5.846945736999942 ], [ 14.160674353000161, -5.846939881999901 ], [ 14.162714280000102, -5.844722002999958 ], [ 14.163137839000058, -5.84589314699997 ], [ 14.164034855000182, -5.848373390999939 ], [ 14.164049748000082, -5.84837736999998 ], [ 14.164791433000062, -5.850468855999964 ], [ 14.167780183000104, -5.851844855999957 ], [ 14.168921433000037, -5.847013980999975 ], [ 14.172598433000132, -5.847469855999975 ], [ 14.175584308, -5.846776980999948 ], [ 14.177877558000034, -5.844243980999977 ], [ 14.179946308000183, -5.844701980999901 ], [ 14.181177683000158, -5.842072855999902 ], [ 14.181778433000147, -5.840789855999958 ], [ 14.185223308000161, -5.840325855999936 ], [ 14.185223818, -5.840326464999919 ], [ 14.188118405000125, -5.843215683999972 ], [ 14.188114964000135, -5.84323105999988 ], [ 14.188445308000098, -5.843541855999945 ], [ 14.188847991000102, -5.843247488999907 ], [ 14.188835581000149, -5.843228522999937 ], [ 14.191887240000142, -5.84077790799995 ], [ 14.192249851000042, -5.841580102999899 ], [ 14.195110065999984, -5.847907635999945 ], [ 14.199022208000031, -5.856562187999884 ], [ 14.199026748000051, -5.856561888999977 ], [ 14.199264308000181, -5.857097855999882 ], [ 14.197662308000133, -5.861468980999973 ], [ 14.201580183000033, -5.868823980999878 ], [ 14.208016433000182, -5.871115980999889 ], [ 14.211697308, -5.874560980999888 ], [ 14.213995308000108, -5.874097855999878 ], [ 14.21436243300019, -5.873016980999978 ], [ 14.215823308000154, -5.868116855999972 ], [ 14.221336308000161, -5.867650855999955 ], [ 14.222490433000132, -5.870638980999956 ], [ 14.222751529000107, -5.870731725999974 ], [ 14.222763835000023, -5.870719047999899 ], [ 14.226398282000105, -5.871783981999897 ], [ 14.227999308000051, -5.867641984999864 ], [ 14.230440264000038, -5.866416503999972 ], [ 14.230754280000099, -5.866258858999913 ], [ 14.231788386000062, -5.868974940999919 ], [ 14.231392558000152, -5.868995230999928 ], [ 14.233292308000159, -5.872924855999884 ], [ 14.2385843080001, -5.87774798099997 ], [ 14.239055183000119, -5.885336855999981 ], [ 14.252474808000102, -5.877526230999933 ], [ 14.254894433000061, -5.876117980999936 ], [ 14.258113183000091, -5.877033980999897 ], [ 14.258348558000137, -5.877920480999876 ], [ 14.25972630800004, -5.880480855999963 ], [ 14.262484308000182, -5.880937855999946 ], [ 14.263584183000148, -5.877416355999912 ], [ 14.264999308000085, -5.87288498099997 ], [ 14.266834183000128, -5.871502980999935 ], [ 14.273498183000129, -5.872183980999978 ], [ 14.279229308000083, -5.864357980999841 ], [ 14.284049426000138, -5.860900984999887 ], [ 14.286650387000122, -5.865092274999938 ], [ 14.286666639000032, -5.865088225999955 ], [ 14.287044183000035, -5.865726855999924 ], [ 14.288253580000173, -5.86560726099998 ], [ 14.28825647300016, -5.865630207999857 ], [ 14.29722252900001, -5.864914730999885 ], [ 14.297739475000185, -5.864873478999925 ], [ 14.298760439999967, -5.864792007999938 ], [ 14.300034848999985, -5.866395713999964 ], [ 14.302926345000174, -5.8700343349999 ], [ 14.302973202000032, -5.870039406999979 ], [ 14.304055308000045, -5.871454980999943 ], [ 14.306593319000172, -5.877430980999975 ], [ 14.310852480000051, -5.884926893999875 ], [ 14.318504640000072, -5.886343494999949 ], [ 14.320496505000165, -5.886593601999948 ], [ 14.333324400000095, -5.88820432499989 ], [ 14.353072576000159, -5.891900917999862 ], [ 14.360910405000027, -5.893306488999883 ], [ 14.36536800000016, -5.89410587499998 ], [ 14.366530818000115, -5.894352848999972 ], [ 14.378762160000122, -5.896950678999872 ], [ 14.398831355000027, -5.899868096999967 ], [ 14.422530952000102, -5.901944505999893 ], [ 14.445644400000106, -5.903450881999902 ], [ 14.462105874000031, -5.89992381199994 ], [ 14.46597609000014, -5.899240680999981 ], [ 14.46805447800017, -5.898950483999954 ], [ 14.47734024, -5.897653945999878 ], [ 14.481012240000098, -5.894888022999908 ], [ 14.483505610000122, -5.896759975999828 ], [ 14.488399080000022, -5.900433836999866 ], [ 14.498528275000126, -5.90169151099991 ], [ 14.511583800000039, -5.903219449999938 ], [ 14.52497452900019, -5.906220117999965 ], [ 14.55639681800011, -5.914372481999919 ], [ 14.577379200000166, -5.91988730099996 ], [ 14.609742480000079, -5.925496855999938 ], [ 14.609855160000166, -5.91969136899985 ], [ 14.61006108000015, -5.915302168999972 ], [ 14.611550400000056, -5.910774899999979 ], [ 14.619129120000082, -5.905414371999939 ], [ 14.628265920000047, -5.903011143999947 ], [ 14.63043632800003, -5.902119886999913 ], [ 14.631407293000166, -5.90172116899987 ], [ 14.631575614000155, -5.901652049999939 ], [ 14.631648062000124, -5.901622298999882 ], [ 14.631726271000105, -5.901590183999872 ], [ 14.63382677300018, -5.900727630999938 ], [ 14.64108692800005, -5.897758517999932 ], [ 14.646468636000179, -5.895557603999976 ], [ 14.652976551000108, -5.892905485999847 ], [ 14.660170200000152, -5.889973900999848 ], [ 14.680342800000176, -5.880983444999913 ], [ 14.687902023000106, -5.878513576999921 ], [ 14.694711669000071, -5.876288611999939 ], [ 14.697946080000065, -5.875231806999977 ], [ 14.703824297000153, -5.873582542999941 ], [ 14.71018034399998, -5.871799207999914 ], [ 14.716214640000089, -5.870106141999827 ], [ 14.726600217000112, -5.868060940999953 ], [ 14.737270083000112, -5.865959747999852 ], [ 14.744428385000106, -5.864550074999897 ], [ 14.753899440000112, -5.86268494899997 ], [ 14.762045124000167, -5.861614949999876 ], [ 14.776346520000061, -5.859736343999884 ], [ 14.780499457000019, -5.859751985999935 ], [ 14.791718631000151, -5.859794242999953 ], [ 14.804088027999967, -5.859840831999918 ], [ 14.808657703000165, -5.859858043999907 ], [ 14.819029486999966, -5.859897108999974 ], [ 14.829786025000033, -5.86045108199994 ], [ 14.834791486000029, -5.860714576999897 ], [ 14.844583896000074, -5.861230062999937 ], [ 14.866122818000179, -5.862363900999981 ], [ 14.892875443000094, -5.863772190999953 ], [ 14.903385458000059, -5.864325449999967 ], [ 14.928107548000128, -5.86562684699993 ], [ 14.932000395000046, -5.865831769999943 ], [ 14.932972958000164, -5.865882966999891 ], [ 14.937141785, -5.866102417999912 ], [ 14.96511885200016, -5.867575153999951 ], [ 14.98192164000011, -5.868459665999922 ], [ 15.000398313, -5.866313766999838 ], [ 15.001738591999981, -5.866158104999897 ], [ 15.018116811000027, -5.864255914999831 ], [ 15.031599151000023, -5.862690050999959 ], [ 15.063133596000171, -5.859027565999952 ], [ 15.070948200000146, -5.858119955999825 ], [ 15.08083524, -5.860396989999913 ], [ 15.086131200000182, -5.864984910999908 ], [ 15.10697932100004, -5.867621806999978 ], [ 15.10934436000008, -5.86792093899993 ], [ 15.109590088000118, -5.867995128999951 ], [ 15.11218902100012, -5.868011459999877 ], [ 15.112222615000064, -5.867934469999909 ], [ 15.120342422000022, -5.867972642999973 ], [ 15.130329635000066, -5.868019594999907 ], [ 15.131714690000024, -5.868026105999945 ], [ 15.135350100000096, -5.868043196999906 ], [ 15.144559940000022, -5.868086493999954 ], [ 15.15364575600006, -5.868129207999857 ], [ 15.16840958, -5.868198615999916 ], [ 15.171682832000158, -5.868214003999924 ], [ 15.186382044000084, -5.868283107999957 ], [ 15.198845760000154, -5.868341701999952 ], [ 15.223431983000069, -5.871282408999889 ], [ 15.26323290400012, -5.876042880999933 ], [ 15.271921785000018, -5.87708212799987 ], [ 15.295384800000079, -5.879888445999882 ], [ 15.310934640000085, -5.878663291999942 ], [ 15.323195891000182, -5.8787453569999 ], [ 15.364103969000098, -5.878735989999939 ], [ 15.379835400000104, -5.87868121899993 ], [ 15.411489706000111, -5.880726907999929 ], [ 15.431867640000064, -5.882131326999854 ], [ 15.447895200000175, -5.885783631999971 ], [ 15.469677360000105, -5.885929378999947 ], [ 15.487750878000043, -5.883748554999897 ], [ 15.490553040000066, -5.883410433999927 ], [ 15.516645989000097, -5.882460825999942 ], [ 15.523799748000044, -5.882200477999959 ], [ 15.56985217700003, -5.880524473999969 ], [ 15.595992106999972, -5.879573151999921 ], [ 15.615875238000115, -5.879226078999977 ], [ 15.655748175000099, -5.879044330999875 ], [ 15.690426870000181, -5.878886259999945 ], [ 15.74693235899997, -5.878628696999954 ], [ 15.748596269000188, -5.878621112999951 ], [ 15.748598172000072, -5.878621103999933 ], [ 15.750737341000047, -5.87861135299994 ], [ 15.75268568700011, -5.878602471999898 ], [ 15.78072968500004, -5.878431036999928 ], [ 15.795528653000076, -5.878340569999978 ], [ 15.83253541800002, -5.877916608999897 ], [ 15.849513890000082, -5.877722097999879 ], [ 15.911174133000088, -5.875867880999976 ], [ 15.946612548000132, -5.875094949999948 ], [ 16.001281134000124, -5.873952004999978 ], [ 16.011042808000127, -5.873738604999971 ], [ 16.038179565000178, -5.872890961999929 ], [ 16.067007723000131, -5.871990484999969 ], [ 16.09394422600019, -5.871149093999975 ], [ 16.127101101999983, -5.870113400999969 ], [ 16.141273560000059, -5.869705458999874 ], [ 16.141179789000034, -5.869142351999926 ], [ 16.141079056000137, -5.86853744299998 ], [ 16.139431440000067, -5.858643273999974 ], [ 16.144891560000133, -5.858721978999881 ], [ 16.147804863000033, -5.85904127099991 ], [ 16.153728120000096, -5.859690447999981 ], [ 16.163397351000128, -5.859639686999969 ], [ 16.184909710999989, -5.859718581999914 ], [ 16.194880440000134, -5.859862018999877 ], [ 16.207546680000121, -5.86341013099991 ], [ 16.217742878000138, -5.867030348999947 ], [ 16.219045786000095, -5.867492951999964 ], [ 16.222219920000043, -5.868619939999974 ], [ 16.245583316000079, -5.867260087999966 ], [ 16.251118777000045, -5.867017417999875 ], [ 16.257098389000078, -5.866895949999957 ], [ 16.294891100000086, -5.8661289449999 ], [ 16.312160353000138, -5.865779604999943 ], [ 16.336241180000115, -5.86529171199993 ], [ 16.365939840000181, -5.86468999899995 ], [ 16.384330080000154, -5.86756005399991 ], [ 16.391279880000184, -5.874190040999963 ], [ 16.39639008000006, -5.882429994999939 ], [ 16.404469920000167, -5.888359931999958 ], [ 16.414599960000032, -5.892200067999909 ], [ 16.443349920000117, -5.896150069999976 ], [ 16.448370120000163, -5.896219983999913 ], [ 16.448029920000067, -5.895709966999902 ], [ 16.43837004, -5.895050081999898 ], [ 16.433759880000139, -5.891389950999951 ], [ 16.42527, -5.892350116999978 ], [ 16.423650360000124, -5.890972969999893 ], [ 16.422950160000141, -5.887530088999881 ], [ 16.43095044, -5.878524892999963 ], [ 16.432758360000037, -5.871387965999929 ], [ 16.433895954000036, -5.869952902999955 ], [ 16.435501185000021, -5.86792798099998 ], [ 16.439867310000068, -5.868140980999954 ], [ 16.442383310000082, -5.865601980999827 ], [ 16.447445185000106, -5.867190980999851 ], [ 16.44971431, -5.860512980999943 ], [ 16.45477118499997, -5.860952855999926 ], [ 16.460235310000087, -5.849661980999883 ], [ 16.465297434999968, -5.851481980999949 ], [ 16.466467310000041, -5.855846855999971 ], [ 16.468307185000128, -5.856529105999925 ], [ 16.474252310000111, -5.850065980999943 ], [ 16.489395310000191, -5.845175980999954 ], [ 16.494684435000181, -5.846075980999899 ], [ 16.499996310000142, -5.852493980999895 ], [ 16.506899185000066, -5.85476498099996 ], [ 16.511036310000179, -5.855208855999933 ], [ 16.517687435000084, -5.852652980999835 ], [ 16.522764480000149, -5.857690937999962 ], [ 16.529890320000163, -5.858353019999925 ], [ 16.533319849000179, -5.865678172999935 ], [ 16.533289472000035, -5.865683064999871 ], [ 16.534296310000059, -5.867763855999897 ], [ 16.541191435000087, -5.868425980999973 ], [ 16.551780435000126, -5.873213980999935 ], [ 16.559126310000124, -5.871573855999941 ], [ 16.564420435000045, -5.873851855999931 ], [ 16.579120310000121, -5.872642105999944 ], [ 16.587399935000121, -5.875369980999949 ], [ 16.585809810000114, -5.877899855999942 ], [ 16.586740185000053, -5.880199980999919 ], [ 16.588550185000088, -5.880394105999926 ], [ 16.585655435000035, -5.895382980999955 ], [ 16.59125118500009, -5.91375798099989 ], [ 16.596784435000131, -5.918104980999942 ], [ 16.597091160000048, -5.935352021999961 ], [ 16.59907757600007, -5.94251500799993 ], [ 16.599193200000059, -5.942931942999962 ], [ 16.597811290000095, -5.94577277399992 ], [ 16.595505220000121, -5.950513392999937 ], [ 16.591907160000119, -5.957909889999883 ], [ 16.591058720999968, -5.960639482999966 ], [ 16.591058560000079, -5.960639855999887 ], [ 16.589187360000153, -5.966659963999916 ], [ 16.589199435000182, -5.969198355999879 ], [ 16.58922456, -5.974478981999823 ], [ 16.591539185000101, -5.978378981999924 ], [ 16.596145435000039, -5.980888856999911 ], [ 16.603273435000062, -5.981779981999864 ], [ 16.604357810000181, -5.98297135699994 ], [ 16.606044435, -5.984757981999962 ], [ 16.606291310000074, -5.988666981999927 ], [ 16.603098435000163, -5.993968981999956 ], [ 16.599663434999968, -5.996511981999959 ], [ 16.598306185000126, -6.001807981999889 ], [ 16.599712310000029, -6.007779981999931 ], [ 16.606203435, -6.020401981999953 ], [ 16.605776935000108, -6.027270231999978 ], [ 16.605346310000073, -6.034202981999954 ], [ 16.607673360000035, -6.040631991999931 ], [ 16.607265334000033, -6.041490668999927 ], [ 16.60576865400003, -6.044640364999964 ], [ 16.599022200000149, -6.058834870999874 ], [ 16.602012131000151, -6.064556356999958 ], [ 16.602030804000037, -6.064545905999978 ], [ 16.602499435000141, -6.065488856999934 ], [ 16.610084185000119, -6.065917856999931 ], [ 16.618079512000065, -6.062492998999971 ], [ 16.618080149000036, -6.062492321999969 ], [ 16.620488830000113, -6.061460902999897 ], [ 16.620705557000178, -6.061368097999946 ], [ 16.622011440000165, -6.060808905999977 ], [ 16.627989240000034, -6.061244931999966 ], [ 16.629060971000172, -6.062712166999972 ], [ 16.632249032000061, -6.067076701999952 ], [ 16.632269309000037, -6.067048602999932 ], [ 16.63284531, -6.067892981999933 ], [ 16.630342185000131, -6.073421981999957 ], [ 16.625293185000146, -6.075281981999865 ], [ 16.608059309999987, -6.075353981999967 ], [ 16.605327310000121, -6.081343981999964 ], [ 16.606725435000044, -6.08570698199992 ], [ 16.611578310000027, -6.091666106999867 ], [ 16.619171435000055, -6.09370385699998 ], [ 16.63319231000014, -6.09410598199986 ], [ 16.643776310000078, -6.09682098199994 ], [ 16.647926400000131, -6.099792965999939 ], [ 16.64840340000012, -6.103699869999957 ], [ 16.648221866000029, -6.112093726999944 ], [ 16.648206503000097, -6.112090843999965 ], [ 16.648214435000057, -6.112438981999901 ], [ 16.642950559999974, -6.117289981999932 ], [ 16.642513560000054, -6.122579856999891 ], [ 16.645523310000044, -6.127395856999954 ], [ 16.647823435000021, -6.127846856999952 ], [ 16.659528435000027, -6.124347981999904 ], [ 16.663448060000064, -6.127090856999928 ], [ 16.667394560000105, -6.135352981999915 ], [ 16.67062431, -6.137867981999818 ], [ 16.677753810000127, -6.138477856999828 ], [ 16.677754804000074, -6.13847798799992 ], [ 16.678819123000096, -6.138569036999911 ], [ 16.688556438000091, -6.139402079999911 ], [ 16.689421693000043, -6.140023915999961 ], [ 16.689422185000069, -6.140023981999946 ], [ 16.697780310000155, -6.146031856999912 ], [ 16.702640185, -6.153368856999919 ], [ 16.713707435, -6.160909981999907 ], [ 16.721544310000183, -6.165935981999951 ], [ 16.722027310000158, -6.170531856999958 ], [ 16.722027206000121, -6.170532326999933 ], [ 16.719984360000069, -6.176288961999887 ], [ 16.720303329000046, -6.177294900999925 ], [ 16.721149320000166, -6.179962909999972 ], [ 16.721713327000032, -6.180522193999934 ], [ 16.729463060000057, -6.188205856999957 ], [ 16.73086931000006, -6.193946981999943 ], [ 16.725897310000107, -6.212363981999943 ], [ 16.722934185000156, -6.217894856999976 ], [ 16.716064310000093, -6.22344198199994 ], [ 16.710375184999975, -6.235652856999877 ], [ 16.711086310000098, -6.240707856999961 ], [ 16.71827143500019, -6.253322856999944 ], [ 16.718528059999983, -6.259529856999904 ], [ 16.716698159000032, -6.264681972999938 ], [ 16.716049200000043, -6.26650899699996 ], [ 16.714512360000072, -6.27020792299993 ], [ 16.711894678000021, -6.278122898999868 ], [ 16.711918097000137, -6.278140067999971 ], [ 16.711494480000169, -6.279332950999901 ], [ 16.711395030000062, -6.279900504999887 ], [ 16.710353290000057, -6.285845592999976 ], [ 16.710138705000134, -6.287070194999956 ], [ 16.709960768000087, -6.288085652999882 ], [ 16.709478480000143, -6.290837978999889 ], [ 16.710419779000119, -6.293987615999981 ], [ 16.710547075000022, -6.294413553999959 ], [ 16.710645240000019, -6.294742015999873 ], [ 16.710682152000061, -6.294791638999811 ], [ 16.712261124000179, -6.296914353999853 ], [ 16.714538398000116, -6.299975825999923 ], [ 16.714490168000054, -6.300007699999981 ], [ 16.717123435000019, -6.303450981999958 ], [ 16.718769310000084, -6.311720981999883 ], [ 16.71814731000012, -6.326207856999929 ], [ 16.724872435000123, -6.338823981999951 ], [ 16.724897310000131, -6.344111856999916 ], [ 16.722192310000139, -6.356078981999872 ], [ 16.71968231000011, -6.359997856999939 ], [ 16.715780310000184, -6.361393856999882 ], [ 16.699432310000077, -6.355945856999938 ], [ 16.691324185000042, -6.355584606999912 ], [ 16.6900064350001, -6.355525856999918 ], [ 16.690006146000144, -6.355526547999887 ], [ 16.689367283000138, -6.356936878999875 ], [ 16.687502280000103, -6.361053969999944 ], [ 16.687568430000056, -6.361356543999932 ], [ 16.688205282000183, -6.364269517999958 ], [ 16.6882054350001, -6.364269856999897 ], [ 16.690513310000028, -6.366098856999884 ], [ 16.697645309999984, -6.36721898199994 ], [ 16.702491185000099, -6.37133685699996 ], [ 16.703207310000153, -6.376851106999936 ], [ 16.70070636000014, -6.382839857999954 ], [ 16.700702040000124, -6.382845446999966 ], [ 16.699416343000109, -6.384508576999963 ], [ 16.696134328000028, -6.388754049999875 ], [ 16.69179132000005, -6.394371918999923 ], [ 16.690941937000048, -6.397288336999907 ], [ 16.690920044000109, -6.39728070599989 ], [ 16.689981185000136, -6.400586981999936 ], [ 16.690695560000165, -6.405641856999978 ], [ 16.693474310000056, -6.410227981999924 ], [ 16.700374560000057, -6.411118856999849 ], [ 16.713234360000058, -6.4076158499999 ], [ 16.713665786000035, -6.407873905999963 ], [ 16.714597248000189, -6.408431054999937 ], [ 16.715587115000119, -6.409023137999895 ], [ 16.72238572100008, -6.413089606999904 ], [ 16.724300435000032, -6.414234856999826 ], [ 16.729845435000186, -6.419729106999853 ], [ 16.732399435000104, -6.42546498199988 ], [ 16.729669435000176, -6.431913856999927 ], [ 16.726005435000047, -6.434688981999955 ], [ 16.716131310000094, -6.437488856999892 ], [ 16.713152310000169, -6.439800981999895 ], [ 16.71315215400017, -6.439801295999928 ], [ 16.712289185000088, -6.442529606999869 ], [ 16.71111331000003, -6.446246856999949 ], [ 16.713674310000044, -6.453361856999891 ], [ 16.721919935000074, -6.459897356999932 ], [ 16.727522434999969, -6.464337981999961 ], [ 16.732380185000125, -6.470983981999893 ], [ 16.735870435000038, -6.479934106999963 ], [ 16.733143435000045, -6.48661298199994 ], [ 16.727184310000155, -6.49077585699996 ], [ 16.725490685000125, -6.494970231999901 ], [ 16.725137435000022, -6.495842981999829 ], [ 16.727230434999967, -6.500890856999945 ], [ 16.733700310000188, -6.50752898199994 ], [ 16.735725087000105, -6.508502269999894 ], [ 16.735819033000041, -6.508598843999891 ], [ 16.737679162000063, -6.50953820299992 ], [ 16.742907916000149, -6.512178072999859 ], [ 16.742994945000135, -6.512222010999949 ], [ 16.744093755000108, -6.512776709999912 ], [ 16.749680423000143, -6.51559694599996 ], [ 16.749755856999968, -6.51563502599987 ], [ 16.752785507, -6.517164433999938 ], [ 16.752771027000051, -6.517192325999872 ], [ 16.755825185000162, -6.518698981999933 ], [ 16.760679434999986, -6.524194856999884 ], [ 16.763202310000111, -6.531040981999979 ], [ 16.761175310000112, -6.542010981999908 ], [ 16.751178310000171, -6.557796856999971 ], [ 16.749147185000083, -6.565850856999873 ], [ 16.749408310000092, -6.572975981999832 ], [ 16.751278435000017, -6.579174856999884 ], [ 16.757055310000055, -6.58512585699998 ], [ 16.768118185000162, -6.590364981999926 ], [ 16.772743435000052, -6.596322981999947 ], [ 16.776006435, -6.605501856999922 ], [ 16.776056035000067, -6.608150516999956 ], [ 16.776019849000079, -6.60835665899998 ], [ 16.776052614000037, -6.615353119999952 ], [ 16.776115200000049, -6.62871700799991 ], [ 16.776893152000127, -6.631635632999973 ], [ 16.781500435000055, -6.648921981999933 ], [ 16.78774031, -6.655789981999931 ], [ 16.789837310000166, -6.661296981999953 ], [ 16.788067310000088, -6.676245106999886 ], [ 16.789013185000101, -6.681758106999951 ], [ 16.800153435000084, -6.703313981999941 ], [ 16.800710665, -6.703405250999879 ], [ 16.800720768000019, -6.703400349999981 ], [ 16.801454649000107, -6.703512166999928 ], [ 16.811226360000092, -6.705001029999949 ], [ 16.811844479000172, -6.705228883999951 ], [ 16.816742310000166, -6.709217981999871 ], [ 16.82226543500019, -6.710112981999941 ], [ 16.825729310000156, -6.713084981999884 ], [ 16.828750435000131, -6.71973785699987 ], [ 16.83088118500018, -6.732368981999969 ], [ 16.828449435000095, -6.752834981999911 ], [ 16.829864310000175, -6.760413981999932 ], [ 16.832653185000083, -6.76637698199994 ], [ 16.850704309999969, -6.78927985699994 ], [ 16.852226726000026, -6.790290684999889 ], [ 16.852245175, -6.790337996999881 ], [ 16.85276513600013, -6.790695039999946 ], [ 16.854637518000175, -6.791980750999926 ], [ 16.862011200000097, -6.797043937999888 ], [ 16.867568421000101, -6.800504639999872 ], [ 16.867579253000088, -6.800484074999872 ], [ 16.868240309999976, -6.800922981999975 ], [ 16.871711310000137, -6.805274856999972 ], [ 16.873815185000012, -6.812159981999969 ], [ 16.874868310000011, -6.839962856999932 ], [ 16.876281185000153, -6.846850981999978 ], [ 16.879518435000136, -6.850513981999939 ], [ 16.884815435000178, -6.851638856999898 ], [ 16.885538765000149, -6.852074283999968 ], [ 16.885545154000056, -6.852083164999897 ], [ 16.887388079000061, -6.853205060999926 ], [ 16.889836196000033, -6.854695368999955 ], [ 16.894691280000075, -6.857650920999959 ], [ 16.895427527000152, -6.858026940999935 ], [ 16.910349560000157, -6.851294981999956 ], [ 16.915416559999983, -6.852880856999946 ], [ 16.917520310000157, -6.859766106999928 ], [ 16.920526310000184, -6.863198981999915 ], [ 16.932502435000174, -6.865902981999909 ], [ 16.937813185000095, -6.870015106999972 ], [ 16.940366310000059, -6.874828856999954 ], [ 16.941810185000065, -6.887921981999966 ], [ 16.936884435000024, -6.915060981999943 ], [ 16.94381543500009, -6.921463981999921 ], [ 16.947080185000175, -6.930411981999896 ], [ 16.947016685000108, -6.93079152599995 ], [ 16.94700178700009, -6.930802286999949 ], [ 16.946662918000015, -6.932487121999941 ], [ 16.946418022000046, -6.933704721999959 ], [ 16.946261345000096, -6.934483704999934 ], [ 16.945507513999985, -6.93823165699996 ], [ 16.945507439999972, -6.938232020999919 ], [ 16.945093440000051, -6.938885887999902 ], [ 16.940258280000023, -6.946527919999937 ], [ 16.937092440000072, -6.957802003999973 ], [ 16.93874124000007, -6.966066963999936 ], [ 16.950086280000107, -6.980721956999957 ], [ 16.969650480000098, -6.982241899999963 ], [ 16.972891200000163, -6.986132872999917 ], [ 16.973880480000162, -7.000144897999974 ], [ 16.980158160000144, -7.013443888999973 ], [ 16.982738280000092, -7.023311903999911 ], [ 16.980930360000116, -7.030214021999939 ], [ 16.970875199999966, -7.044046025999876 ], [ 16.97070243700017, -7.045252404999928 ], [ 16.970643897000116, -7.045301396999832 ], [ 16.970492870000157, -7.046121071999949 ], [ 16.969307400000105, -7.052555000999917 ], [ 16.969366130000026, -7.05334401999994 ], [ 16.969426839000164, -7.054159636999941 ], [ 16.969551753000189, -7.055836305999833 ], [ 16.970539320000114, -7.06909191699998 ], [ 16.96803444000011, -7.074388939999949 ], [ 16.963682400000096, -7.078543996999827 ], [ 16.960006440000086, -7.079709865999916 ], [ 16.956727810000075, -7.078907107999953 ], [ 16.952635435000104, -7.077904982999883 ], [ 16.948940310000182, -7.075164982999922 ], [ 16.943350310000028, -7.061403982999877 ], [ 16.938974185000063, -7.060734982999975 ], [ 16.931860185000119, -7.064442982999878 ], [ 16.928890185000057, -7.068591857999877 ], [ 16.928045310000073, -7.084219857999869 ], [ 16.9336011850001, -7.091317982999897 ], [ 16.933859396000059, -7.092147913999895 ], [ 16.933904460000065, -7.092166676999966 ], [ 16.934326409000107, -7.093347387999927 ], [ 16.936634160000153, -7.099804958999925 ], [ 16.939976853000076, -7.1116738959999 ], [ 16.939935515, -7.111677167999915 ], [ 16.94038256000016, -7.113113982999948 ], [ 16.942202905000045, -7.114646710999921 ], [ 16.942242574000034, -7.114791605999926 ], [ 16.948240200000157, -7.120201019999968 ], [ 16.948964046000185, -7.121886824999933 ], [ 16.948983249000094, -7.121876264999912 ], [ 16.950315935000049, -7.125020607999943 ], [ 16.950800185000162, -7.126162982999972 ], [ 16.949461310000117, -7.134669857999938 ], [ 16.950428310000177, -7.144314982999958 ], [ 16.953691310000181, -7.152570857999933 ], [ 16.962688435000018, -7.157353857999908 ], [ 16.968933310000068, -7.163528982999878 ], [ 16.970346310000082, -7.170184857999914 ], [ 16.968532310000114, -7.175706982999941 ], [ 16.958446185000014, -7.183564857999954 ], [ 16.954788238000162, -7.188634908999973 ], [ 16.953222236999977, -7.196892156999979 ], [ 16.953218280000101, -7.196913024999958 ], [ 16.953219519000129, -7.19692921799998 ], [ 16.953710364000131, -7.203342519999978 ], [ 16.953710435000062, -7.20334298299997 ], [ 16.95580131000014, -7.207468982999899 ], [ 16.956287350000025, -7.207758835999925 ], [ 16.956250173000058, -7.207802818999937 ], [ 16.95999924, -7.210589932999937 ], [ 16.964916440000081, -7.213072941999883 ], [ 16.966755879000118, -7.214001789999884 ], [ 16.967639330000111, -7.214447897999946 ], [ 16.969218438000041, -7.21534335399997 ], [ 16.975397524000073, -7.219099232999952 ], [ 16.975372011, -7.219139991999953 ], [ 16.980268310000042, -7.222059857999966 ], [ 16.988596185000119, -7.230751857999962 ], [ 16.993146810000155, -7.242361357999926 ], [ 16.993146977000038, -7.242361679999931 ], [ 16.994888280000168, -7.246803930999874 ], [ 16.99728672100008, -7.251172455999836 ], [ 17.003946240000175, -7.263301892999948 ], [ 17.003946297000084, -7.26330230699989 ], [ 17.004902400000049, -7.270189970999922 ], [ 17.00421144000012, -7.275649395999949 ], [ 17.003396650000184, -7.282087133999937 ], [ 17.002022400000158, -7.292945018999944 ], [ 17.00551044000008, -7.30005 ], [ 17.018846280000048, -7.297461996999914 ], [ 17.02438920000003, -7.298199895999971 ], [ 17.024444510000137, -7.298220694999827 ], [ 17.026273665000076, -7.298908530999881 ], [ 17.030830320000064, -7.300622011999906 ], [ 17.034996240000112, -7.305197004999911 ], [ 17.041980240000157, -7.321013916999959 ], [ 17.044429885000056, -7.322809394999922 ], [ 17.049143160000028, -7.326263989999973 ], [ 17.060867668000071, -7.329957065999963 ], [ 17.061359400000072, -7.330111953999904 ], [ 17.072530971000049, -7.341152528999942 ], [ 17.075933280000129, -7.344514888999868 ], [ 17.082393480000121, -7.347470987999941 ], [ 17.087228280000147, -7.347677961999921 ], [ 17.09595828, -7.344419979999941 ], [ 17.101026360000105, -7.345315980999885 ], [ 17.101169981, -7.345375519999948 ], [ 17.10540936000001, -7.347133000999975 ], [ 17.111658240000168, -7.353764896999962 ], [ 17.113294440000175, -7.358580979999942 ], [ 17.112411360000124, -7.366394982999964 ], [ 17.107404480000071, -7.377213892999919 ], [ 17.111852280000051, -7.391893001999961 ], [ 17.108392320000121, -7.417593969999928 ], [ 17.108958202000053, -7.419214317999945 ], [ 17.110168200000146, -7.422679011999946 ], [ 17.113634280000042, -7.425418887999967 ], [ 17.12043292900006, -7.425824144999922 ], [ 17.127910440000164, -7.426269867999849 ], [ 17.132969160000016, -7.424867946999939 ], [ 17.137321200000031, -7.42094200899993 ], [ 17.138872440000171, -7.409220988999891 ], [ 17.140928400000064, -7.406225991999975 ], [ 17.143646156000045, -7.405760013999895 ], [ 17.145069480000075, -7.405515974999958 ], [ 17.14830444, -7.407797925999944 ], [ 17.152965360000053, -7.419259860999887 ], [ 17.154610863000187, -7.420502357999965 ], [ 17.154617573000053, -7.420507424999926 ], [ 17.15690288900015, -7.422233029999973 ], [ 17.160824160000118, -7.425193901999819 ], [ 17.178398619, -7.426662324999882 ], [ 17.17901640000008, -7.426713942999982 ], [ 17.185260240000105, -7.43219594899989 ], [ 17.188513200000159, -7.437693967999962 ], [ 17.188087320000079, -7.444585023999934 ], [ 17.185116240000127, -7.44873393599994 ], [ 17.170614360000172, -7.449032888999966 ], [ 17.162458200000117, -7.452541863999954 ], [ 17.15982048, -7.454137931999867 ], [ 17.153658360000179, -7.464043892999939 ], [ 17.1562464000001, -7.475054954999905 ], [ 17.166650400000094, -7.483732916999941 ], [ 17.174730239999974, -7.48782802799991 ], [ 17.186941440000112, -7.489835991999882 ], [ 17.199882360000061, -7.499419880999881 ], [ 17.204063400000166, -7.50651899199994 ], [ 17.205244199999981, -7.512254940999981 ], [ 17.204771160000121, -7.513604020999935 ], [ 17.203797865000126, -7.516379783999923 ], [ 17.201600169000187, -7.52264737999991 ], [ 17.197984440000084, -7.532958855999823 ], [ 17.198320371000079, -7.534028356999954 ], [ 17.199857160000136, -7.538920986999926 ], [ 17.206096320000142, -7.543023966999954 ], [ 17.209724717000086, -7.549904788999925 ], [ 17.215397280000047, -7.560661903999858 ], [ 17.217537479999976, -7.573742007999954 ], [ 17.217769327999974, -7.574076238999965 ], [ 17.220554280000044, -7.578090995999901 ], [ 17.223231407000128, -7.579741036999906 ], [ 17.225508704000163, -7.581144638999945 ], [ 17.22894547900006, -7.583262870999874 ], [ 17.233490160000088, -7.586063936999949 ], [ 17.234782799000016, -7.591286998999976 ], [ 17.235136440000076, -7.592715919999932 ], [ 17.237455200000056, -7.595919865999974 ], [ 17.242221880000102, -7.596472198999948 ], [ 17.245058400000175, -7.596800875999975 ], [ 17.249927400000161, -7.603436969999962 ], [ 17.255213280000135, -7.601343976999885 ], [ 17.258901480000134, -7.602473983999971 ], [ 17.266306320000183, -7.609098021999841 ], [ 17.273914200000092, -7.611356025999953 ], [ 17.279869095000151, -7.617684532999931 ], [ 17.279936280000072, -7.617755931999966 ], [ 17.280103018000034, -7.617790703999901 ], [ 17.286390360000155, -7.619101848999946 ], [ 17.287246593000191, -7.620053438999889 ], [ 17.28824220000007, -7.62115992299988 ], [ 17.289545125000132, -7.621497008999881 ], [ 17.292942314000129, -7.622375907999981 ], [ 17.296081200000117, -7.623187979999898 ], [ 17.30628648000004, -7.636914880999882 ], [ 17.300354400000174, -7.647047898999915 ], [ 17.298794160000057, -7.656699866999872 ], [ 17.299344226000073, -7.666179143999955 ], [ 17.299406078000061, -7.667245024999943 ], [ 17.299525246000144, -7.669298622999975 ], [ 17.299525753000125, -7.669307353999955 ], [ 17.299806480000143, -7.674145896999903 ], [ 17.299825144000067, -7.677416130999973 ], [ 17.29983924000004, -7.679886010999951 ], [ 17.297636239000099, -7.681689146999929 ], [ 17.292501360000017, -7.685891968999954 ], [ 17.290909440000121, -7.689574013999959 ], [ 17.292312360000039, -7.693700891999981 ], [ 17.30015928, -7.697104983999907 ], [ 17.300359486000048, -7.697302492999938 ], [ 17.30451244600016, -7.701399496999898 ], [ 17.306411400000059, -7.703272851999827 ], [ 17.312669679000123, -7.70074072299991 ], [ 17.314453440000023, -7.700019002999966 ], [ 17.317451160000076, -7.700923011999976 ], [ 17.317977859000052, -7.70224460299994 ], [ 17.319421430000034, -7.705866783999966 ], [ 17.319551400000137, -7.706192900999952 ], [ 17.319434221000108, -7.706753183999922 ], [ 17.319334384000115, -7.707230546999881 ], [ 17.31820536000015, -7.712628865999875 ], [ 17.31983544000019, -7.716294958999981 ], [ 17.323299360000078, -7.718113974999881 ], [ 17.325832320000075, -7.717872891999889 ], [ 17.326973160000136, -7.716029945999935 ], [ 17.328754968000112, -7.716415069999925 ], [ 17.331123240000124, -7.716926953999973 ], [ 17.332071480000081, -7.721973954999953 ], [ 17.328672360000041, -7.732322954999916 ], [ 17.328708360000178, -7.73921101499991 ], [ 17.326887480000153, -7.742892944999937 ], [ 17.322245461000023, -7.747408443999973 ], [ 17.320244400000092, -7.749354949999884 ], [ 17.319809160000148, -7.754178887999956 ], [ 17.321443199999976, -7.758532973999877 ], [ 17.3295273600001, -7.762625957999887 ], [ 17.33529555500013, -7.768769224999971 ], [ 17.336770866000052, -7.770340232999843 ], [ 17.344118160000107, -7.778164893999929 ], [ 17.349062499000013, -7.780360714999915 ], [ 17.351274240000123, -7.78134296199994 ], [ 17.378706240000042, -7.786026007999965 ], [ 17.384939280000083, -7.788978864999933 ], [ 17.38729468300005, -7.791303165999977 ], [ 17.387856882999984, -7.791857940999876 ], [ 17.388412200000062, -7.792405922999933 ], [ 17.390987280000104, -7.79996895499994 ], [ 17.385534360000122, -7.813541854999869 ], [ 17.386621933000129, -7.820251215999974 ], [ 17.386724159999972, -7.820881864999933 ], [ 17.391805200000135, -7.823381888999961 ], [ 17.396639280000045, -7.822669 ], [ 17.403528240000185, -7.819189881999932 ], [ 17.406764869000028, -7.819531753999968 ], [ 17.40767616, -7.81962800999986 ], [ 17.410917240000117, -7.822595978999914 ], [ 17.411630399999979, -7.826724928999965 ], [ 17.409118320000175, -7.830869011999937 ], [ 17.402693400000032, -7.835035011999935 ], [ 17.401997178000158, -7.837297297999953 ], [ 17.401561200000174, -7.838713945999928 ], [ 17.402960160000077, -7.841690882999956 ], [ 17.405271359999972, -7.843056963999913 ], [ 17.40895128, -7.842350001999876 ], [ 17.413080480000076, -7.839114918999883 ], [ 17.420210280000049, -7.837240911999913 ], [ 17.427582360000031, -7.837662952999949 ], [ 17.429485629000055, -7.839980944999979 ], [ 17.431524360000026, -7.842463901999963 ], [ 17.431308360000116, -7.845449022999958 ], [ 17.424009360000184, -7.85811301099983 ], [ 17.422541531000149, -7.863717346999977 ], [ 17.422203240000101, -7.865008968999916 ], [ 17.42476248000014, -7.869586989999902 ], [ 17.433309240000142, -7.874364001999936 ], [ 17.445509280000067, -7.872694909999836 ], [ 17.449644378000073, -7.876122979999877 ], [ 17.450111258000163, -7.876510029999906 ], [ 17.452007279999975, -7.878081854999948 ], [ 17.453146320000087, -7.879312861999949 ], [ 17.455011480000053, -7.883434991999934 ], [ 17.455497480000133, -7.888253967999958 ], [ 17.454145320000123, -7.89331101199997 ], [ 17.447284440000033, -7.902529021999896 ], [ 17.443880280000087, -7.911498892999816 ], [ 17.44140636000003, -7.922299887999884 ], [ 17.441662259000168, -7.92365909199998 ], [ 17.442356400000108, -7.927345977999948 ], [ 17.445600360000128, -7.931230948999882 ], [ 17.45162485700007, -7.934967696999877 ], [ 17.451841320000142, -7.935101959999884 ], [ 17.456550537000112, -7.94180296199994 ], [ 17.458109280000031, -7.944020957999953 ], [ 17.461805400000117, -7.945838966999929 ], [ 17.46848316400002, -7.94518530299996 ], [ 17.471704320000129, -7.944869993999873 ], [ 17.470558440000161, -7.945793989999856 ], [ 17.471266200000116, -7.948773892999952 ], [ 17.470091284000034, -7.951073491999978 ], [ 17.46914489500017, -7.9529257989999 ], [ 17.46762120000011, -7.955908010999849 ], [ 17.468330400000184, -7.959578001999944 ], [ 17.472488400000145, -7.961621888999844 ], [ 17.478439200000082, -7.954704006999975 ], [ 17.484405480000135, -7.95054297799993 ], [ 17.486969613000099, -7.950870016999829 ], [ 17.487863280000056, -7.950983997999913 ], [ 17.489952360000075, -7.953956902999948 ], [ 17.490900240000144, -7.95854195499993 ], [ 17.488493280000114, -7.981278867999833 ], [ 17.487277866000113, -7.986090554999976 ], [ 17.483764319999977, -7.99999995599984 ], [ 17.485641360000045, -8.001691008999956 ], [ 17.495603280000068, -8.00425095199995 ], [ 17.504401913000038, -8.010848345999932 ], [ 17.507539440000187, -8.013200900999891 ], [ 17.510344481, -8.016256013999907 ], [ 17.516052700000103, -8.022473051999953 ], [ 17.528042159999984, -8.035530915999971 ], [ 17.532592200000067, -8.043938967999964 ], [ 17.531076240000061, -8.048791895999955 ], [ 17.527763689000153, -8.04694430099994 ], [ 17.52431544, -8.045021009999971 ], [ 17.517198240000027, -8.046540930999981 ], [ 17.513971200000185, -8.058088968999925 ], [ 17.512157129000059, -8.060200013999975 ], [ 17.504734320000068, -8.068837860999963 ], [ 17.503484400000048, -8.075522003999936 ], [ 17.505476280000039, -8.082833003999951 ], [ 17.511305279000112, -8.084814679999965 ], [ 17.520528514000034, -8.087950269999965 ], [ 17.52335136, -8.088909937999858 ], [ 17.528265359999978, -8.092487899999981 ], [ 17.529377400000158, -8.101882972999874 ], [ 17.531098742000154, -8.103587070999936 ], [ 17.543024280000111, -8.115392939999936 ], [ 17.560333439999965, -8.127450987999907 ], [ 17.582966280000164, -8.129064968999955 ], [ 17.61131844, -8.128493019999894 ], [ 17.630579160000082, -8.12305091099995 ], [ 17.644479479999973, -8.1149599499999 ], [ 17.661230280000041, -8.110944022999888 ], [ 17.685249480000039, -8.101495997999848 ], [ 17.698046528000134, -8.099840474999894 ], [ 17.72112420000019, -8.096854952999877 ], [ 17.725307322999981, -8.096642475999886 ], [ 17.728725240000074, -8.096468865999896 ], [ 17.730303000000106, -8.096741835999921 ], [ 17.737035162000041, -8.097906572999932 ], [ 17.748151332000191, -8.099829783999894 ], [ 17.756916419000049, -8.101346226999965 ], [ 17.75719224, -8.101393945999916 ], [ 17.783718480000118, -8.112786965999874 ], [ 17.796823200000119, -8.110906913999941 ], [ 17.805294360000062, -8.10797388799989 ], [ 17.812101240000175, -8.102777881999941 ], [ 17.817939360000082, -8.095304891999888 ], [ 17.825237280000124, -8.091476995999869 ], [ 17.847933480000052, -8.085258971999849 ], [ 17.878286160000187, -8.081402966999917 ], [ 17.885000160000061, -8.078999991999979 ], [ 17.901483005000046, -8.079549450999934 ], [ 17.916810801000167, -8.080000043999917 ], [ 17.92400004000018, -8.080000043999917 ], [ 17.93329979300006, -8.081162477999897 ], [ 17.936608629999967, -8.081576068999937 ], [ 17.939999880000073, -8.081999960999951 ], [ 17.958999960000085, -8.090999910999926 ], [ 17.971999920000144, -8.10899991499997 ], [ 17.982, -8.112999982999895 ], [ 17.996307027, -8.101077527999962 ], [ 18.000000000000114, -8.098000008999975 ], [ 18.024514131000103, -8.09824515199989 ], [ 18.047114679000117, -8.098471157999938 ], [ 18.057866199000102, -8.098578673999953 ], [ 18.078969771000061, -8.098789709999835 ], [ 18.100000080000086, -8.099000012999909 ], [ 18.10080173200015, -8.095793304999972 ], [ 18.102999960000147, -8.086999977999938 ], [ 18.087000120000027, -8.067999970999949 ], [ 18.095000040000116, -8.054999961999954 ], [ 18.097999920000177, -8.039999945999909 ], [ 18.114000120000071, -8.037000017999958 ], [ 18.124420384000018, -8.036007624999911 ], [ 18.132175493000148, -8.035269050999887 ], [ 18.135, -8.035000052999919 ], [ 18.153, -8.008999965999919 ], [ 18.181000080000047, -7.99999995599984 ], [ 18.193729937, -7.997272174999921 ], [ 18.206730323000102, -7.994486406999897 ], [ 18.209000160000073, -7.994000015999973 ], [ 18.209459713000172, -7.993712797999933 ], [ 18.217000080000105, -7.989000085999976 ], [ 18.227000160000102, -7.989000085999976 ], [ 18.235000080000134, -7.990999921999901 ], [ 18.241999920000012, -7.992999926999914 ], [ 18.25200000000018, -7.994000015999973 ], [ 18.261, -7.994000015999973 ], [ 18.26600004, -7.992999926999914 ], [ 18.27500004, -7.989000085999976 ], [ 18.28500012, -7.98799998599992 ], [ 18.294000120000021, -7.98799998599992 ], [ 18.300999960000127, -7.990000005999946 ], [ 18.308000160000063, -7.994000015999973 ], [ 18.302509064999981, -7.998118160999923 ], [ 18.301521607000041, -7.998858718999827 ], [ 18.299999880000144, -7.99999995599984 ], [ 18.302000040000053, -8.002999980999903 ], [ 18.302000040000053, -8.011999924999827 ], [ 18.303999840000188, -8.014000003999911 ], [ 18.312999839999975, -8.017999953999947 ], [ 18.318999960000156, -8.017999953999947 ], [ 18.324000000000126, -8.012999965999882 ], [ 18.326000160000092, -8.012999965999882 ], [ 18.330000120000079, -8.014000003999911 ], [ 18.33099984, -8.018999978999943 ], [ 18.35399988000006, -8.02700009699987 ], [ 18.358999920000031, -8.026000089999911 ], [ 18.365000039999984, -8.021000022999942 ], [ 18.375999840000077, -8.02700009699987 ], [ 18.385999920000074, -8.017999953999947 ], [ 18.389999880000119, -8.017000103999919 ], [ 18.398000159999981, -8.012999965999882 ], [ 18.39544304400016, -8.008251216999895 ], [ 18.390999960000102, -7.99999995599984 ], [ 18.442877594000038, -7.99999995599984 ], [ 18.504767805000085, -7.99999995599984 ], [ 18.510835472000053, -7.99999995599984 ], [ 18.527000040000075, -7.99999995599984 ], [ 18.528000120000058, -7.996000004999928 ], [ 18.530266751999989, -7.994488865999926 ], [ 18.53100000000012, -7.994000015999973 ], [ 18.533000160000029, -7.972000004999927 ], [ 18.54496188000013, -7.963182816999961 ], [ 18.555684120000024, -7.948382844999912 ], [ 18.55815804000008, -7.93358304599991 ], [ 18.577677416000085, -7.932563895999976 ], [ 18.603841121000073, -7.931197825999902 ], [ 18.630264361, -7.929818200999875 ], [ 18.659436160000098, -7.928295060999972 ], [ 18.68563373600017, -7.926927207999938 ], [ 18.713048663000166, -7.92549578899991 ], [ 18.72952377200005, -7.924635569999964 ], [ 18.745780959000058, -7.923786726999822 ], [ 18.758101214000078, -7.923143443999948 ], [ 18.763276045000055, -7.922873247999974 ], [ 18.763284659000021, -7.922872797999958 ], [ 18.763292049000142, -7.922872411999947 ], [ 18.763302399999986, -7.922871871999973 ], [ 18.76624095000011, -7.922718439999869 ], [ 18.780000120000125, -7.922000022999953 ], [ 18.781999920000032, -7.927999961999888 ], [ 18.781999920000032, -7.938000017999968 ], [ 18.783000000000186, -7.945000106999885 ], [ 18.783000000000186, -7.958999921999975 ], [ 18.779000040000142, -7.959999915999845 ], [ 18.777999960000159, -7.964000044999977 ], [ 18.780000120000125, -7.966999981999948 ], [ 18.78599988000002, -7.968999926999857 ], [ 18.790999920000047, -7.981000105999954 ], [ 18.799999920000062, -7.992999926999914 ], [ 18.799999920000062, -7.99999995599984 ], [ 18.855275414000175, -7.99999995599984 ], [ 18.922543887000188, -7.99999995599984 ], [ 18.986071375000051, -7.99999995599984 ], [ 19.056942279, -7.99999995599984 ], [ 19.11104802400007, -7.99999995599984 ], [ 19.11437334500016, -7.99999995599984 ], [ 19.188015350000114, -7.99999995599984 ], [ 19.262419408000028, -7.99999995599984 ], [ 19.326778226000101, -7.99999995599984 ], [ 19.371462227000052, -7.99999995599984 ], [ 19.379153157000133, -7.999877588999937 ], [ 19.383653641000024, -7.999770718999969 ], [ 19.383925427000122, -7.999764264999953 ], [ 19.435683959000187, -7.998535179999976 ], [ 19.4406318, -7.979626099999962 ], [ 19.436508359000186, -7.958249612999964 ], [ 19.427160523000168, -7.954693270999883 ], [ 19.373888111000042, -7.934425427999884 ], [ 19.35884191800011, -7.92870081999996 ], [ 19.356999840000071, -7.927999961999888 ], [ 19.356999840000071, -7.92116722999998 ], [ 19.356999840000071, -7.916815785999916 ], [ 19.356999840000071, -7.913000039999929 ], [ 19.35399996000001, -7.908000002999927 ], [ 19.346000039000103, -7.90400003499991 ], [ 19.343000159000042, -7.901999947999911 ], [ 19.343000159000042, -7.899000065999928 ], [ 19.346000039000103, -7.895000010999979 ], [ 19.347999840000057, -7.883999968999944 ], [ 19.352013806, -7.881491317999973 ], [ 19.356000120000147, -7.878999933999978 ], [ 19.35500004, -7.866999954999812 ], [ 19.36400004, -7.861000012999966 ], [ 19.364860525000097, -7.850675064999905 ], [ 19.365000120000161, -7.849000041999943 ], [ 19.361999880000099, -7.833999896999899 ], [ 19.361999880000099, -7.823835746999919 ], [ 19.361999880000099, -7.8179497349999 ], [ 19.361999880000099, -7.811999992999858 ], [ 19.365000120000161, -7.805999961999817 ], [ 19.370000160000131, -7.802000070999952 ], [ 19.379999879000025, -7.788000056999977 ], [ 19.383999839000069, -7.785999940999943 ], [ 19.384428331000152, -7.785571488999949 ], [ 19.387000079000131, -7.783000102999893 ], [ 19.385999999000148, -7.77400010599996 ], [ 19.389999959000022, -7.772000099999957 ], [ 19.391000039000176, -7.768999983999947 ], [ 19.389999959000022, -7.757999964999954 ], [ 19.393999919, -7.742999907999888 ], [ 19.397000159000129, -7.736000124999975 ], [ 19.397999880000157, -7.73100008099982 ], [ 19.398999959000037, -7.722000027999968 ], [ 19.401000119000116, -7.719000085999937 ], [ 19.401000119000116, -7.714000015999943 ], [ 19.401999839999974, -7.709000064999941 ], [ 19.407999960000097, -7.704000052999959 ], [ 19.40900004000008, -7.700999982999974 ], [ 19.408613829000046, -7.697331355999893 ], [ 19.406999880000171, -7.682000044999882 ], [ 19.401000119000116, -7.674999953999873 ], [ 19.398999959000037, -7.665999945999943 ], [ 19.397999880000157, -7.650999981999973 ], [ 19.394999999000163, -7.645999993999908 ], [ 19.387000079000131, -7.637000079999893 ], [ 19.384999919, -7.627999974999966 ], [ 19.378000080000049, -7.617000001999941 ], [ 19.374000120000176, -7.608000005999941 ], [ 19.369571244000042, -7.585855842999933 ], [ 19.369000080000035, -7.582999966999978 ], [ 19.370698973000174, -7.582073298999887 ], [ 19.379999879000025, -7.577000046999956 ], [ 19.380483558000151, -7.575549088999878 ], [ 19.380999959000178, -7.573999964999871 ], [ 19.380999959000178, -7.568999960999975 ], [ 19.409367938000173, -7.569700433999969 ], [ 19.446123143000079, -7.570608005999816 ], [ 19.461999960000014, -7.571000040999934 ], [ 19.465982564000058, -7.570336260999966 ], [ 19.468000079999968, -7.570000000999869 ], [ 19.473999838999987, -7.567000048999887 ], [ 19.479999959000168, -7.560999902999924 ], [ 19.483999918999984, -7.556000102999974 ], [ 19.484999999000138, -7.553000051999959 ], [ 19.482000119000077, -7.551000065999972 ], [ 19.482999839, -7.545000050999931 ], [ 19.484999999000138, -7.541999922999935 ], [ 19.493999999000152, -7.53299994799994 ], [ 19.492999919, -7.524999929999979 ], [ 19.488404335999974, -7.513510978999875 ], [ 19.487801782000076, -7.512004573999945 ], [ 19.484999999000138, -7.504999945999941 ], [ 19.486000079000121, -7.503000092999912 ], [ 19.496000159000118, -7.500000027999931 ], [ 19.503491620000091, -7.494849602999921 ], [ 19.512000000000114, -7.488999966999927 ], [ 19.517000040000084, -7.484000040999945 ], [ 19.522000080000055, -7.474000014999945 ], [ 19.536999839000089, -7.469000093999966 ], [ 19.541999879000116, -7.469000093999966 ], [ 19.549000079000052, -7.474000014999945 ], [ 19.550000158999978, -7.47200001799996 ], [ 19.550000158999978, -7.4700000119999 ], [ 19.545000119000179, -7.457000010999877 ], [ 19.53933594800003, -7.451336051999931 ], [ 19.536999839000089, -7.449000008999917 ], [ 19.528999919000057, -7.446999895999966 ], [ 19.526000039, -7.444999952999979 ], [ 19.527000120000082, -7.435999913999979 ], [ 19.532000159000177, -7.434999916999914 ], [ 19.532999879000101, -7.432000093999932 ], [ 19.529454531, -7.430227390999903 ], [ 19.521000000000129, -7.425000008999916 ], [ 19.519939138999973, -7.421994350999853 ], [ 19.515203189000033, -7.408576086999915 ], [ 19.514883616000134, -7.407767527999908 ], [ 19.510555764000173, -7.399112078999963 ], [ 19.50063534700007, -7.379271181999968 ], [ 19.499697081000079, -7.37739459699992 ], [ 19.49882012300003, -7.375640623999971 ], [ 19.498384919000046, -7.374770184999875 ], [ 19.496999879000043, -7.371999995999886 ], [ 19.493999999000152, -7.367999945999941 ], [ 19.497530965000124, -7.363586293999901 ], [ 19.497999959000026, -7.363000054999873 ], [ 19.500000119000106, -7.358000106999896 ], [ 19.502999999000167, -7.354999931999942 ], [ 19.500999839000031, -7.34499997599994 ], [ 19.500999839000031, -7.342000070999973 ], [ 19.497999959000026, -7.341000037999947 ], [ 19.496826654000188, -7.337871119999932 ], [ 19.495000079000135, -7.333000049999953 ], [ 19.496000159000118, -7.331000118999953 ], [ 19.490000039000108, -7.322999950999872 ], [ 19.487000159000104, -7.312999980999905 ], [ 19.491758248000053, -7.308241606999957 ], [ 19.491999839000016, -7.308 ], [ 19.488064347000034, -7.302096722999977 ], [ 19.487999879000029, -7.302000020999969 ], [ 19.488064144000077, -7.301742984999919 ], [ 19.488130082000055, -7.301479256999869 ], [ 19.488999959000182, -7.298000047999949 ], [ 19.492999919, -7.295000000999892 ], [ 19.491999839000016, -7.28999999399997 ], [ 19.495000079000135, -7.287000070999909 ], [ 19.493461682000088, -7.277001259999963 ], [ 19.492999919, -7.273999989999879 ], [ 19.493898333000118, -7.26681330599996 ], [ 19.493999999000152, -7.266000038999834 ], [ 19.496999879000043, -7.258999985999935 ], [ 19.500000119000106, -7.256999898999879 ], [ 19.500999839000031, -7.252000000999828 ], [ 19.500000119000106, -7.244000011999958 ], [ 19.501805737000097, -7.237981091999927 ], [ 19.501807304000181, -7.237975866999875 ], [ 19.502999999000167, -7.234000044999959 ], [ 19.502374307000082, -7.233165748999966 ], [ 19.500000119000106, -7.229999995999947 ], [ 19.500999839000031, -7.227000023999892 ], [ 19.50400007900015, -7.219999893999955 ], [ 19.503692904000047, -7.21815702299989 ], [ 19.503309982000133, -7.215859707999869 ], [ 19.502999999000167, -7.213999975999911 ], [ 19.503388875000041, -7.213027862999979 ], [ 19.505000159000133, -7.208999952999932 ], [ 19.504425366000078, -7.207706776999885 ], [ 19.501611654000158, -7.201376403999973 ], [ 19.500999839000031, -7.199999912999942 ], [ 19.501674006000144, -7.19764052499994 ], [ 19.502999999000167, -7.192999896999936 ], [ 19.501999919000014, -7.190000034999969 ], [ 19.497999959000026, -7.183999892999907 ], [ 19.497098234000077, -7.181294517999959 ], [ 19.496000159000118, -7.178000028999975 ], [ 19.496999879000043, -7.174000015999923 ], [ 19.500365167000098, -7.171756511999945 ], [ 19.502999999000167, -7.16999996699991 ], [ 19.503938947000051, -7.163803137999935 ], [ 19.504143713000133, -7.162451722999947 ], [ 19.50564312400013, -7.152555768999946 ], [ 19.506183062, -7.148992184999884 ], [ 19.507170939000105, -7.142472130999977 ], [ 19.507920562999971, -7.137524505999977 ], [ 19.508000038999967, -7.136999947999925 ], [ 19.516482106000069, -7.122459493999941 ], [ 19.522000080000055, -7.113000011999929 ], [ 19.524788662000049, -7.10666233399985 ], [ 19.528705471000023, -7.097760359999938 ], [ 19.532999879000101, -7.087999992999926 ], [ 19.537999919000072, -7.081000027999892 ], [ 19.544778942000107, -7.075189474999888 ], [ 19.551999959000113, -7.068999990999828 ], [ 19.559000159, -7.058999896999921 ], [ 19.563000119000037, -7.057999946999871 ], [ 19.563000119000037, -7.056999993999909 ], [ 19.559821234000026, -7.051635805999979 ], [ 19.557327137000129, -7.047427113999959 ], [ 19.546999919000086, -7.02999992499997 ], [ 19.544000039000025, -7.012000067999963 ], [ 19.544000039000025, -6.999000111999976 ], [ 19.551383238000142, -6.99906163199995 ], [ 19.587651610000023, -6.999363838999898 ], [ 19.593965722, -6.999416450999888 ], [ 19.618858413000055, -6.999623868999834 ], [ 19.631895946999975, -6.99973250499994 ], [ 19.648514462000037, -6.999870977999933 ], [ 19.663999920000037, -7.000000010999941 ], [ 19.666092528000149, -7.000174404999882 ], [ 19.676000159000012, -7.001000086999909 ], [ 19.689721610000163, -7.000085332999902 ], [ 19.690368226000032, -7.000042224999959 ], [ 19.706000039000116, -6.999000111999976 ], [ 19.719795496000188, -6.999000111999976 ], [ 19.758500863000165, -6.999000111999976 ], [ 19.794399352000084, -6.999000111999976 ], [ 19.798757399000181, -6.999000111999976 ], [ 19.819000079000091, -6.999000111999976 ], [ 19.823573024000041, -6.998695218999899 ], [ 19.833999839000057, -6.998000030999947 ], [ 19.859062118999987, -6.999474259999886 ], [ 19.862884607000069, -6.999699107999902 ], [ 19.868000039000037, -7.000000010999941 ], [ 19.879307405000191, -7.000000010999941 ], [ 19.890387185000122, -7.000000010999941 ], [ 19.911143308000021, -7.000000010999941 ], [ 19.920080727000141, -6.999940588999834 ], [ 19.92861249900011, -6.99981635499995 ], [ 19.930036716000075, -6.999795615999915 ], [ 19.939875089000111, -6.999652355999956 ], [ 19.955836890000171, -6.999419929999931 ], [ 19.955616823000184, -6.999832290999848 ], [ 19.952579160000084, -7.005519990999971 ], [ 19.954395360000092, -7.009895859999915 ], [ 19.958063400000185, -7.0124449139999 ], [ 19.970712360000107, -7.012977939999928 ], [ 19.983122694000031, -7.013372470999968 ], [ 19.988424360000124, -7.013541013999884 ], [ 19.99854883800009, -7.014048215999935 ], [ 20.021109237000076, -7.015178413999934 ], [ 20.043314588000158, -7.016290821999974 ], [ 20.067934680000121, -7.017524196999943 ], [ 20.085075470000106, -7.017394626999874 ], [ 20.113675708000017, -7.017178433999959 ], [ 20.136016363000124, -7.017009556999938 ], [ 20.166364815000122, -7.016780147999953 ], [ 20.193312891000119, -7.016576442999963 ], [ 20.216556720000142, -7.016400738999891 ], [ 20.257598005000148, -7.013118790999954 ], [ 20.297100240000191, -7.009959894999895 ], [ 20.299047480000183, -7.003564930999971 ], [ 20.30212149700003, -7.000635159999945 ], [ 20.303663136000125, -6.999165852999965 ], [ 20.305519200000049, -6.997396868999942 ], [ 20.306234520000089, -6.992574943999955 ], [ 20.304413280000063, -6.988658982999937 ], [ 20.304559078000011, -6.9858995539999 ], [ 20.304668160000176, -6.983834998999953 ], [ 20.307390558000179, -6.980202593999877 ], [ 20.3092992, -6.97765593999992 ], [ 20.312129169000116, -6.96223581299995 ], [ 20.31237432000006, -6.960899994999977 ], [ 20.312465312000143, -6.960741118999977 ], [ 20.31539148000013, -6.955631895999943 ], [ 20.311235280000176, -6.9487229369999 ], [ 20.311945021000156, -6.944625280999901 ], [ 20.312946360000126, -6.938844026999902 ], [ 20.314473430000191, -6.93843644999987 ], [ 20.315479320000122, -6.938167976999921 ], [ 20.315853469000103, -6.933182876999922 ], [ 20.315902320000134, -6.932531982999933 ], [ 20.315179080000121, -6.928036412999916 ], [ 20.315791071999968, -6.927989031999971 ], [ 20.315791499999989, -6.927988998999979 ], [ 20.316013499000178, -6.927971811999896 ], [ 20.318877999000051, -6.927750041999957 ], [ 20.319978945000173, -6.927664801999981 ], [ 20.321597629000166, -6.92753948099994 ], [ 20.325396955000144, -6.927245331999927 ], [ 20.334739882000179, -6.926521989999912 ], [ 20.335991375000049, -6.926425097999982 ], [ 20.336337283000091, -6.926405921999901 ], [ 20.34025231600009, -6.926358250999954 ], [ 20.344714552000028, -6.926303916999927 ], [ 20.35021594400007, -6.926236929999959 ], [ 20.353823791000082, -6.926328577999925 ], [ 20.363696831000027, -6.926607769999919 ], [ 20.375474376000113, -6.926940816999945 ], [ 20.384009364000178, -6.927182169999924 ], [ 20.394355667000127, -6.927682328999936 ], [ 20.408820893999973, -6.928393030999928 ], [ 20.416133527999989, -6.928752312999904 ], [ 20.429184960000043, -6.929393550999919 ], [ 20.449054720000049, -6.92864239499994 ], [ 20.473839727000041, -6.927705420999871 ], [ 20.478164400000026, -6.927541930999951 ], [ 20.488497480000035, -6.931271996999953 ], [ 20.495397239999988, -6.931538019999834 ], [ 20.503929240000048, -6.927215973999978 ], [ 20.522115359999987, -6.92409289099993 ], [ 20.534328360000131, -6.919789918999811 ], [ 20.546524440000098, -6.918932969999958 ], [ 20.565759279000076, -6.921001731999979 ], [ 20.57035932000008, -6.92149647899987 ], [ 20.585638584000037, -6.923406557999897 ], [ 20.61038556, -6.926500190999889 ], [ 20.621912101000078, -6.931953817999954 ], [ 20.621912400000042, -6.931953959999873 ], [ 20.621193480000045, -6.936538940999981 ], [ 20.622043012000177, -6.939179977999913 ], [ 20.622176863000163, -6.939596091999874 ], [ 20.624376300000165, -6.946433651999939 ], [ 20.624601240000118, -6.947132936999878 ], [ 20.62110924000018, -6.956305952999912 ], [ 20.622456476000082, -6.960014372999979 ], [ 20.622698280000066, -6.960679962999905 ], [ 20.622464122000054, -6.961270947999935 ], [ 20.619177480000076, -6.969565958999908 ], [ 20.619114480000178, -6.970097959999976 ], [ 20.619869400000084, -6.975370903999874 ], [ 20.612331360000098, -6.984213863999969 ], [ 20.610800280000035, -6.996003976999816 ], [ 20.608722360000058, -6.99760293099996 ], [ 20.599289280000107, -6.998013982999964 ], [ 20.591200439999966, -7.005784897999945 ], [ 20.586162240000021, -7.016520936999882 ], [ 20.585617200000058, -7.018235009999955 ], [ 20.585365200000183, -7.023653890999981 ], [ 20.585336400000074, -7.029650966999952 ], [ 20.577200400000152, -7.050481919999925 ], [ 20.575367280000023, -7.059927946999892 ], [ 20.575256400000058, -7.069576946999973 ], [ 20.569155643000045, -7.08442292899997 ], [ 20.56734216000018, -7.088835882999945 ], [ 20.556692280000107, -7.102794869999968 ], [ 20.551584240000068, -7.112648970999942 ], [ 20.548750320000067, -7.128026899999895 ], [ 20.544609240000057, -7.140962915999978 ], [ 20.545143480000036, -7.160629901999926 ], [ 20.542741072000013, -7.188622328999941 ], [ 20.542463280000163, -7.191858992999926 ], [ 20.544004440000094, -7.206568933999961 ], [ 20.538837360000173, -7.228594945999873 ], [ 20.538809280000123, -7.234567850999952 ], [ 20.541750480000132, -7.244919992999939 ], [ 20.541885480000133, -7.264675905999979 ], [ 20.544517440000106, -7.291792931999908 ], [ 20.543808304000038, -7.294860454999878 ], [ 20.542873320000126, -7.298904902999936 ], [ 20.578201613000147, -7.298116675999836 ], [ 20.63399908100007, -7.296871747999944 ], [ 20.753844475000164, -7.29419779899996 ], [ 20.889432732000103, -7.291172581999945 ], [ 20.940184151000096, -7.290040221999959 ], [ 20.94870590000005, -7.289850084999841 ], [ 20.999791784000081, -7.288710257999924 ], [ 21.019009999000104, -7.288281461999816 ], [ 21.049613579000038, -7.287598632999959 ], [ 21.080110143000013, -7.286918191999973 ], [ 21.13103846000007, -7.285781873999952 ], [ 21.184299840000165, -7.284593496999946 ], [ 21.243865334000134, -7.283683502999963 ], [ 21.298000320000028, -7.282899857999951 ], [ 21.305567160000123, -7.290511956999978 ], [ 21.310636320000128, -7.288465892999966 ], [ 21.311159992000114, -7.288473822999833 ], [ 21.314172878000022, -7.288519448999978 ], [ 21.320529972000031, -7.288615716999914 ], [ 21.331577160000109, -7.288783009999918 ], [ 21.339384480000035, -7.293409964999967 ], [ 21.342846240000142, -7.290668011999912 ], [ 21.349743480000086, -7.292533878999961 ], [ 21.354595200000063, -7.287729943999921 ], [ 21.36127644000004, -7.285460953999859 ], [ 21.367050480000103, -7.28020092099996 ], [ 21.377182319999974, -7.279062027999942 ], [ 21.377861280000047, -7.279065960999901 ], [ 21.381330240000182, -7.276584913999955 ], [ 21.385704240000052, -7.276602967999963 ], [ 21.389627160000089, -7.273402916999942 ], [ 21.39237828, -7.276399892999962 ], [ 21.397669200000109, -7.276651948999927 ], [ 21.403639440000063, -7.280580967999924 ], [ 21.41303981599998, -7.281171429999858 ], [ 21.415373280000153, -7.281318000999818 ], [ 21.42864315200012, -7.28241141899997 ], [ 21.472202303000074, -7.286000608999927 ], [ 21.487124160000064, -7.287230134999959 ], [ 21.514787237000178, -7.286029560999907 ], [ 21.526747892000117, -7.285510469999963 ], [ 21.559104232000152, -7.284106203999954 ], [ 21.570601680000038, -7.283607212999868 ], [ 21.589312348000078, -7.282280636999872 ], [ 21.606397719000029, -7.281069290999937 ], [ 21.635240206000162, -7.279036553999958 ], [ 21.639793055000041, -7.278879652999933 ], [ 21.685331132000101, -7.277337246999878 ], [ 21.710753104000162, -7.276621340999952 ], [ 21.737180156000022, -7.275877129999856 ], [ 21.760474841000189, -7.275221128999931 ], [ 21.779690040000162, -7.274680008999837 ], [ 21.781760040000165, -7.28051 ], [ 21.781299960000126, -7.284600046999969 ], [ 21.784340160000113, -7.287650037999981 ], [ 21.784330080000188, -7.292660080999894 ], [ 21.789057926000055, -7.298776743999895 ], [ 21.798560160000022, -7.311070029999939 ], [ 21.802849920000085, -7.313460078999981 ], [ 21.803677124000103, -7.314529713999832 ], [ 21.806056905000105, -7.317606928999965 ], [ 21.807575624000094, -7.319570722999913 ], [ 21.808479960000113, -7.320740078999961 ], [ 21.808557733999976, -7.320787115999963 ], [ 21.81410479300007, -7.324141925999982 ], [ 21.819740040000113, -7.327550044999953 ], [ 21.821751895000034, -7.332400487999905 ], [ 21.822296876000109, -7.333842199999935 ], [ 21.826150385000176, -7.344036266999979 ], [ 21.826389960000029, -7.344670030999907 ], [ 21.827779920000069, -7.35006995699996 ], [ 21.827846431000182, -7.353310955999973 ], [ 21.827949840000088, -7.35834988299996 ], [ 21.828800511000054, -7.363127720999955 ], [ 21.829230000000166, -7.365539952999882 ], [ 21.833441396000069, -7.370882364999886 ], [ 21.834740160000081, -7.37252991399987 ], [ 21.837084479000168, -7.379883578999909 ], [ 21.837520080000047, -7.38124995999982 ], [ 21.838250160000086, -7.385779968999884 ], [ 21.834720000000175, -7.392579986999976 ], [ 21.830209920000073, -7.396010069999932 ], [ 21.828440160000184, -7.399929977999875 ], [ 21.828809880000051, -7.402869975999977 ], [ 21.829730040000129, -7.405080098999974 ], [ 21.834814347000076, -7.411398475999931 ], [ 21.839255082000079, -7.416916998999966 ], [ 21.839659919999974, -7.417420088999904 ], [ 21.844066876000113, -7.420945540999924 ], [ 21.846110040000042, -7.42258000999982 ], [ 21.851269920000163, -7.423509982999917 ], [ 21.852174039999966, -7.424716829999966 ], [ 21.853479960000016, -7.426460006999946 ], [ 21.852920160000053, -7.429220051999948 ], [ 21.854070816000046, -7.434764788999928 ], [ 21.854299255000058, -7.435865576999959 ], [ 21.854845843000135, -7.438499419999914 ], [ 21.855669840000019, -7.442469988999903 ], [ 21.853260000000148, -7.448900119999905 ], [ 21.847540278999986, -7.453574067999909 ], [ 21.846970080000176, -7.454040009999915 ], [ 21.843290160000151, -7.456609931999935 ], [ 21.843029880000131, -7.459079951999854 ], [ 21.843650160000095, -7.463050037999892 ], [ 21.846409919999985, -7.465260031999946 ], [ 21.847907074999966, -7.46547761599993 ], [ 21.851570160000108, -7.466009977999931 ], [ 21.85490036300007, -7.46873471899994 ], [ 21.856740120000154, -7.470239983999875 ], [ 21.856910040000173, -7.475039945999924 ], [ 21.854604226000163, -7.480287940999915 ], [ 21.85191, -7.486419874999967 ], [ 21.848389920000045, -7.495799972999976 ], [ 21.840260040000089, -7.506090006999955 ], [ 21.837545091000095, -7.515773709999962 ], [ 21.836360160000027, -7.520000065999966 ], [ 21.838929840000162, -7.531720040999971 ], [ 21.848770080000065, -7.547670009999933 ], [ 21.851792649000117, -7.551744726999857 ], [ 21.85328016, -7.553750021999974 ], [ 21.85328016, -7.557060021999973 ], [ 21.852169920000165, -7.56183989699997 ], [ 21.852339840000013, -7.570119870999918 ], [ 21.852147933000026, -7.570872289999897 ], [ 21.851589960000126, -7.573059956999941 ], [ 21.851005644000111, -7.57385751899983 ], [ 21.85011, -7.575080024999977 ], [ 21.845319840000059, -7.57710990999982 ], [ 21.842600040000093, -7.583049985999935 ], [ 21.848420160000046, -7.599909938999872 ], [ 21.847669920000158, -7.604880105999882 ], [ 21.84501580500006, -7.608134243999928 ], [ 21.84438491700007, -7.608894773999964 ], [ 21.839772799, -7.614136874999929 ], [ 21.836769840000159, -7.617549980999968 ], [ 21.828210120000165, -7.622170022999967 ], [ 21.828897036000114, -7.631240447999971 ], [ 21.829349880000109, -7.637219954999978 ], [ 21.829350610000176, -7.637222705999932 ], [ 21.826536179000129, -7.64524841299982 ], [ 21.82381248500019, -7.653030395999963 ], [ 21.812921524000103, -7.656509398999958 ], [ 21.810331345000122, -7.661840438999945 ], [ 21.812341690000096, -7.672510146999912 ], [ 21.811040878000085, -7.682249068999965 ], [ 21.807329178000145, -7.69254875199988 ], [ 21.796590805000108, -7.713859557999854 ], [ 21.79583931000019, -7.72747039799998 ], [ 21.795469284000092, -7.730779647999952 ], [ 21.793611526000063, -7.734819411999979 ], [ 21.786039352000046, -7.74050903299991 ], [ 21.784360886000059, -7.745479583999952 ], [ 21.785840988000132, -7.754669188999969 ], [ 21.783609390000095, -7.760000228999957 ], [ 21.780653, -7.764410018999968 ], [ 21.768041611000115, -7.777420043999939 ], [ 21.769449234000149, -7.78234863299997 ], [ 21.769422531000146, -7.795629500999894 ], [ 21.771982193000042, -7.798639296999966 ], [ 21.771966934000091, -7.806020736999926 ], [ 21.769651413000076, -7.809455871999944 ], [ 21.765268326000069, -7.812194823999903 ], [ 21.763868332000072, -7.817930221999973 ], [ 21.765691757000184, -7.823444365999876 ], [ 21.765413284000147, -7.827394484999957 ], [ 21.765256882000187, -7.830411910999942 ], [ 21.764150620000123, -7.831390380999892 ], [ 21.762441635000016, -7.842813491999948 ], [ 21.762060165000094, -7.845359801999962 ], [ 21.770929337000098, -7.878870009999957 ], [ 21.77066993700015, -7.893629073999875 ], [ 21.768072128000085, -7.907440185999974 ], [ 21.765481949000048, -7.909660338999913 ], [ 21.756303787000036, -7.918655395999963 ], [ 21.745260239000061, -7.929479598999933 ], [ 21.744749069000022, -7.932939528999952 ], [ 21.745450974000107, -7.938798903999896 ], [ 21.747560501000123, -7.942779540999936 ], [ 21.759752274, -7.960809707999942 ], [ 21.759752274, -7.964590072999954 ], [ 21.760831833000054, -7.967960357999971 ], [ 21.758279800000025, -7.986270904999969 ], [ 21.759401321000041, -7.994119643999909 ], [ 21.763441086000057, -7.998151778999954 ], [ 21.770524979000072, -8.006032943999855 ], [ 21.776727676000178, -8.009954452999978 ], [ 21.775796890000095, -8.013395308999975 ], [ 21.779233932000068, -8.018455504999906 ], [ 21.779664993000097, -8.028326034999907 ], [ 21.783800125000141, -8.032239913999831 ], [ 21.789667130000169, -8.033126830999947 ], [ 21.796449661000111, -8.039733886999954 ], [ 21.799886703000141, -8.04307937599998 ], [ 21.807935715000156, -8.047235488999945 ], [ 21.810670853000147, -8.056427001999907 ], [ 21.823305130000051, -8.068630218999942 ], [ 21.829034805000106, -8.077369689999898 ], [ 21.830842972000028, -8.089311599999974 ], [ 21.833040237000034, -8.09467124899993 ], [ 21.834047318000103, -8.097124099999974 ], [ 21.841848373000175, -8.107707976999905 ], [ 21.843923569000083, -8.116411208999978 ], [ 21.844808578000027, -8.120111464999979 ], [ 21.852148056000146, -8.130922317999932 ], [ 21.854295731000093, -8.142929076999906 ], [ 21.855096817000117, -8.143739699999855 ], [ 21.858049392999988, -8.147237777999919 ], [ 21.866605759000095, -8.151393889999895 ], [ 21.867963791000022, -8.159662246999858 ], [ 21.887342453000088, -8.176904677999914 ], [ 21.887414932000127, -8.177030562999846 ], [ 21.890024185000073, -8.18153381299993 ], [ 21.889089584000146, -8.186120986999981 ], [ 21.88810920700007, -8.186927794999917 ], [ 21.883260727000049, -8.190906524999889 ], [ 21.881006241000023, -8.192754744999945 ], [ 21.879152298000179, -8.197570800999927 ], [ 21.885328293000043, -8.213888167999812 ], [ 21.887342453000088, -8.236391067999818 ], [ 21.892278671000099, -8.246427535999885 ], [ 21.895185471000104, -8.252338408999833 ], [ 21.895593643000097, -8.253173827999944 ], [ 21.897420883000166, -8.25983619699997 ], [ 21.897123337000039, -8.275966643999936 ], [ 21.896879195999986, -8.289449691999891 ], [ 21.898397446000047, -8.294023513999889 ], [ 21.899229050000088, -8.295488357999943 ], [ 21.899915695000175, -8.296693801999936 ], [ 21.902616501000125, -8.299568175999923 ], [ 21.909093857000187, -8.302080153999839 ], [ 21.922563552999975, -8.307302474999915 ], [ 21.92450141900008, -8.308052062999934 ], [ 21.92587471000013, -8.308586120999905 ], [ 21.926027298000122, -8.30873489399994 ], [ 21.932542801000011, -8.31503295899995 ], [ 21.934606552000162, -8.31986045799988 ], [ 21.935743332000072, -8.325832366999919 ], [ 21.934797287000038, -8.33547210699993 ], [ 21.933870315999968, -8.337194442999873 ], [ 21.931650162000153, -8.341320037999935 ], [ 21.926080704000128, -8.346275329999912 ], [ 21.920461655000167, -8.351274489999923 ], [ 21.920911789000115, -8.353200911999977 ], [ 21.92411232000012, -8.366897582999968 ], [ 21.925004959000034, -8.377691268999968 ], [ 21.923841476000121, -8.396993636999923 ], [ 21.924505234000151, -8.397819518999938 ], [ 21.934007645000065, -8.407716750999953 ], [ 21.9380626680001, -8.411939620999931 ], [ 21.939897537000149, -8.415388106999899 ], [ 21.944944382000187, -8.42619323699995 ], [ 21.950433731000089, -8.445266723999907 ], [ 21.951784133999979, -8.457899093999913 ], [ 21.950914383000054, -8.462343215999908 ], [ 21.948766708000107, -8.473325728999896 ], [ 21.948282242000175, -8.475801467999929 ], [ 21.948850632000131, -8.477952956999957 ], [ 21.950445175000141, -8.483982085999912 ], [ 21.95308113100009, -8.493953704999967 ], [ 21.957712173000118, -8.503007888999946 ], [ 21.956968307000011, -8.507970809999961 ], [ 21.946561813000187, -8.517818450999926 ], [ 21.942026138000131, -8.525300979999884 ], [ 21.940305710000075, -8.528135299999917 ], [ 21.938901901, -8.536169051999934 ], [ 21.94285392800009, -8.542409896999914 ], [ 21.944875717000116, -8.545600890999879 ], [ 21.943109512000092, -8.561824798999965 ], [ 21.942750930999978, -8.565114974999972 ], [ 21.932577133, -8.57335472099993 ], [ 21.930490494000139, -8.576793670999905 ], [ 21.930917740000098, -8.58912086499987 ], [ 21.929300308000052, -8.591259002999948 ], [ 21.929109573000176, -8.591325759999961 ], [ 21.923524857000132, -8.593311309999933 ], [ 21.922716141000024, -8.595315932999881 ], [ 21.922597885000187, -8.595603942999844 ], [ 21.924898148000125, -8.598365783999895 ], [ 21.934816360000127, -8.59931182899993 ], [ 21.936197281000034, -8.601383208999891 ], [ 21.935968399000103, -8.608558654999968 ], [ 21.936010361000058, -8.609186171999909 ], [ 21.933629989999986, -8.612857818999942 ], [ 21.933851242, -8.616764068999942 ], [ 21.93176460300009, -8.619514464999952 ], [ 21.920904160000077, -8.624536513999828 ], [ 21.913255692000178, -8.636688231999926 ], [ 21.911855698000124, -8.643115996999938 ], [ 21.917329788000131, -8.668163299999947 ], [ 21.940629958999978, -8.665712356999961 ], [ 21.958764762000101, -8.662945845999843 ], [ 21.940628040000092, -8.665713682999979 ], [ 21.917328479999981, -8.668163940999932 ], [ 21.916726558000107, -8.669195944999956 ], [ 21.915767931000119, -8.670840403999875 ], [ 21.914347378000059, -8.673277251999878 ], [ 21.914271978000045, -8.67340664399984 ], [ 21.914272488000108, -8.673407556999905 ], [ 21.906028440000114, -8.687552904999961 ], [ 21.905653286000131, -8.693051235999974 ], [ 21.905023320000055, -8.702283982999973 ], [ 21.905023020000044, -8.702284246999966 ], [ 21.897157423000181, -8.709200612999894 ], [ 21.89713536000005, -8.709220012999822 ], [ 21.899372411000115, -8.716442868999877 ], [ 21.900339360000146, -8.719564854999931 ], [ 21.900545280000131, -8.728983011999958 ], [ 21.898205280000127, -8.740689866999958 ], [ 21.898409387000015, -8.741808102999926 ], [ 21.898582200000021, -8.742754904999913 ], [ 21.902984280000112, -8.766889030999891 ], [ 21.900820109, -8.771938156999965 ], [ 21.8978712, -8.778818009999952 ], [ 21.903167160000123, -8.784803901999908 ], [ 21.903162597000062, -8.786796624999852 ], [ 21.903160320000097, -8.787791023999887 ], [ 21.893879160000097, -8.803843912999923 ], [ 21.892112280000106, -8.809412867999981 ], [ 21.889997234000077, -8.816079796999873 ], [ 21.88921932, -8.818531864999898 ], [ 21.885830280000107, -8.821950895999919 ], [ 21.877639200000033, -8.830213954999977 ], [ 21.877626240000041, -8.834806876999949 ], [ 21.881090160000099, -8.834817916999953 ], [ 21.881313360000092, -8.837804985999924 ], [ 21.880569362000188, -8.838915517999908 ], [ 21.872118240000134, -8.851530938999929 ], [ 21.86994744000009, -8.85477 ], [ 21.868066786000099, -8.860177133999969 ], [ 21.867153480000013, -8.862802980999902 ], [ 21.868530315000157, -8.869279518999917 ], [ 21.8712582, -8.882110962999946 ], [ 21.867230172000177, -8.890662479999889 ], [ 21.866239441000175, -8.892765861999976 ], [ 21.863344321000056, -8.898912959999905 ], [ 21.858940440000083, -8.908260970999947 ], [ 21.863363400000139, -8.916192 ], [ 21.864235165000082, -8.917756650999934 ], [ 21.86445816000014, -8.918156882999938 ], [ 21.864837240000043, -8.921622862999925 ], [ 21.863842200000136, -8.93638098699995 ], [ 21.863363400000139, -8.938282919999892 ], [ 21.857199180000123, -8.953957082999978 ], [ 21.857193360000167, -8.953971881999962 ], [ 21.857458320000035, -8.961202877999881 ], [ 21.857458182000016, -8.961206432999973 ], [ 21.857284440000058, -8.965677008999876 ], [ 21.852240908, -8.990461612999923 ], [ 21.852236160000132, -8.990484945999981 ], [ 21.853475280000168, -9.001373885999897 ], [ 21.853475395000089, -9.001377410999908 ], [ 21.8536372800001, -9.006356010999923 ], [ 21.849384267000175, -9.018045118999964 ], [ 21.849469633000126, -9.018399942999906 ], [ 21.850234070000056, -9.021577249999893 ], [ 21.850509240000065, -9.022720961999937 ], [ 21.850969320000161, -9.025670875999936 ], [ 21.858865200000082, -9.043245987999967 ], [ 21.859052725000083, -9.04367692299985 ], [ 21.859709400000156, -9.04518596999992 ], [ 21.859152480000091, -9.046347888999946 ], [ 21.857776177000119, -9.049212354999895 ], [ 21.857616360000179, -9.04954497499989 ], [ 21.844171440000082, -9.062371997999833 ], [ 21.843301918000066, -9.066487813999913 ], [ 21.842973360000087, -9.06804300999994 ], [ 21.841358400000047, -9.0756879139999 ], [ 21.842964360000053, -9.086950948999913 ], [ 21.841297739000083, -9.10812096899997 ], [ 21.841264440000089, -9.108543938999958 ], [ 21.843576360000043, -9.115930861999914 ], [ 21.843918360000089, -9.119118954999919 ], [ 21.844729012000187, -9.125339863999955 ], [ 21.846494199000119, -9.138885474999938 ], [ 21.846808605000035, -9.13957176699995 ], [ 21.857741772000054, -9.163374612999974 ], [ 21.860973362000095, -9.17041004899994 ], [ 21.860992440000075, -9.172168942999917 ], [ 21.861076843000035, -9.180142935999925 ], [ 21.861156240000128, -9.187643872999899 ], [ 21.863056235000045, -9.201566167999886 ], [ 21.86319527500018, -9.202585047999889 ], [ 21.863189683000087, -9.202631052999891 ], [ 21.862896481000121, -9.205042989999981 ], [ 21.859008189000122, -9.236893923999901 ], [ 21.858934320000117, -9.237498978999895 ], [ 21.858001204, -9.240820090999875 ], [ 21.857063400000072, -9.244157858999927 ], [ 21.848551200000088, -9.256258877999926 ], [ 21.847950360000084, -9.257112941999878 ], [ 21.845449440000095, -9.260667905999924 ], [ 21.841957440000044, -9.268930016999946 ], [ 21.839599440000143, -9.283858939999959 ], [ 21.835182240000051, -9.29142888399997 ], [ 21.82845348, -9.298073034999902 ], [ 21.826765439999974, -9.32127702899993 ], [ 21.818411280000134, -9.329293900999971 ], [ 21.814899480000179, -9.337304006999943 ], [ 21.814171200000146, -9.339455022999857 ], [ 21.813944400000025, -9.352949910999882 ], [ 21.812980266000181, -9.355006296999875 ], [ 21.81114720000005, -9.358915976999981 ], [ 21.812260977000051, -9.362060984999971 ], [ 21.813673320000134, -9.366049018999945 ], [ 21.810177360000068, -9.374310915999843 ], [ 21.812244480000061, -9.378912940999953 ], [ 21.811546399000122, -9.380749897999976 ], [ 21.808073520000107, -9.381197928999825 ], [ 21.805748280000046, -9.386158995999949 ], [ 21.805374240000049, -9.387197993999962 ], [ 21.804666480000094, -9.390285992999907 ], [ 21.804352200000039, -9.392173018999927 ], [ 21.80310443999997, -9.399633910999967 ], [ 21.802671360000033, -9.406919882999887 ], [ 21.798433440000053, -9.410738008999886 ], [ 21.798385807000102, -9.410777283999948 ], [ 21.797291160000043, -9.411679867999908 ], [ 21.794065108000098, -9.420907118999935 ], [ 21.794686039000055, -9.422415582999918 ], [ 21.797970480000117, -9.430346898999971 ], [ 21.807333665000044, -9.438364624999906 ], [ 21.807356584000104, -9.43838424899991 ], [ 21.82221432, -9.45110598499997 ], [ 21.825937234000037, -9.458112640999957 ], [ 21.82612824, -9.458471910999947 ], [ 21.827190006000137, -9.459532483999965 ], [ 21.829616890000182, -9.461956629999975 ], [ 21.832521146000147, -9.464857585999937 ], [ 21.833976240000084, -9.466311017999942 ], [ 21.834206892, -9.468661556999962 ], [ 21.834427320000145, -9.470907889999864 ], [ 21.832680759000141, -9.475857160999908 ], [ 21.830457240000101, -9.482157896999979 ], [ 21.83044644000006, -9.486061912999958 ], [ 21.830445731000111, -9.48607648299992 ], [ 21.830301360000135, -9.489044861999957 ], [ 21.831997834, -9.496963544999915 ], [ 21.832351200000119, -9.498612938999884 ], [ 21.834505125000078, -9.510419246999902 ], [ 21.835170400000152, -9.514065735999907 ], [ 21.835405440000045, -9.515354022999929 ], [ 21.838500459000102, -9.519774564999921 ], [ 21.842601480000042, -9.525631865999969 ], [ 21.844009441000082, -9.530622989999927 ], [ 21.846040200000175, -9.537822979999873 ], [ 21.855283077000081, -9.546348762999912 ], [ 21.856481130000191, -9.547453850999943 ], [ 21.864151440000171, -9.554528885999957 ], [ 21.867726166000182, -9.561989442999959 ], [ 21.867740280000078, -9.562018898999895 ], [ 21.867740314000059, -9.562019298999928 ], [ 21.869087400000183, -9.577882958999965 ], [ 21.868421400000102, -9.580087000999981 ], [ 21.864645360000168, -9.592579971999896 ], [ 21.866358240000125, -9.595794025999908 ], [ 21.869575200000043, -9.601832927999965 ], [ 21.872497320000036, -9.606765885999948 ], [ 21.872701290000066, -9.610529243999906 ], [ 21.872701440000071, -9.610532004999982 ], [ 21.870403794000026, -9.616491029999963 ], [ 21.869702103000122, -9.618310869999902 ], [ 21.868726450000167, -9.620841211999959 ], [ 21.867567480000162, -9.623846958999934 ], [ 21.871704065000017, -9.626640926999926 ], [ 21.875429160000124, -9.629156943999931 ], [ 21.878097480000122, -9.641162016999886 ], [ 21.879355690000125, -9.646826021999914 ], [ 21.880233360000091, -9.650776919999885 ], [ 21.885553440000081, -9.65446988399998 ], [ 21.894813360000114, -9.656793864999884 ], [ 21.898744200000124, -9.659563896999941 ], [ 21.8991736320001, -9.661396614999887 ], [ 21.899660400000073, -9.663474020999899 ], [ 21.899106944000096, -9.665751816999887 ], [ 21.898523656000179, -9.668153151999888 ], [ 21.900566160000039, -9.671520975999954 ], [ 21.91075920000003, -9.672008948999974 ], [ 21.913997400000085, -9.673856916999966 ], [ 21.919767480000189, -9.682377011999961 ], [ 21.924191037000185, -9.684429224999917 ], [ 21.926325240000097, -9.685155889999919 ], [ 21.928991400000086, -9.685617018999892 ], [ 21.934284481000077, -9.686533951999934 ], [ 21.93573973600013, -9.686786297999902 ], [ 21.935743200000047, -9.68678689799998 ], [ 21.939441479999971, -9.690475907999939 ], [ 21.939113520000035, -9.692244018999929 ], [ 21.93935040000008, -9.697985959999926 ], [ 21.939552665000065, -9.702917981999974 ], [ 21.939636240000141, -9.70495587399995 ], [ 21.939980063000064, -9.70616188199989 ], [ 21.941013240000188, -9.709785880999902 ], [ 21.943008504999966, -9.711776196999892 ], [ 21.944250360000126, -9.7130149649999 ], [ 21.951263435000158, -9.715020838999976 ], [ 21.951272358000097, -9.715023390999932 ], [ 21.952354320000097, -9.71533285199996 ], [ 21.952355269000066, -9.71533431499995 ], [ 21.959228160000066, -9.725926897999955 ], [ 21.966988141000058, -9.729960968999933 ], [ 21.96900036, -9.731007023999894 ], [ 21.972261653000089, -9.742123155999934 ], [ 21.974748649, -9.750599838999904 ], [ 21.97750428, -9.759991888999934 ], [ 21.981666240000095, -9.763908994999952 ], [ 21.98375226100012, -9.764029488999881 ], [ 21.985838231000059, -9.7641499799999 ], [ 21.99559824, -9.753599965999911 ], [ 21.999075480000101, -9.753148874999965 ], [ 22.001661258000183, -9.755923481999957 ], [ 22.002081480000129, -9.756373982999946 ], [ 22.006372320000082, -9.761652895999873 ], [ 22.006526078000036, -9.764682823999863 ], [ 22.006548360000068, -9.765121925999949 ], [ 22.006436963, -9.765581327999939 ], [ 22.006386360000192, -9.765790012999901 ], [ 22.002035957000032, -9.7781928469999 ], [ 22.00202931299998, -9.778211790999876 ], [ 22.002469894000114, -9.779396337999913 ], [ 22.002933241, -9.780641896999953 ], [ 22.005024480000088, -9.786263853999969 ], [ 22.014044280000178, -9.794790988999864 ], [ 22.014250200000163, -9.806974000999958 ], [ 22.016050348000078, -9.809538172999964 ], [ 22.017484440000032, -9.811580911999954 ], [ 22.017685320000169, -9.824912974999847 ], [ 22.019975280000097, -9.827089981999961 ], [ 22.021622660000162, -9.828656689999889 ], [ 22.022775360000139, -9.829752937999899 ], [ 22.02302942, -9.830354883999973 ], [ 22.023311013000125, -9.831022061999931 ], [ 22.024486440000146, -9.833806987999878 ], [ 22.02948239300008, -9.836204948999978 ], [ 22.035403791000078, -9.830361997999944 ], [ 22.035524400000043, -9.83024298499987 ], [ 22.03923240000006, -9.830940945999885 ], [ 22.040464798000073, -9.832247131999964 ], [ 22.04197524000017, -9.8338480029999 ], [ 22.043213625000192, -9.835162108999896 ], [ 22.043298240000183, -9.835251896999978 ], [ 22.043326201000127, -9.83528148799985 ], [ 22.044550320000042, -9.836576951999916 ], [ 22.046402160000127, -9.838542953999877 ], [ 22.050453340000161, -9.845786687999976 ], [ 22.051098360000026, -9.846940004999908 ], [ 22.054548240000031, -9.852398904999973 ], [ 22.055378401000041, -9.853108002999932 ], [ 22.058401503000084, -9.855690828999911 ], [ 22.065826320000042, -9.862033913999937 ], [ 22.070905200000027, -9.8719299629999 ], [ 22.071575069000119, -9.872596469999905 ], [ 22.07553552000013, -9.876537020999876 ], [ 22.079331093, -9.877782961999969 ], [ 22.080217320000088, -9.878073875999974 ], [ 22.083671520000053, -9.879207915999928 ], [ 22.084755480000069, -9.880009979999841 ], [ 22.091753520000168, -9.881859971999972 ], [ 22.095928386000082, -9.881407998999975 ], [ 22.111248240000066, -9.87293389499996 ], [ 22.117042440000034, -9.874096002999977 ], [ 22.123295280000093, -9.877785926999934 ], [ 22.124432638000087, -9.880946729999891 ], [ 22.124434190000045, -9.880951040999889 ], [ 22.126489504000062, -9.886662247999936 ], [ 22.129503475000149, -9.889267204999896 ], [ 22.129533360000039, -9.889293033999934 ], [ 22.134797051000078, -9.890421821999951 ], [ 22.136024104000114, -9.890684960999977 ], [ 22.143911400000036, -9.888170034999973 ], [ 22.149475200000154, -9.889100955999936 ], [ 22.152691440000183, -9.891659023999921 ], [ 22.155876360000093, -9.894111979999934 ], [ 22.166843400000118, -9.902697002999901 ], [ 22.171711250000044, -9.903625917999932 ], [ 22.172638242000176, -9.906089624999936 ], [ 22.173788160000072, -9.909146005999958 ], [ 22.181202359999986, -9.912838014999977 ], [ 22.186525320000044, -9.91974388999995 ], [ 22.192533360000141, -9.932168943999898 ], [ 22.191809988000159, -9.934662261999961 ], [ 22.19059728000019, -9.940398859999902 ], [ 22.201286419000041, -9.961354591999964 ], [ 22.201299360000178, -9.961379961999853 ], [ 22.201978320000023, -9.972415913999839 ], [ 22.206363480000107, -9.986446974999922 ], [ 22.206362733000162, -9.986449244999847 ], [ 22.205047320000119, -9.990442985999948 ], [ 22.198235596000131, -9.993329435999954 ], [ 22.19783832000013, -9.998917903999882 ], [ 22.197761465999974, -9.999999878999972 ], [ 22.198673108000094, -9.999999878999972 ], [ 22.198673389000021, -9.999999967999884 ], [ 22.20819336, -10.003692976999901 ], [ 22.208068732000186, -10.007229726999981 ], [ 22.207950360000154, -10.010588917999939 ], [ 22.20882096400004, -10.011598819999904 ], [ 22.209339233000037, -10.012200011999823 ], [ 22.214676240000131, -10.011059880999881 ], [ 22.21723728000012, -10.016883862999919 ], [ 22.217443200000105, -10.02141095099995 ], [ 22.216729133000058, -10.022038154999905 ], [ 22.216013280000084, -10.022666925999886 ], [ 22.213262576000034, -10.025084302999971 ], [ 22.214082239999982, -10.031872942999883 ], [ 22.212309240000025, -10.036455890999832 ], [ 22.212385200000085, -10.036993 ], [ 22.217372409000177, -10.045962205999899 ], [ 22.218832352999982, -10.048587783999892 ], [ 22.220008556000096, -10.050703062999958 ], [ 22.220358179000129, -10.051331819999916 ], [ 22.220396177000055, -10.051400155999886 ], [ 22.220543475, -10.051665053999955 ], [ 22.221109440000021, -10.052682876999882 ], [ 22.223961360000089, -10.068238027999939 ], [ 22.223631431000058, -10.073147073999962 ], [ 22.223631240000145, -10.073149920999924 ], [ 22.219547377000026, -10.081432117999896 ], [ 22.219440513000052, -10.081648899999891 ], [ 22.22061075199997, -10.090917345999912 ], [ 22.221, -10.094000092999977 ], [ 22.225055729000132, -10.10941180899988 ], [ 22.225693359000161, -10.111834726999916 ], [ 22.226000040000031, -10.113000068999952 ], [ 22.224999960000048, -10.121000044999846 ], [ 22.223856802000171, -10.122829088999936 ], [ 22.222850509000125, -10.124439143999894 ], [ 22.220048070000132, -10.128922957999976 ], [ 22.219999920000078, -10.128999995999891 ], [ 22.223508762000108, -10.136017697999932 ], [ 22.223999880000065, -10.136999923999952 ], [ 22.22300016000014, -10.143000045999884 ], [ 22.22300016000014, -10.159000053999932 ], [ 22.225441291999971, -10.163394313999959 ], [ 22.232585783000047, -10.176254691999929 ], [ 22.232999880000079, -10.177000066999938 ], [ 22.235402871000076, -10.181805590999829 ], [ 22.236000120000028, -10.182999962999872 ], [ 22.236045607000108, -10.183242579999956 ], [ 22.237232826000024, -10.189574796999977 ], [ 22.238132655000129, -10.194374097999969 ], [ 22.239, -10.199000067999975 ], [ 22.236438838000083, -10.207537491999915 ], [ 22.236000120000028, -10.208999897999945 ], [ 22.236703375000047, -10.210406513999885 ], [ 22.239, -10.215000068999927 ], [ 22.240777977, -10.216777985999954 ], [ 22.245000120000043, -10.220999947999871 ], [ 22.244990058999974, -10.221386270999858 ], [ 22.244818206000048, -10.227985187999877 ], [ 22.244756040000084, -10.230372211999963 ], [ 22.248055080000029, -10.240992389999974 ], [ 22.261251240000149, -10.263864712999919 ], [ 22.24063260000014, -10.290002256999912 ], [ 22.246405560000142, -10.299803447999977 ], [ 22.255477560000088, -10.306337285999973 ], [ 22.285000080000088, -10.306999987999973 ], [ 22.29099984000004, -10.310000032999881 ], [ 22.291544944, -10.310408850999977 ], [ 22.296680962000096, -10.314260739999895 ], [ 22.29900012000013, -10.316000036999924 ], [ 22.299960441000053, -10.31744055799993 ], [ 22.302943518000063, -10.321915256999944 ], [ 22.304101873999969, -10.323652805999927 ], [ 22.306291567000073, -10.326937347999888 ], [ 22.307000040000162, -10.328000051999823 ], [ 22.307373421000079, -10.331308638999928 ], [ 22.309462815000074, -10.349822451999842 ], [ 22.309757175000129, -10.35243064399998 ], [ 22.309790913000086, -10.352729579999959 ], [ 22.31059899100012, -10.359889478999946 ], [ 22.311559800000111, -10.368402421999974 ], [ 22.322941358000037, -10.379893133999929 ], [ 22.327999920000082, -10.385000072999958 ], [ 22.328805388000092, -10.396275715999877 ], [ 22.329, -10.398999995999873 ], [ 22.325508408000132, -10.411220511999886 ], [ 22.324636088000091, -10.414273539999897 ], [ 22.322999880000054, -10.420000017999882 ], [ 22.321252223000158, -10.421747739999887 ], [ 22.319674701, -10.423325312999964 ], [ 22.316000040000176, -10.427000060999887 ], [ 22.312658685000031, -10.432568879999963 ], [ 22.309999920000052, -10.436999998999966 ], [ 22.309711735000064, -10.441034338999884 ], [ 22.30899984000007, -10.451000036999972 ], [ 22.307512265000184, -10.452830940999945 ], [ 22.299299079000093, -10.462939511999934 ], [ 22.296496553000168, -10.466388709999933 ], [ 22.295999880000011, -10.466999981999948 ], [ 22.295000160000086, -10.481000067999958 ], [ 22.294838567000113, -10.482373526999936 ], [ 22.293000000000177, -10.498000030999947 ], [ 22.290000120000116, -10.503999916999874 ], [ 22.287967687000048, -10.504338698999959 ], [ 22.284000000000162, -10.505000063999944 ], [ 22.279166633000159, -10.507416610999883 ], [ 22.277999879999982, -10.50799995299991 ], [ 22.277999879999982, -10.516000042999963 ], [ 22.27933088400016, -10.516605036999863 ], [ 22.287824688000057, -10.520465779999824 ], [ 22.289000040000133, -10.521000015999959 ], [ 22.306097256000044, -10.532657259999951 ], [ 22.309429572999989, -10.53492925199987 ], [ 22.311, -10.535999971999956 ], [ 22.314999960000023, -10.539999941999952 ], [ 22.317000120000159, -10.544000035999886 ], [ 22.315256637000061, -10.554460099999915 ], [ 22.314999960000023, -10.556000001999962 ], [ 22.31781443, -10.575702165999871 ], [ 22.317999840000084, -10.577000042999884 ], [ 22.317427941000119, -10.581576467999923 ], [ 22.317000120000159, -10.584999911999944 ], [ 22.316886796000176, -10.586699691999968 ], [ 22.316061566000087, -10.599077271999931 ], [ 22.316000040000176, -10.600000068999918 ], [ 22.316060137000079, -10.60048081299982 ], [ 22.316586301000086, -10.604689786999813 ], [ 22.317000120000159, -10.608000036999954 ], [ 22.317289803000051, -10.613359979999871 ], [ 22.318422773000179, -10.63432215499995 ], [ 22.31858131000007, -10.637255291999907 ], [ 22.318999920000067, -10.644999967999979 ], [ 22.318999920000067, -10.648514199999966 ], [ 22.318999920000067, -10.652662181999972 ], [ 22.318999920000067, -10.655999998999903 ], [ 22.318687026000077, -10.657251605999932 ], [ 22.316659126000161, -10.665363294999963 ], [ 22.31632915300014, -10.666683176999925 ], [ 22.314465704000042, -10.674136822999969 ], [ 22.31399988000004, -10.676000054999975 ], [ 22.314932702000135, -10.677306022999915 ], [ 22.315956620000122, -10.678739517999873 ], [ 22.318187051000052, -10.681862120999881 ], [ 22.323668120000093, -10.689535483999975 ], [ 22.323999960000037, -10.690000043999873 ], [ 22.32561104600012, -10.696444707999945 ], [ 22.326197250000121, -10.698789603999899 ], [ 22.326999840000099, -10.702000045999966 ], [ 22.327651597000113, -10.703955086999883 ], [ 22.327999920000082, -10.704999926999903 ], [ 22.328069493000044, -10.706947910999816 ], [ 22.328161505000025, -10.709524134999981 ], [ 22.328796426000054, -10.727300649999904 ], [ 22.328859544000125, -10.729067754999903 ], [ 22.328890536000017, -10.729935436999938 ], [ 22.329, -10.733000079999954 ], [ 22.334000040000035, -10.741000044999907 ], [ 22.335000120000188, -10.747999928999889 ], [ 22.335000120000188, -10.750640016999853 ], [ 22.335000120000188, -10.753999975999932 ], [ 22.334000040000035, -10.75800005699989 ], [ 22.330189184, -10.766891977999933 ], [ 22.328668203, -10.770440830999917 ], [ 22.327999920000082, -10.772000097999978 ], [ 22.312743470000044, -10.781871950999914 ], [ 22.310999935999973, -10.783000063999907 ], [ 22.297539896000103, -10.783751460999895 ], [ 22.282694273, -10.77559688599996 ], [ 22.274760015000084, -10.785911983999881 ], [ 22.267000080000059, -10.796000100999947 ], [ 22.241999880000094, -10.80600003099994 ], [ 22.232000160000155, -10.812999975999844 ], [ 22.214835162000099, -10.826486922999948 ], [ 22.204000080000128, -10.834999987999879 ], [ 22.200080583000101, -10.837286321999954 ], [ 22.193909632000157, -10.840885948999926 ], [ 22.191999840000051, -10.841999954999892 ], [ 22.181000040000129, -10.852000099999884 ], [ 22.17679580700019, -10.862090067999929 ], [ 22.176000000000158, -10.863999931999956 ], [ 22.173999840000192, -10.875000013999966 ], [ 22.17677223600009, -10.88387172399996 ], [ 22.17899988, -10.891000024999926 ], [ 22.182000120000112, -10.895000023999955 ], [ 22.182000120000112, -10.907000049999908 ], [ 22.199000040000158, -10.92999990699991 ], [ 22.205999880000036, -10.945000017999973 ], [ 22.208000040000172, -10.953999963999934 ], [ 22.206999960000019, -10.998000044999969 ], [ 22.20999984000008, -11.013000020999925 ], [ 22.217000040000187, -11.02499997599989 ], [ 22.217008267000097, -11.025027398999953 ], [ 22.219999920000078, -11.035000060999948 ], [ 22.221, -11.046999988999971 ], [ 22.219638715000087, -11.055848683999955 ], [ 22.217651767, -11.068763861999912 ], [ 22.217282333000185, -11.071165118999829 ], [ 22.217000040000187, -11.072999956999922 ], [ 22.217000040000187, -11.084269897999945 ], [ 22.217000040000187, -11.087999942999886 ], [ 22.221, -11.104000105999944 ], [ 22.227000120000184, -11.11700002699996 ], [ 22.230699642000047, -11.12036329599988 ], [ 22.235958016000097, -11.125143665999929 ], [ 22.237999920000107, -11.126999932999922 ], [ 22.242641748000096, -11.132222049999939 ], [ 22.245999840000138, -11.135999886999969 ], [ 22.254000120000057, -11.148000036999974 ], [ 22.262337942000158, -11.163008679999905 ], [ 22.263999840000167, -11.166000114999974 ], [ 22.268999879999967, -11.182000001999882 ], [ 22.269999960000121, -11.194999924999934 ], [ 22.265761656000109, -11.206944871999895 ], [ 22.261057675000188, -11.220201666999969 ], [ 22.259000160000028, -11.225999978999937 ], [ 22.259000160000028, -11.226999975999888 ], [ 22.260999960000106, -11.233000060999927 ], [ 22.272000120000087, -11.24599995799997 ], [ 22.277999879999982, -11.249999996999975 ], [ 22.287674530000061, -11.25080613199998 ], [ 22.290000059000192, -11.250999904999958 ], [ 22.299999779000132, -11.243999910999946 ], [ 22.314999898, -11.225999970999908 ], [ 22.333999977000133, -11.206999893999921 ], [ 22.339000017000103, -11.19999988099994 ], [ 22.346999937000135, -11.179000050999946 ], [ 22.350999960000081, -11.177000077999935 ], [ 22.357545198000025, -11.176655594999943 ], [ 22.370000040000093, -11.176000082999963 ], [ 22.391594919000113, -11.177156949999926 ], [ 22.425999770999965, -11.179000053999914 ], [ 22.436999930000013, -11.17500007599989 ], [ 22.452000049000105, -11.16199995199986 ], [ 22.466999806000103, -11.143000041999869 ], [ 22.483000005000179, -11.133999953999933 ], [ 22.486999964000063, -11.132000012999924 ], [ 22.494999884000151, -11.120000079999954 ], [ 22.497000043000185, -11.113000064999937 ], [ 22.497999763999985, -11.097999963999882 ], [ 22.489999844000124, -11.081999998999947 ], [ 22.488999763999971, -11.068000075999976 ], [ 22.490999923, -11.061000036999872 ], [ 22.497999763999985, -11.052000040999928 ], [ 22.50299980300008, -11.046999980999942 ], [ 22.510000080000111, -11.042000019999875 ], [ 22.533999762000064, -11.041000089999898 ], [ 22.54499992, -11.036000005999938 ], [ 22.561999920000062, -11.031000032999941 ], [ 22.573000080000043, -11.031000032999941 ], [ 22.584999960000118, -11.036000014999843 ], [ 22.610000160000084, -11.055999963999966 ], [ 22.654000080000174, -11.082999974999836 ], [ 22.670058042000107, -11.08866760899997 ], [ 22.671, -11.089000067999962 ], [ 22.691999880000139, -11.09700005499991 ], [ 22.694000040000049, -11.100999876999936 ], [ 22.709999880000169, -11.104999997999869 ], [ 22.72299984, -11.109999937999874 ], [ 22.745999783000116, -11.113999915999898 ], [ 22.786999818000083, -11.113000060999923 ], [ 22.792999938000037, -11.110999974999913 ], [ 22.800999856000089, -11.106000051999956 ], [ 22.80599989600006, -11.092999988999964 ], [ 22.811000040000067, -11.082999974999836 ], [ 22.821000014000049, -11.082999974999836 ], [ 22.832999892000146, -11.081000022999888 ], [ 22.840999811000074, -11.076999923999949 ], [ 22.84999980900011, -11.068000071999961 ], [ 22.858999920000031, -11.061999908999894 ], [ 22.86699975900018, -11.061999908999894 ], [ 22.868699501000094, -11.062708112999871 ], [ 22.879000080000026, -11.067000062999909 ], [ 22.903999920000103, -11.081000033999828 ], [ 22.920999839999979, -11.086999990999971 ], [ 22.93899984, -11.09099995299988 ], [ 22.959000000000174, -11.097999971999968 ], [ 22.9759997970001, -11.10099985599993 ], [ 23.000999992000175, -11.099000047999937 ], [ 23.002999920000093, -11.099000061999959 ], [ 23.004525858000022, -11.099138769999968 ], [ 23.011438969000153, -11.099767167999914 ], [ 23.013087917000178, -11.099917055999981 ], [ 23.014000080000017, -11.099999971999978 ], [ 23.032000080000046, -11.108999886999982 ], [ 23.073000120000131, -11.122999940999932 ], [ 23.083999782000035, -11.123999931999947 ], [ 23.101999779000153, -11.118999878999887 ], [ 23.126999975000103, -11.104999981999981 ], [ 23.141999734000137, -11.095000018999826 ], [ 23.151999960000126, -11.093000000999893 ], [ 23.164999920000184, -11.095999958999869 ], [ 23.182999920000043, -11.101999956999975 ], [ 23.196999807000111, -11.104000083999949 ], [ 23.202999925000086, -11.101999939999928 ], [ 23.215999883000109, -11.094000091999874 ], [ 23.224999881000144, -11.086999973999923 ], [ 23.251999877000173, -11.058999933999928 ], [ 23.271999673000096, -11.045999878999964 ], [ 23.288999950000118, -11.031000012999925 ], [ 23.319999905000088, -11.013000002999888 ], [ 23.331999782000082, -11.00699992899996 ], [ 23.333999941000059, -11.003999932999875 ], [ 23.3379999, -11.003000044999851 ], [ 23.346999900000014, -10.994000018999941 ], [ 23.359999858000094, -10.982999983999889 ], [ 23.383999972000083, -10.965999851999982 ], [ 23.417999805000079, -10.944999997999901 ], [ 23.428999963000024, -10.940000045999909 ], [ 23.436, -10.93800002699993 ], [ 23.459000040000092, -10.938999959999933 ], [ 23.461432673000161, -10.93936226999989 ], [ 23.471695779000072, -10.940890829999887 ], [ 23.485705146000043, -10.942977334999966 ], [ 23.505999840000072, -10.945999926999946 ], [ 23.533999920000042, -10.957999987999926 ], [ 23.54000004, -10.959000029999913 ], [ 23.558000040000024, -10.97199990699994 ], [ 23.576000040000054, -10.989999977999958 ], [ 23.585000040000068, -10.992999940999937 ], [ 23.599999930000024, -10.994000023999831 ], [ 23.628999960000044, -10.990999909999914 ], [ 23.636000160000151, -10.9940000389999 ], [ 23.650999920000061, -11.003000063999934 ], [ 23.663999880000119, -11.00699994799993 ], [ 23.671999915000072, -11.007999966999932 ], [ 23.680999912000175, -11.006999921999864 ], [ 23.684999871000116, -11.006000044999894 ], [ 23.693000040000072, -11.005000012999858 ], [ 23.702000040000087, -11.00699994799993 ], [ 23.707999938000057, -11.007999960999939 ], [ 23.716999903000158, -11.004999986999962 ], [ 23.730999580000059, -10.998000017999857 ], [ 23.73699969900008, -10.992999912999949 ], [ 23.74499988000008, -10.992000014999974 ], [ 23.762999880000109, -10.996999960999972 ], [ 23.780999880000138, -11.006000069999914 ], [ 23.802000120000059, -11.020999987999971 ], [ 23.815000080000118, -11.027999931999943 ], [ 23.829999557000122, -11.030000022999957 ], [ 23.851999871000032, -11.02799990099993 ], [ 23.862999668000043, -11.022999958999947 ], [ 23.871999666000022, -11.01699991299995 ], [ 23.884999622000066, -11.001999964999982 ], [ 23.884999622000066, -11.000999894999893 ], [ 23.889999659000125, -10.987999895999963 ], [ 23.8959997770001, -10.982999971999959 ], [ 23.916999651000026, -10.972999868999977 ], [ 23.925999649, -10.967000031999873 ], [ 23.944999724000127, -10.954999985999962 ], [ 23.959999837000169, -10.937999993999881 ], [ 23.969999555000129, -10.920999897999934 ], [ 23.972999794000145, -10.904999927999881 ], [ 23.979999631000112, -10.896999969999968 ], [ 23.986999830000116, -10.891999906999956 ], [ 23.995999827000048, -10.891999905999967 ], [ 23.999999785000057, -10.886000002999936 ], [ 24.009999501000038, -10.884999887999925 ], [ 24.009999840000148, -10.884999922999953 ], [ 24.027000120000082, -10.888000077999948 ], [ 24.029122654, -10.888176944999941 ], [ 24.038999653000189, -10.888999974999876 ], [ 24.058999806000088, -10.888999967999894 ], [ 24.059000160000096, -10.889000003999968 ], [ 24.073999920000063, -10.893000030999929 ], [ 24.095000064000146, -10.905999947999874 ], [ 24.106999673000132, -10.90499992499997 ], [ 24.116999809000106, -10.904999961999977 ], [ 24.117000120000057, -10.904999961999977 ], [ 24.120642129000032, -10.907276258999957 ], [ 24.122028792000094, -10.908142934999887 ], [ 24.125000040000089, -10.909999978999963 ], [ 24.130000080000059, -10.918999938999889 ], [ 24.130000080000059, -10.922000099999877 ], [ 24.12799992000015, -10.932000001999938 ], [ 24.125504688000092, -10.935119027999917 ], [ 24.123999960000106, -10.936999912999852 ], [ 24.123180825000077, -10.940276847999826 ], [ 24.122000160000027, -10.945000017999973 ], [ 24.123999960000106, -10.952000018999911 ], [ 24.144000120000101, -10.969000080999876 ], [ 24.145999920000179, -10.977000018999945 ], [ 24.143000040000118, -10.994999956999948 ], [ 24.13873505600003, -11.00352981799989 ], [ 24.135999840000181, -11.00900004499988 ], [ 24.131000160000042, -11.023999983999943 ], [ 24.13299996000012, -11.028999909999982 ], [ 24.140999879999981, -11.036000014999843 ], [ 24.162999744000047, -11.044999936999943 ], [ 24.163999536000176, -11.044999936999943 ], [ 24.167999495000117, -11.044000013999892 ], [ 24.17899965200013, -11.032999924999956 ], [ 24.176242900000148, -11.022844588999817 ], [ 24.17624319000015, -11.02284440699998 ], [ 24.187565849000066, -11.015768891999926 ], [ 24.203414842000029, -11.013692078999952 ], [ 24.203415240000027, -11.013692119999973 ], [ 24.218331429999978, -11.01964284099995 ], [ 24.224941800000181, -11.022279968999896 ], [ 24.238136976000192, -11.030678603999888 ], [ 24.240128040000116, -11.031945880999956 ], [ 24.255950948000134, -11.040389491999917 ], [ 24.287541772000054, -11.033970876999888 ], [ 24.287542200000075, -11.03397092099982 ], [ 24.302071551000097, -11.039553287999922 ], [ 24.303603960000146, -11.040142053999887 ], [ 24.31108152000013, -11.043014982999921 ], [ 24.315448672000173, -11.045174433999875 ], [ 24.326906040000097, -11.05083974799993 ], [ 24.327870607000079, -11.051108384999964 ], [ 24.344005680000066, -11.055602060999888 ], [ 24.368685480000181, -11.07045617599988 ], [ 24.38513316000018, -11.082627219999893 ], [ 24.406698240000139, -11.131233950999956 ], [ 24.404735875000028, -11.136768932999814 ], [ 24.404409360000102, -11.13768987799989 ], [ 24.40437524500004, -11.138050044999943 ], [ 24.403537440000093, -11.146894926999892 ], [ 24.404661759000135, -11.151365360999932 ], [ 24.406887240000117, -11.160213943999963 ], [ 24.405058440000175, -11.165515919999962 ], [ 24.39927324000007, -11.171531968999943 ], [ 24.398817840000049, -11.187526950999882 ], [ 24.408931320000136, -11.19829683099988 ], [ 24.411373200000071, -11.236086213999954 ], [ 24.406236720000152, -11.263167705999876 ], [ 24.396018840000067, -11.294756159999963 ], [ 24.384555720000037, -11.317345024999895 ], [ 24.37499592000006, -11.339052621999826 ], [ 24.359823268000184, -11.347253635999891 ], [ 24.35532336000017, -11.349685848999968 ], [ 24.345794520000084, -11.358719217999976 ], [ 24.327395640000134, -11.366911078999919 ], [ 24.317786065, -11.371016701999906 ], [ 24.309631800000091, -11.374500507999926 ], [ 24.299486280000167, -11.37671796099994 ], [ 24.295517280000013, -11.386519025999974 ], [ 24.299618711, -11.388822453999921 ], [ 24.301599414, -11.389934840999956 ], [ 24.309375057000068, -11.390090980999901 ], [ 24.310460816000102, -11.390110940999875 ], [ 24.31721081500001, -11.388460958999872 ], [ 24.317211240000177, -11.388461004999954 ], [ 24.322437120000188, -11.390145961999849 ], [ 24.325622280000118, -11.391172932999893 ], [ 24.333959131000086, -11.403854643999978 ], [ 24.347901163000074, -11.403895972999862 ], [ 24.363121596000042, -11.399643055999945 ], [ 24.373894286, -11.400222787999951 ], [ 24.373894680000035, -11.400222809999946 ], [ 24.384022560000119, -11.405113170999925 ], [ 24.399205920000156, -11.416002120999906 ], [ 24.403213646000097, -11.423957866999956 ], [ 24.403935960000013, -11.425391710999918 ], [ 24.411818299, -11.426196810999954 ], [ 24.413114922000091, -11.426329246999956 ], [ 24.415973899000107, -11.426621261999969 ], [ 24.425162587000102, -11.426852309999902 ], [ 24.425163, -11.426852320999899 ], [ 24.437815200000102, -11.436131696999951 ], [ 24.445066320000024, -11.451145897999936 ], [ 24.456458633000182, -11.457302843999969 ], [ 24.472633195000185, -11.451529774999869 ], [ 24.489427547000105, -11.451642972999934 ], [ 24.489428040000064, -11.451643025999942 ], [ 24.502415622000115, -11.453205335999883 ], [ 24.502416120000134, -11.453205395999873 ], [ 24.523308709000162, -11.461763952999888 ], [ 24.538863446000107, -11.450413482999977 ], [ 24.550284081000143, -11.445138740999937 ], [ 24.566443034000145, -11.445853805999946 ], [ 24.587037184000053, -11.446989537999912 ], [ 24.594332578999968, -11.444082824999953 ], [ 24.598175217000119, -11.427802097999972 ], [ 24.611209730000098, -11.410515250999879 ], [ 24.625477244000024, -11.407165531999908 ], [ 24.63371655900005, -11.407063616999949 ], [ 24.649585713000192, -11.396645932999945 ], [ 24.66930470200009, -11.367162217999919 ], [ 24.697883647000083, -11.342843877999883 ], [ 24.739148983000064, -11.313896424999939 ], [ 24.754376254000135, -11.306859818999897 ], [ 24.770219846000089, -11.306949046999932 ], [ 24.791450834000102, -11.306864764999887 ], [ 24.805708628000104, -11.307532475999949 ], [ 24.805708956000103, -11.307532527999967 ], [ 24.805709280000144, -11.307532542999979 ], [ 24.819014387000152, -11.309637717999976 ], [ 24.843415725000114, -11.308171560999938 ], [ 24.866914712000096, -11.287739681999938 ], [ 24.874227746000145, -11.277720838999926 ], [ 24.883741101000112, -11.274868217999938 ], [ 24.883741557000121, -11.274868362999882 ], [ 24.895456920000015, -11.278563984999948 ], [ 24.90369165900006, -11.28000775299995 ], [ 24.929701194000131, -11.269531161999964 ], [ 24.95726565700005, -11.271152148999874 ], [ 25.00977450400012, -11.265071929999976 ], [ 25.01603849900016, -11.26202991699995 ], [ 25.033988447000127, -11.262567845999968 ], [ 25.047944559000086, -11.25945988899997 ], [ 25.047945360000028, -11.259459969999966 ], [ 25.060315913000125, -11.261654912999859 ], [ 25.094569567000121, -11.261128823999911 ], [ 25.102008602000012, -11.258994935999965 ], [ 25.102009440000131, -11.258995019999929 ], [ 25.109944737000035, -11.260534849999885 ], [ 25.121590428000047, -11.259743872999934 ], [ 25.121591280000075, -11.259743958999934 ], [ 25.13022444000012, -11.260817882999959 ], [ 25.134010200000034, -11.266995028999929 ], [ 25.140315743000144, -11.268548739999972 ], [ 25.146596371000044, -11.26734377899993 ], [ 25.146597240000176, -11.267343865999919 ], [ 25.15406751300003, -11.268657772999916 ], [ 25.167941476000181, -11.257032799999934 ], [ 25.207537486000035, -11.254605871999956 ], [ 25.321978158000036, -11.232612908999954 ], [ 25.33537469800018, -11.22921261099998 ], [ 25.341491694000069, -11.220703169999979 ], [ 25.335401065000156, -11.229205917999877 ], [ 25.347134576000144, -11.226227695999853 ], [ 25.347134822000157, -11.226227994999874 ], [ 25.3471356, -11.226227796999922 ], [ 25.349979240000096, -11.229700903999969 ], [ 25.337184741000101, -11.242074367999976 ], [ 25.333462080000061, -11.245674423999958 ], [ 25.332126860000074, -11.250803210999948 ], [ 25.328343600000039, -11.265334784999936 ], [ 25.328455131000112, -11.268170281999971 ], [ 25.32894011999997, -11.280499990999886 ], [ 25.327250443000082, -11.285693280999965 ], [ 25.32255444000009, -11.300126134999914 ], [ 25.312714920000076, -11.306680012999948 ], [ 25.304465429000061, -11.316636616999972 ], [ 25.303180320000081, -11.318187628999965 ], [ 25.312641120000023, -11.336664030999884 ], [ 25.313781694000056, -11.344944256999952 ], [ 25.314820199999986, -11.352483301999882 ], [ 25.302427200000125, -11.366699094999888 ], [ 25.29259092000018, -11.372015236999914 ], [ 25.290962280000088, -11.389900256999965 ], [ 25.293927066000037, -11.400018215999978 ], [ 25.299888609000106, -11.420362143999967 ], [ 25.29993639900016, -11.420525219999888 ], [ 25.300963718000162, -11.424030823999942 ], [ 25.302274920000116, -11.428505079999979 ], [ 25.308880348000059, -11.446105028999909 ], [ 25.316441280000049, -11.466249528999924 ], [ 25.317819667000094, -11.490106023999942 ], [ 25.317960840000183, -11.492549265999969 ], [ 25.317148361000022, -11.512268783999957 ], [ 25.316613000000189, -11.525261632999957 ], [ 25.320003840000084, -11.563648935999936 ], [ 25.324144035000074, -11.569040615999882 ], [ 25.331307034000076, -11.578368576999935 ], [ 25.335481320000156, -11.583804363999946 ], [ 25.339892760000112, -11.593797950999942 ], [ 25.345528560000105, -11.621424267999828 ], [ 25.373357280000164, -11.644356048999953 ], [ 25.376461191000033, -11.645598436999933 ], [ 25.398049320000041, -11.654239258999951 ], [ 25.404418759000066, -11.658024909999938 ], [ 25.413237, -11.66326590999995 ], [ 25.435392656000033, -11.673702252999874 ], [ 25.45693811700005, -11.674243423999826 ], [ 25.456938515000047, -11.674243517999912 ], [ 25.456939200000022, -11.674243534999903 ], [ 25.470418458000097, -11.677397934999874 ], [ 25.474673880000125, -11.67839377699994 ], [ 25.489849680000077, -11.692358915999819 ], [ 25.497407160000137, -11.711688724999931 ], [ 25.499916, -11.722247333999917 ], [ 25.50813624, -11.729862135999895 ], [ 25.508135115000186, -11.729862020999974 ], [ 25.50813464099997, -11.729861581999955 ], [ 25.496999971000093, -11.726000332999945 ], [ 25.495783505000134, -11.736947756999882 ], [ 25.495738838000079, -11.737349722999909 ], [ 25.494999840000048, -11.743999995999957 ], [ 25.490000160000079, -11.757000024999968 ], [ 25.484000040000126, -11.761999965999962 ], [ 25.484000040000126, -11.771999923999942 ], [ 25.48800000000017, -11.779000028999974 ], [ 25.497000000000185, -11.785000024999817 ], [ 25.505998884000121, -11.785999827999945 ], [ 25.517998751000107, -11.77899991299995 ], [ 25.531998777000069, -11.777000000999919 ], [ 25.548998681000171, -11.767999866999901 ], [ 25.562998709000169, -11.759999986999958 ], [ 25.562999880000177, -11.760000106999883 ], [ 25.576998776999972, -11.76199980399997 ], [ 25.583998927999971, -11.754999830999964 ], [ 25.591998840000031, -11.741999881999902 ], [ 25.59399863800013, -11.735999817999982 ], [ 25.600998830000037, -11.733999942999958 ], [ 25.608998742000097, -11.733999942999958 ], [ 25.608999546000177, -11.734000065999965 ], [ 25.60899996, -11.734000065999965 ], [ 25.621999920000064, -11.735999939999886 ], [ 25.628999682000142, -11.737999849999881 ], [ 25.634998635999978, -11.737999849999881 ], [ 25.645998786000121, -11.728999835999957 ], [ 25.649998900000185, -11.728999963999968 ], [ 25.65, -11.728999963999968 ], [ 25.655000040000061, -11.732999946999826 ], [ 25.658878722000168, -11.741835265999896 ], [ 25.661741683000173, -11.748356670999897 ], [ 25.665456450000136, -11.756818134999946 ], [ 25.67300004000009, -11.774000047999948 ], [ 25.677000000000135, -11.782000042999925 ], [ 25.677018345000135, -11.78201004899995 ], [ 25.688000160000058, -11.787999972999955 ], [ 25.694370905000028, -11.789911310999912 ], [ 25.69799988, -11.791000063999945 ], [ 25.70799996, -11.807000048999953 ], [ 25.714000080000119, -11.812999953999906 ], [ 25.718354762000047, -11.815612736999981 ], [ 25.718999987000018, -11.81599986599997 ], [ 25.740998736000051, -11.816999798999916 ], [ 25.74099935400011, -11.816999902999839 ], [ 25.74100008, -11.816999934999842 ], [ 25.773608281000179, -11.822314816999949 ], [ 25.783999920000156, -11.823999933999914 ], [ 25.797999513000036, -11.826999883999974 ], [ 25.81899841500001, -11.827999784999861 ], [ 25.823998448000111, -11.827999783999928 ], [ 25.835998675000099, -11.823999787999924 ], [ 25.849998697000103, -11.8149998049999 ], [ 25.862998641000161, -11.801999907999971 ], [ 25.8719986320001, -11.797999881999942 ], [ 25.871999800000026, -11.798000172999934 ], [ 25.872000120000052, -11.798000030999958 ], [ 25.880000040000084, -11.799999962999948 ], [ 25.886999880000133, -11.80600002299991 ], [ 25.890000120000082, -11.812999953999906 ], [ 25.894000080000069, -11.835999913999899 ], [ 25.898000040000113, -11.847000015999868 ], [ 25.902565174000188, -11.85498918299993 ], [ 25.904557193000073, -11.858475219999946 ], [ 25.904754007000179, -11.858819644999926 ], [ 25.905999960000145, -11.861000039999965 ], [ 25.918999920000033, -11.875000042999943 ], [ 25.933999370000095, -11.879999693999935 ], [ 25.959998374000122, -11.877999891999934 ], [ 25.959998833000043, -11.878000136999958 ], [ 25.959999960000061, -11.878000049999855 ], [ 25.975000080000029, -11.885999962999961 ], [ 25.986999960000105, -11.89800000199989 ], [ 25.989999840000166, -11.905000012999892 ], [ 25.990999920000149, -11.91000003399995 ], [ 25.990479768000057, -11.911387180999895 ], [ 25.988000040000088, -11.918000050999922 ], [ 25.98000012, -11.928000044999976 ], [ 25.979299292000121, -11.929751968999938 ], [ 25.977999960000091, -11.932999989999871 ], [ 25.980999840000152, -11.936999948999926 ], [ 25.989999255000043, -11.940999764999845 ], [ 26.010998439000048, -11.938999919999844 ], [ 26.011000080000088, -11.939000082999939 ], [ 26.019389408000052, -11.940006811999922 ], [ 26.035998627000026, -11.941999924999891 ], [ 26.068998325000166, -11.942999781999958 ], [ 26.136998274000121, -11.939999788999955 ], [ 26.13745647900015, -11.939934332999883 ], [ 26.151918155000146, -11.93785459299994 ], [ 26.169997986000112, -11.934999794999896 ], [ 26.169999009000094, -11.93500010899993 ], [ 26.169999840000116, -11.934999976999904 ], [ 26.182999562000134, -11.938999898999839 ], [ 26.191998277000096, -11.938999898999839 ], [ 26.19699794800016, -11.932999804999952 ], [ 26.200998262000041, -11.928999784999917 ], [ 26.211998046000133, -11.927999856999975 ], [ 26.211998806, -11.928000149999832 ], [ 26.211999960000128, -11.928000044999976 ], [ 26.25099984000002, -11.942999952999969 ], [ 26.279997988000048, -11.945999695999888 ], [ 26.28, -11.945999903999905 ], [ 26.286999840000078, -11.947999969999955 ], [ 26.298, -11.95300006999986 ], [ 26.301999960000103, -11.958000076999951 ], [ 26.312000040000044, -11.962999989999901 ], [ 26.321999447000053, -11.96599986699988 ], [ 26.329997954000078, -11.965999865999947 ], [ 26.334997986000076, -11.964999725999974 ], [ 26.350997799000083, -11.955999702999975 ], [ 26.364997816000027, -11.943999790999897 ], [ 26.373997800000041, -11.938999874999922 ], [ 26.391997770000046, -11.929999857999974 ], [ 26.407997942000179, -11.920999892999873 ], [ 26.408997660000125, -11.919999759999939 ], [ 26.427997709000181, -11.914999745999921 ], [ 26.443997882000019, -11.914999743999942 ], [ 26.443998932000113, -11.914999961999968 ], [ 26.44400016000003, -11.914999961999968 ], [ 26.450781918000189, -11.916412854999976 ], [ 26.453882734000103, -11.91705886799997 ], [ 26.45676196800008, -11.917658716999938 ], [ 26.456650376000084, -11.916584905999912 ], [ 26.456762526000148, -11.917658832999962 ], [ 26.457100009000101, -11.917729142999974 ], [ 26.45746225400012, -11.917804611999941 ], [ 26.467999920000182, -11.91999997399995 ], [ 26.487, -11.928999970999939 ], [ 26.498369143000048, -11.939852585999972 ], [ 26.501807734000067, -11.943134866999912 ], [ 26.507560472000137, -11.948626008999952 ], [ 26.50899996000004, -11.95000002199987 ], [ 26.511802929000055, -11.951509345999966 ], [ 26.51640226100011, -11.953985945999875 ], [ 26.521999920000098, -11.957000082999969 ], [ 26.526478064000059, -11.958221368999943 ], [ 26.533000080000022, -11.960000052999931 ], [ 26.542967524000176, -11.965436958999931 ], [ 26.543999880000172, -11.966000068999961 ], [ 26.55900000000014, -11.978999963999911 ], [ 26.569998734000137, -11.981999648999874 ], [ 26.583997323000119, -11.97999981199996 ], [ 26.597997337000095, -11.970999766999967 ], [ 26.597999438000045, -11.971000292999975 ], [ 26.597999880000032, -11.971000008999965 ], [ 26.601999840000076, -11.97199994999994 ], [ 26.610000120000166, -11.978000047999956 ], [ 26.624999880000075, -11.980000050999877 ], [ 26.629999920000103, -11.9820000389999 ], [ 26.633606008000015, -11.984404014999939 ], [ 26.635999670000047, -11.985999722999907 ], [ 26.662997377000124, -11.985999717999903 ], [ 26.662998885000093, -11.985999969999909 ], [ 26.663000040000099, -11.985999969999909 ], [ 26.669000160000053, -11.98700003099998 ], [ 26.691999840000051, -11.991999928999974 ], [ 26.703, -12.002999973999977 ], [ 26.707999825000059, -12.008999644999903 ], [ 26.717997352000111, -12.008999641999935 ], [ 26.723997097000108, -12.002999711999962 ], [ 26.729997203999972, -11.996999822999953 ], [ 26.741997058000038, -11.987999647999914 ], [ 26.754996990000109, -11.973999730999935 ], [ 26.759997018000092, -11.970999741999947 ], [ 26.761997176000023, -11.969999794999978 ], [ 26.763996970000107, -11.966999761999944 ], [ 26.768996999000024, -11.965999799999963 ], [ 26.774997107000161, -11.962999719999971 ], [ 26.789997194000023, -11.963999688999934 ], [ 26.789997447000133, -11.96399978199986 ], [ 26.790000120000116, -11.963999960999956 ], [ 26.798000040000147, -11.967000029999951 ], [ 26.800796844999979, -11.96995229099997 ], [ 26.802122133000069, -11.971351232999893 ], [ 26.816000040000176, -11.985999969999909 ], [ 26.827998373000185, -11.992999065999925 ], [ 26.834997102999978, -11.989999735999959 ], [ 26.851996985000085, -11.982999655999947 ], [ 26.855996935000064, -11.980999674999907 ], [ 26.85599962900011, -11.98100014299996 ], [ 26.856, -11.980999957999927 ], [ 26.878998385000045, -11.984999792999929 ], [ 26.8839969550001, -11.98499979099995 ], [ 26.890996778000101, -11.979999760999874 ], [ 26.896996882000053, -11.974999812999954 ], [ 26.899996756000064, -11.969999769999902 ], [ 26.90199691100014, -11.965999776999979 ], [ 26.902996988000154, -11.964999636999892 ], [ 26.907996654000158, -11.954999614999906 ], [ 26.922996737000176, -11.94099972999993 ], [ 26.936996745000044, -11.933999775999951 ], [ 26.953996621000101, -11.918999712999948 ], [ 26.962996598000188, -11.902999672999954 ], [ 26.967996622000157, -11.885999657999946 ], [ 26.970996494000019, -11.879999613999928 ], [ 26.979996471000163, -11.876999802999933 ], [ 26.985996574000183, -11.861999731999902 ], [ 26.995996629000103, -11.853999633999933 ], [ 27.000996656000154, -11.853999632999944 ], [ 27.007996478000052, -11.846999704999917 ], [ 27.009996632000025, -11.83899969099997 ], [ 27.007996476000073, -11.833999760999973 ], [ 26.998996495000142, -11.816999625999927 ], [ 26.999996571000111, -11.809999620999974 ], [ 27.004996597000115, -11.79899977599996 ], [ 27.005996673000084, -11.791999658999941 ], [ 27.005996670000172, -11.77999966699997 ], [ 27.007996464000087, -11.766999679999913 ], [ 27.012996488000056, -11.752999729999942 ], [ 27.014996641999971, -11.750999802999843 ], [ 27.023996621000094, -11.742999775999976 ], [ 27.031996515000117, -11.722999651999828 ], [ 27.043996364000122, -11.714999682999974 ], [ 27.047996314000159, -11.707999694999955 ], [ 27.048996388000091, -11.698999751999963 ], [ 27.044996434999973, -11.679999720999945 ], [ 27.038996519000023, -11.670000057999914 ], [ 27.038000160000138, -11.670000057999914 ], [ 27.037999878999983, -11.66999974099997 ], [ 27.037996610000164, -11.66999974099997 ], [ 27.02999635000009, -11.660999783999955 ], [ 27.024996321, -11.651999706999959 ], [ 27.02499631500001, -11.627999761999945 ], [ 27.024996313000031, -11.616999637999925 ], [ 27.027996545000121, -11.610999656999979 ], [ 27.037996597000074, -11.604999719999967 ], [ 27.043996343, -11.602999594999915 ], [ 27.043999893000148, -11.602999803999921 ], [ 27.077996456000051, -11.604999711999938 ], [ 27.078000120000183, -11.605000035999979 ], [ 27.088996230000191, -11.605999757999825 ], [ 27.099996358000112, -11.603999647999956 ], [ 27.113996360000101, -11.597999733999927 ], [ 27.118996388000141, -11.594999640999959 ], [ 27.135996262000162, -11.595999553999832 ], [ 27.135996667000143, -11.595999688999939 ], [ 27.136000080000144, -11.59599988999986 ], [ 27.146046637000154, -11.599348913999847 ], [ 27.14799894700019, -11.599999712999931 ], [ 27.156996086000049, -11.599999710999953 ], [ 27.165996060000111, -11.595999547999895 ], [ 27.176996189000135, -11.586999634999927 ], [ 27.184996087000172, -11.582999637999876 ], [ 27.192995982000127, -11.575999635999949 ], [ 27.199996163000151, -11.56799961899992 ], [ 27.205995904000133, -11.567999617999931 ], [ 27.205996115000062, -11.567999967999924 ], [ 27.205999920000124, -11.567999967999924 ], [ 27.206094212000096, -11.568157110999891 ], [ 27.206122075000053, -11.568203547999929 ], [ 27.206893383000079, -11.569488972999977 ], [ 27.207153077000044, -11.569921766999869 ], [ 27.209000160000016, -11.573000004999926 ], [ 27.213000120000061, -11.586999978999927 ], [ 27.219078811000031, -11.611990688999981 ], [ 27.222000120000075, -11.623999968999954 ], [ 27.22299984, -11.629000048999956 ], [ 27.226000080000119, -11.656000071999927 ], [ 27.226906532000157, -11.713492406999933 ], [ 27.227168233000043, -11.728934144999926 ], [ 27.227252836, -11.733926017999977 ], [ 27.227469419999977, -11.746704724999915 ], [ 27.227628854000045, -11.756111169999883 ], [ 27.227999880000027, -11.778000074999909 ], [ 27.23100012000009, -11.783999916999846 ], [ 27.231999840000015, -11.787000051999939 ], [ 27.239000040000121, -11.796000083999957 ], [ 27.245999880000056, -11.801000010999928 ], [ 27.255997337000053, -11.801999793999869 ], [ 27.270995930000026, -11.802999556999964 ], [ 27.270996215000139, -11.802999663999969 ], [ 27.271000080000192, -11.802999921999913 ], [ 27.286999920000085, -11.808999914999958 ], [ 27.290999880000129, -11.809999930999936 ], [ 27.296217453000054, -11.813320180999938 ], [ 27.302000040000053, -11.816999934999842 ], [ 27.317999880000173, -11.829999991999955 ], [ 27.330999840000175, -11.835999913999899 ], [ 27.35100000000017, -11.852999913999895 ], [ 27.369, -11.860000037999896 ], [ 27.384000120000167, -11.872000002999812 ], [ 27.39700008, -11.875999989999912 ], [ 27.407000160000166, -11.895000041999936 ], [ 27.434999880000191, -11.905000012999892 ], [ 27.438266227000156, -11.906959823999955 ], [ 27.450000000000159, -11.913999983999815 ], [ 27.462999960000161, -11.928000044999976 ], [ 27.464998015000049, -11.931996156999958 ], [ 27.468000000000188, -11.938000017999968 ], [ 27.471999960000176, -11.960000052999931 ], [ 27.470983156999978, -11.965338454999937 ], [ 27.468127480000078, -11.980330711999898 ], [ 27.467340456000159, -11.987606634999906 ], [ 27.465999840000052, -11.999999958999922 ], [ 27.464000040000144, -12.016000001999942 ], [ 27.466999920000035, -12.034999967999852 ], [ 27.471999960000176, -12.0480000149999 ], [ 27.474000120000142, -12.052000009999915 ], [ 27.483000120000156, -12.058000064999874 ], [ 27.491000040000188, -12.060999952999907 ], [ 27.497000160000141, -12.066999979999878 ], [ 27.505115308000143, -12.094592582999951 ], [ 27.50592755700012, -12.097354178999979 ], [ 27.5059295370001, -12.097360908999917 ], [ 27.50699988000008, -12.100999969999918 ], [ 27.507052115000079, -12.10288040699993 ], [ 27.507316081000056, -12.112382811999908 ], [ 27.507999960000063, -12.137000033999982 ], [ 27.51500016000017, -12.157000055999958 ], [ 27.525999960000092, -12.173999985999899 ], [ 27.536648025000147, -12.184648320999884 ], [ 27.546999840000183, -12.194999984999924 ], [ 27.564999840000041, -12.210000084999876 ], [ 27.576000000000192, -12.214999985999953 ], [ 27.601999920000083, -12.218000020999966 ], [ 27.608000040000036, -12.221000021999942 ], [ 27.613000080000177, -12.223999987999889 ], [ 27.618999840000129, -12.233000032999826 ], [ 27.626000040000065, -12.260000064999872 ], [ 27.627999840000143, -12.269999965999943 ], [ 27.631000080000035, -12.274999948999891 ], [ 27.646999920000155, -12.284999978999963 ], [ 27.655996210000183, -12.286999112999922 ], [ 27.672994501000062, -12.282999542999846 ], [ 27.67299961100008, -12.282999542999846 ], [ 27.67999467500016, -12.282999540999924 ], [ 27.679996655000139, -12.282999936999943 ], [ 27.679999275000171, -12.282999936999943 ], [ 27.679999606000081, -12.28300000299987 ], [ 27.680000040000152, -12.28300000299987 ], [ 27.691339061000178, -12.285267759999954 ], [ 27.694995992000145, -12.285999125999979 ], [ 27.71199459900015, -12.280999541999904 ], [ 27.711998683000161, -12.281000124999878 ], [ 27.711999298000137, -12.280999944999962 ], [ 27.712000080000166, -12.281000011999936 ], [ 27.725387757000078, -12.282912523999926 ], [ 27.725388782000039, -12.282912714999952 ], [ 27.725999330000093, -12.282999934999964 ], [ 27.757902777000083, -12.288981704999912 ], [ 27.757995435999987, -12.288999000999922 ], [ 27.764994318000163, -12.285999474999812 ], [ 27.77499435600015, -12.273999612999944 ], [ 27.78399432100008, -12.269999476999885 ], [ 27.808994062000068, -12.263999504999958 ], [ 27.815994233000083, -12.259999565999919 ], [ 27.816993948000118, -12.25999956499993 ], [ 27.819994176000023, -12.253999545999875 ], [ 27.813994074000107, -12.2339995399999 ], [ 27.817994016000114, -12.229999494999959 ], [ 27.817999078000184, -12.229999922999923 ], [ 27.817999920000034, -12.229999993999911 ], [ 27.826999920000048, -12.231000010999878 ], [ 27.852000120000014, -12.241999943999929 ], [ 27.865995319000092, -12.243999189999954 ], [ 27.879993688000013, -12.241999426999939 ], [ 27.889993727000103, -12.241999422999982 ], [ 27.908993727999984, -12.241999418999967 ], [ 27.91799369, -12.239999462999947 ], [ 27.917995550000171, -12.240000703999954 ], [ 27.917999098000109, -12.239999914999885 ], [ 27.91799940900006, -12.240000121999913 ], [ 27.918000000000177, -12.23999999099982 ], [ 27.920999880000068, -12.241999943999929 ], [ 27.924999840000112, -12.248000062999949 ], [ 27.92707448800013, -12.255520684999965 ], [ 27.933000120000145, -12.276999984999918 ], [ 27.943946164000067, -12.296155804999955 ], [ 27.945, -12.297999968999932 ], [ 27.952999920000082, -12.313999996999939 ], [ 27.952999920000082, -12.326000117999968 ], [ 27.947999880000111, -12.339999937999949 ], [ 27.95000004000002, -12.349999923999917 ], [ 27.954998535000186, -12.353998819999958 ], [ 27.961993455000027, -12.352999444999853 ], [ 27.975993432000109, -12.344999435999966 ], [ 27.984993392000149, -12.340999512999929 ], [ 27.988993333000053, -12.338999440999942 ], [ 27.991993560000026, -12.338999439999952 ], [ 27.991994971000054, -12.33899990999987 ], [ 27.99199945600003, -12.338999988999888 ], [ 27.992000160000089, -12.338999988999888 ], [ 27.997999920000154, -12.341000059999885 ], [ 28.007386322000173, -12.346631807999927 ], [ 28.008460557000149, -12.347276329999886 ], [ 28.012999703000048, -12.349999721999893 ], [ 28.030993270000124, -12.350999445999946 ], [ 28.037993080000035, -12.35099944399991 ], [ 28.045993324000108, -12.350999440999942 ], [ 28.060993013000143, -12.349999353999976 ], [ 28.062993163999977, -12.349999353999976 ], [ 28.062995284000181, -12.349999842999978 ], [ 28.062999092000155, -12.349999842999978 ], [ 28.062999499000057, -12.349999936999893 ], [ 28.063000080000052, -12.349999923999917 ], [ 28.076000040000054, -12.352999983999894 ], [ 28.086999839999976, -12.359000001999846 ], [ 28.087797701, -12.360595713999885 ], [ 28.093345165000187, -12.371690290999936 ], [ 28.093357678000075, -12.371717248999914 ], [ 28.093999033000102, -12.372999887999924 ], [ 28.101865204000035, -12.390044015999933 ], [ 28.102032843000131, -12.390405126999951 ], [ 28.110973388000104, -12.409775762999971 ], [ 28.112000040000112, -12.412000018999947 ], [ 28.118000160000065, -12.429999928999905 ], [ 28.121758115000091, -12.433131727999864 ], [ 28.123999920000188, -12.434999982999898 ], [ 28.126785105000181, -12.435557073999973 ], [ 28.128993708000053, -12.435998835999953 ], [ 28.138992794000103, -12.428999383999894 ], [ 28.14599260000017, -12.427999424999939 ], [ 28.146992673000057, -12.417999474999874 ], [ 28.143992806000085, -12.413999455999942 ], [ 28.146992668000166, -12.406999448999954 ], [ 28.152992758000096, -12.397999459999937 ], [ 28.164992575000099, -12.386999279999884 ], [ 28.173992530000191, -12.382999480999956 ], [ 28.180992696000089, -12.382999476999942 ], [ 28.180992927000034, -12.382999997999889 ], [ 28.180999133, -12.383000085999925 ], [ 28.18100016, -12.383000085999925 ], [ 28.183522835000133, -12.388676294999982 ], [ 28.186417876000121, -12.395190205999938 ], [ 28.188135840000143, -12.399055589999932 ], [ 28.189000080000085, -12.401000089999968 ], [ 28.191662017000112, -12.40170993199996 ], [ 28.197189763000097, -12.40318397599998 ], [ 28.203999840000165, -12.404999958999952 ], [ 28.21299984000018, -12.406000002999917 ], [ 28.220000040000116, -12.409999970999934 ], [ 28.225402779000149, -12.416003111999885 ], [ 28.22602986000004, -12.416699869999889 ], [ 28.22900004000013, -12.420000055999935 ], [ 28.234997474000068, -12.422998662999873 ], [ 28.241992244000073, -12.421999399999891 ], [ 28.258992075000037, -12.412999405999869 ], [ 28.264992162000055, -12.412999402999958 ], [ 28.264993249999975, -12.412999946999946 ], [ 28.264999096000111, -12.41300003799995 ], [ 28.265000040000189, -12.41300003799995 ], [ 28.273492712000177, -12.417246449999936 ], [ 28.280997308000053, -12.420998757999882 ], [ 28.305991992000088, -12.417999422999969 ], [ 28.305997995000155, -12.418000088999918 ], [ 28.305998926000143, -12.417999977999898 ], [ 28.306000080000047, -12.418000070999938 ], [ 28.30750460400003, -12.418167238999899 ], [ 28.315000080000061, -12.419000065999967 ], [ 28.315418775000182, -12.419209413999965 ], [ 28.326999960000137, -12.424999953999929 ], [ 28.330999920000181, -12.428999976999933 ], [ 28.338000120000117, -12.434999982999898 ], [ 28.341491696000162, -12.439364539999872 ], [ 28.346000040000149, -12.44499997399987 ], [ 28.352295578000053, -12.450988795999876 ], [ 28.354858534000186, -12.453426843999978 ], [ 28.35561675200006, -12.454149145999963 ], [ 28.386998866999988, -12.483999897999979 ], [ 28.387904003000131, -12.484905063999918 ], [ 28.38792756100014, -12.484927502999824 ], [ 28.396926803000042, -12.493926857999952 ], [ 28.403544013000101, -12.500543949999894 ], [ 28.40400000000011, -12.500999921999949 ], [ 28.416999960000112, -12.507999997999889 ], [ 28.442000160000077, -12.516000025999858 ], [ 28.444810487000154, -12.519211909999967 ], [ 28.449000000000183, -12.523999977999893 ], [ 28.450000080000109, -12.530000040999937 ], [ 28.44299988, -12.556999892999954 ], [ 28.443634814000177, -12.55890460899991 ], [ 28.445000040000139, -12.563000056999954 ], [ 28.451000160000092, -12.569000078999977 ], [ 28.473000120000165, -12.581000049999886 ], [ 28.475565601000028, -12.582811010999876 ], [ 28.478018778000092, -12.584542685999907 ], [ 28.48084852500017, -12.586540162999881 ], [ 28.484524749000059, -12.589135133999832 ], [ 28.487244116000113, -12.59105466099993 ], [ 28.489449866000143, -12.592611629999965 ], [ 28.489635275000126, -12.592742503999943 ], [ 28.490000040000041, -12.592999978999956 ], [ 28.499001878, -12.601655899999912 ], [ 28.515999960000102, -12.617999982999891 ], [ 28.522000080000055, -12.627999995999971 ], [ 28.523000160000038, -12.631999995999877 ], [ 28.523000160000038, -12.634000059999835 ], [ 28.519231435000052, -12.650331135999977 ], [ 28.518737701000077, -12.652470565999977 ], [ 28.517000040000084, -12.659999975999881 ], [ 28.51536373600004, -12.665726520999954 ], [ 28.514999880000119, -12.666999880999981 ], [ 28.514000160000023, -12.673999942999899 ], [ 28.509000120000053, -12.678999942999894 ], [ 28.500000120000038, -12.683000011999923 ], [ 28.477000080000153, -12.684000018999882 ], [ 28.464000120000151, -12.690999958999953 ], [ 28.455999840000061, -12.699000003999856 ], [ 28.454000040000153, -12.706999967999877 ], [ 28.455000120000136, -12.708999962999826 ], [ 28.455284395000092, -12.710137188999965 ], [ 28.456999920000044, -12.716999960999942 ], [ 28.464999840000075, -12.734000052999932 ], [ 28.46942615, -12.739606813999956 ], [ 28.471796403000099, -12.742609136999931 ], [ 28.474058150000133, -12.745473985999922 ], [ 28.474307393000061, -12.745789687999945 ], [ 28.479999960000043, -12.753000039999961 ], [ 28.485472946000073, -12.758473192999929 ], [ 28.487730834000047, -12.760731115999931 ], [ 28.48986856199997, -12.762868856999887 ], [ 28.503, -12.775999977999959 ], [ 28.506857133000096, -12.778892808999956 ], [ 28.506999960000087, -12.778999928999838 ], [ 28.513167854000073, -12.785168011999929 ], [ 28.520725218999985, -12.792725401999974 ], [ 28.52899992000016, -12.801000043999977 ], [ 28.536610168000095, -12.816220537999982 ], [ 28.539000000000101, -12.821000009999921 ], [ 28.542224854000153, -12.845186944999909 ], [ 28.542999960000145, -12.851000016999876 ], [ 28.544000040000128, -12.855999986999961 ], [ 28.55499984000005, -12.86699995399988 ], [ 28.563999840000065, -12.874999974999923 ], [ 28.567000080000128, -12.877999958999908 ], [ 28.568999880000035, -12.887000045999912 ], [ 28.572999348000053, -12.892999302999897 ], [ 28.579990571, -12.892999300999975 ], [ 28.581990356000176, -12.890999200999886 ], [ 28.58799043700003, -12.88499933199995 ], [ 28.59199037000019, -12.876999281999872 ], [ 28.599990232000039, -12.850999268999885 ], [ 28.604990238000028, -12.842999173999942 ], [ 28.607618850000108, -12.840131689999907 ], [ 28.616717406000078, -12.8301669089999 ], [ 28.623574664999978, -12.822656540999958 ], [ 28.625990336000143, -12.819999265999911 ], [ 28.633990204000156, -12.816999279999948 ], [ 28.633998146000124, -12.817000114999928 ], [ 28.633998636000172, -12.816999931999931 ], [ 28.634000040000103, -12.817000039999982 ], [ 28.639774257000113, -12.817607848999955 ], [ 28.653000120000058, -12.819000032999952 ], [ 28.655452008999987, -12.819817353999952 ], [ 28.658999880000181, -12.821000009999921 ], [ 28.6670001600001, -12.827000019999957 ], [ 28.677999960000193, -12.842000026999926 ], [ 28.68800004000019, -12.848000055999876 ], [ 28.698000120000131, -12.851000016999876 ], [ 28.70837892000003, -12.859491938999952 ], [ 28.708385209000085, -12.859498174999942 ], [ 28.708998450000138, -12.859999918999961 ], [ 28.721503331000179, -12.872504979999917 ], [ 28.72166450300017, -12.87266477999998 ], [ 28.725999840000156, -12.877000026999951 ], [ 28.733000040000093, -12.88599997599988 ], [ 28.734999840000171, -12.902000108999971 ], [ 28.739999880000141, -12.912999960999912 ], [ 28.752000120000048, -12.924999943999978 ], [ 28.756000080000092, -12.938000085999874 ], [ 28.756000080000092, -12.9389999469999 ], [ 28.762906955, -12.942837065999981 ], [ 28.764994779000119, -12.943996947999892 ], [ 28.769989445000192, -12.9419992199999 ], [ 28.773989377000191, -12.939999165999893 ], [ 28.773997832000134, -12.94000022299997 ], [ 28.773998551000091, -12.939999862999969 ], [ 28.774000080000121, -12.939999978999879 ], [ 28.776078679000079, -12.940259813999944 ], [ 28.779717560000165, -12.940714691999858 ], [ 28.782000000000153, -12.941000006999843 ], [ 28.789999920000014, -12.94599991299998 ], [ 28.793000160000133, -12.954000006999877 ], [ 28.791000000000167, -12.963999889999911 ], [ 28.79161317300003, -12.965103621999958 ], [ 28.794401354000058, -12.970122387999879 ], [ 28.796000039999967, -12.972999998999967 ], [ 28.801964314000031, -12.978964480999878 ], [ 28.812236142000074, -12.98923632899988 ], [ 28.814281561000143, -12.991281699999945 ], [ 28.819000080000023, -12.99600004499996 ], [ 28.821173544000089, -13.000075397999922 ], [ 28.827, -13.010999958999946 ], [ 28.83399984000016, -13.027000036999937 ], [ 28.834999920000087, -13.037000101999922 ], [ 28.83399984000016, -13.048999991999835 ], [ 28.834999920000087, -13.057000057999971 ], [ 28.839999960000114, -13.062000053999952 ], [ 28.846000080000067, -13.066999947999932 ], [ 28.847999880000145, -13.071999913999946 ], [ 28.846000080000067, -13.080999911999925 ], [ 28.83399984000016, -13.082000065999921 ], [ 28.830999960000099, -13.084000011999933 ], [ 28.83399984000016, -13.091000043999941 ], [ 28.842000120000023, -13.098000050999929 ], [ 28.84700016000005, -13.105999911999959 ], [ 28.850000040000054, -13.124000040999931 ], [ 28.84700016000005, -13.145000109999955 ], [ 28.849826538000116, -13.149239852999926 ], [ 28.852999920000116, -13.154000034999967 ], [ 28.856993006000096, -13.156994777999955 ], [ 28.862988764000079, -13.15099907799987 ], [ 28.869988555000077, -13.150999074999959 ], [ 28.869989279000094, -13.150999800999955 ], [ 28.869998349000184, -13.150999921999869 ], [ 28.86999984, -13.150999921999869 ], [ 28.874000160000094, -13.155000063999978 ], [ 28.874628684000186, -13.160029640999937 ], [ 28.874999774000173, -13.162999126999978 ], [ 28.885988645000168, -13.162999122999963 ], [ 28.896988363000105, -13.15799909499998 ], [ 28.896993436000059, -13.15800199499995 ], [ 28.896998200000098, -13.157999828999948 ], [ 28.89699904600019, -13.158000311999899 ], [ 28.896999840000035, -13.157999951999955 ], [ 28.904000039999971, -13.161999978999972 ], [ 28.910999880000077, -13.179000055999893 ], [ 28.912086165000176, -13.183344875999921 ], [ 28.913343002000147, -13.188371757999846 ], [ 28.914000120000139, -13.190999947999956 ], [ 28.921695135000107, -13.212161490999904 ], [ 28.921702520999986, -13.212186250999935 ], [ 28.921998377000136, -13.212999829999831 ], [ 28.929760015, -13.239195785999982 ], [ 28.929999960000089, -13.240000060999876 ], [ 28.941999840000108, -13.271999984999923 ], [ 28.945000080000057, -13.289000011999974 ], [ 28.946000159999983, -13.304000023999947 ], [ 28.950000120000027, -13.315999986999941 ], [ 28.964000160000012, -13.33400003099996 ], [ 28.968000120000056, -13.343000069999903 ], [ 28.968060224000055, -13.353841725999871 ], [ 28.968999839999981, -13.367000030999975 ], [ 28.973999880000179, -13.374000075999959 ], [ 28.975328849000107, -13.37532892299987 ], [ 28.975999158000036, -13.375999168999897 ], [ 28.981988145000059, -13.375999165999929 ], [ 28.992987859000152, -13.367999159999954 ], [ 28.992993816000023, -13.368003132999831 ], [ 28.992998231000115, -13.3679999229999 ], [ 28.992999225000176, -13.368000584999891 ], [ 28.992999960000191, -13.368000049999921 ], [ 28.99521106900005, -13.369474112999967 ], [ 28.999000080000144, -13.372000083999978 ], [ 29.000999880000052, -13.378000008999891 ], [ 28.999000080000144, -13.384999904999972 ], [ 28.991000160000056, -13.391999944999895 ], [ 28.999000080000144, -13.411000042999888 ], [ 29.004000120000114, -13.416000046999955 ], [ 29.011996455000144, -13.417999122999902 ], [ 29.01998767200007, -13.417999119999934 ], [ 29.028987599000175, -13.411999149999872 ], [ 29.03898759700013, -13.402999085999966 ], [ 29.053987595000137, -13.395999011999947 ], [ 29.071987449000119, -13.387999150999974 ], [ 29.081987085000094, -13.381999122999957 ], [ 29.086987083000054, -13.376999102999946 ], [ 29.101987080000129, -13.371999147999873 ], [ 29.10998693199997, -13.368998949999877 ], [ 29.109997823000072, -13.368999857999881 ], [ 29.109998098, -13.368999754999948 ], [ 29.109999959999982, -13.368999889999884 ], [ 29.117888976000131, -13.369657436999944 ], [ 29.121999840000058, -13.37000007499995 ], [ 29.12266352600011, -13.370241413999906 ], [ 29.133, -13.374000075999959 ], [ 29.139728432000027, -13.378709971999854 ], [ 29.143000079999979, -13.381000088999883 ], [ 29.155286715999978, -13.395455177999963 ], [ 29.16, -13.401000070999942 ], [ 29.170000080000023, -13.416000046999955 ], [ 29.173026975000141, -13.423063173999878 ], [ 29.174676450000106, -13.426912063999907 ], [ 29.175999840000145, -13.430000020999955 ], [ 29.180000160000191, -13.440999883999893 ], [ 29.182994215000065, -13.442996110999957 ], [ 29.190986289000136, -13.439999025999953 ], [ 29.210986266000191, -13.416999052999927 ], [ 29.220985899000027, -13.411999066999954 ], [ 29.23398610300012, -13.406998972999872 ], [ 29.247985651000079, -13.392999035999878 ], [ 29.260985853000136, -13.386998956999832 ], [ 29.280985471000065, -13.380999074999977 ], [ 29.290985461000048, -13.378998961999969 ], [ 29.298985307000066, -13.374999042999946 ], [ 29.306985149000127, -13.367999023999914 ], [ 29.309985360000098, -13.360998975999905 ], [ 29.310985060000064, -13.339999005999914 ], [ 29.315985048000186, -13.331999020999945 ], [ 29.315995511000096, -13.332003504999875 ], [ 29.315997761000119, -13.331999905999965 ], [ 29.315999505000093, -13.332000652999909 ], [ 29.31599988, -13.332000053999877 ], [ 29.323000080000099, -13.335000012999956 ], [ 29.328999840000051, -13.339000074999944 ], [ 29.336000040000158, -13.344999953999888 ], [ 29.342997444000048, -13.347998880999967 ], [ 29.348984872000187, -13.347998877999885 ], [ 29.354984933000026, -13.343998962999933 ], [ 29.357984780000038, -13.332998991999943 ], [ 29.364984550000088, -13.326998982999953 ], [ 29.372984753000082, -13.324998943999958 ], [ 29.372993155000074, -13.325001043999976 ], [ 29.372997924000174, -13.324999851999962 ], [ 29.372999325000023, -13.325000201999956 ], [ 29.373000120000029, -13.325000003999946 ], [ 29.376613703000146, -13.325903426999901 ], [ 29.377044244000103, -13.326011064999932 ], [ 29.384990755000103, -13.327997738999898 ], [ 29.389984514000048, -13.326998970999966 ], [ 29.399984496000172, -13.322998878999954 ], [ 29.405984196000077, -13.32199884399995 ], [ 29.408984407999981, -13.319998939999948 ], [ 29.409720241000059, -13.319869086999972 ], [ 29.441278681000142, -13.314131164999935 ], [ 29.44198384300006, -13.313998942999945 ], [ 29.446983830000136, -13.310998892999862 ], [ 29.451983817000041, -13.303998925999963 ], [ 29.465983711000035, -13.288998906999893 ], [ 29.47198376800003, -13.282998845999941 ], [ 29.475983683000152, -13.273998824999921 ], [ 29.482983453000031, -13.272998935999965 ], [ 29.490983290000031, -13.270998971999973 ], [ 29.494983567000133, -13.265998907999972 ], [ 29.497983411000178, -13.255998819999888 ], [ 29.502983393000193, -13.245998840999903 ], [ 29.502996824000149, -13.245991609999919 ], [ 29.515983216000109, -13.238998900999945 ], [ 29.527982968000174, -13.227998838999895 ], [ 29.536982872000181, -13.224998762999974 ], [ 29.536989181000081, -13.224999586999957 ], [ 29.536990178000053, -13.224999254999943 ], [ 29.536998588000074, -13.225000351999938 ], [ 29.536999919999971, -13.224999907999916 ], [ 29.54462856400005, -13.225994973999889 ], [ 29.559984240000119, -13.227997926999819 ], [ 29.566982797000037, -13.223998833999929 ], [ 29.575982697000029, -13.214998881999918 ], [ 29.580982322000068, -13.212998786999833 ], [ 29.580988994000109, -13.212999621999813 ], [ 29.580989831000068, -13.212999286999946 ], [ 29.580998727000122, -13.213000398999952 ], [ 29.580999840000118, -13.21299995399994 ], [ 29.58900011999998, -13.213999913999885 ], [ 29.597208370000033, -13.218690395999943 ], [ 29.603000160000192, -13.22199997499996 ], [ 29.606484359999968, -13.225484477999942 ], [ 29.607999840000161, -13.227000074999921 ], [ 29.620000080000068, -13.232999953999979 ], [ 29.631163385000093, -13.236721160999934 ], [ 29.632192740999983, -13.237064285999907 ], [ 29.634999840000035, -13.238000001999978 ], [ 29.642177565000168, -13.239794423999911 ], [ 29.64298641, -13.239996633999965 ], [ 29.65498169100016, -13.233998804999942 ], [ 29.664981656, -13.226998867999953 ], [ 29.669981638000024, -13.225998782999966 ], [ 29.669983741000124, -13.226000464999913 ], [ 29.669989559000044, -13.225999301999934 ], [ 29.669992363000119, -13.226001544999917 ], [ 29.670000120000111, -13.225999993999949 ], [ 29.672080369000014, -13.227664166999887 ], [ 29.675000160000138, -13.229999945999907 ], [ 29.678000039999972, -13.236000100999945 ], [ 29.674000080000155, -13.247999958999912 ], [ 29.674404168000024, -13.24921236699987 ], [ 29.675999880000063, -13.254000015999964 ], [ 29.679212625000048, -13.257212720999973 ], [ 29.680999920000033, -13.258999976999974 ], [ 29.682000000000187, -13.264999932999899 ], [ 29.680999920000033, -13.268000030999872 ], [ 29.675000160000138, -13.273000050999883 ], [ 29.66000004000017, -13.281000076999931 ], [ 29.65399992, -13.289000011999974 ], [ 29.65399992, -13.297999991999916 ], [ 29.66299992, -13.310000080999885 ], [ 29.66299992, -13.32000001699987 ], [ 29.657999880000034, -13.339000074999944 ], [ 29.652000120000082, -13.349999942999887 ], [ 29.646000000000129, -13.355000001999883 ], [ 29.63091520800009, -13.356587836999893 ], [ 29.626999920000117, -13.356999960999872 ], [ 29.608999920000088, -13.359999955999967 ], [ 29.605046553000136, -13.362965141999894 ], [ 29.6049999600001, -13.363000088999968 ], [ 29.6049999600001, -13.37000007499995 ], [ 29.612000160000036, -13.377000031999955 ], [ 29.613999960000115, -13.382000049999931 ], [ 29.607999840000161, -13.393999944999905 ], [ 29.607999840000161, -13.401999946999979 ], [ 29.611000080000053, -13.409000011999979 ], [ 29.624000040000112, -13.417000033999955 ], [ 29.630704626000067, -13.423095278999938 ], [ 29.632264365000083, -13.424513239999953 ], [ 29.642837907000057, -13.434125439999889 ], [ 29.646000000000129, -13.43699996099997 ], [ 29.653983294000057, -13.437997957999926 ], [ 29.66798161700018, -13.429998823999881 ], [ 29.673981671000149, -13.428998712999885 ], [ 29.673985330000164, -13.428999931999897 ], [ 29.673989561000099, -13.428999226999963 ], [ 29.673994439000126, -13.42900085299982 ], [ 29.674000080000155, -13.428999912999927 ], [ 29.679040653000015, -13.430680203999941 ], [ 29.679999840000107, -13.430999949999944 ], [ 29.687451461000137, -13.437878299999909 ], [ 29.693000160000167, -13.442999994999923 ], [ 29.696819960000028, -13.446819913999889 ], [ 29.699271046000149, -13.449271045999922 ], [ 29.701000080000028, -13.451000095999973 ], [ 29.711994288000028, -13.455997414999956 ], [ 29.721981023000069, -13.45499873499989 ], [ 29.738980745000106, -13.4499986699999 ], [ 29.764980714000103, -13.436998714999959 ], [ 29.776980452000146, -13.436998708999965 ], [ 29.776981526000043, -13.436999245999914 ], [ 29.776988848000144, -13.436999245999914 ], [ 29.776990279000131, -13.43699996099997 ], [ 29.777000040000132, -13.43699996099997 ], [ 29.77899984000004, -13.438000035999949 ], [ 29.78499996000005, -13.438999930999898 ], [ 29.796566490000146, -13.44752270999993 ], [ 29.803519145000109, -13.45264561599987 ], [ 29.808980308000173, -13.454991464999921 ], [ 29.809978065, -13.41608077699982 ], [ 29.809980167, -13.414084387999935 ], [ 29.809980105000193, -13.312998686999947 ], [ 29.809980074000123, -13.261998691999906 ], [ 29.81097977100012, -13.244998679999924 ], [ 29.809980063000182, -13.242998660999945 ], [ 29.808979954000108, -13.174998671999845 ], [ 29.809980004000067, -13.146998774999929 ], [ 29.808979921000059, -13.122998767999945 ], [ 29.809979964000092, -13.081998772999896 ], [ 29.80997991400011, -13.002998669999954 ], [ 29.809979910000095, -12.993998782999938 ], [ 29.808979832000091, -12.980998616999898 ], [ 29.809979885000189, -12.95699878399995 ], [ 29.808979804000103, -12.934998650999944 ], [ 29.808979760000113, -12.866998648999868 ], [ 29.809979806000058, -12.833998688999941 ], [ 29.808979727000178, -12.815998729999933 ], [ 29.808979725000029, -12.809998629999882 ], [ 29.80997977800007, -12.787998779999953 ], [ 29.808979652000119, -12.697998742999971 ], [ 29.808979634000082, -12.670998650999934 ], [ 29.809979690000091, -12.653998687999945 ], [ 29.808979601000033, -12.619998664999969 ], [ 29.809856614000182, -12.555979077999893 ], [ 29.80997961900016, -12.545592687999942 ], [ 29.809979596000062, -12.51099864999992 ], [ 29.809979549000161, -12.44099869899992 ], [ 29.809979531000124, -12.413998724999942 ], [ 29.809979469000154, -12.321998574999952 ], [ 29.80997943400007, -12.269998633999819 ], [ 29.809979415000157, -12.239998656999887 ], [ 29.809979400000032, -12.219998632999932 ], [ 29.809979381000119, -12.188998721999951 ], [ 29.809979361000103, -12.160998646999928 ], [ 29.80897929200006, -12.159998714999972 ], [ 29.806979822000187, -12.156000107999887 ], [ 29.801999880000096, -12.156000107999887 ], [ 29.793999960000065, -12.16000005099994 ], [ 29.783999880000067, -12.160999982999954 ], [ 29.783990761000098, -12.16099896999998 ], [ 29.78398817600015, -12.16099922799998 ], [ 29.783981338000103, -12.160998467999946 ], [ 29.783979397000053, -12.16099866299993 ], [ 29.774991348000071, -12.16000005099994 ], [ 29.761999920000164, -12.16000005099994 ], [ 29.761418103000096, -12.16037950599997 ], [ 29.755988650000177, -12.163999362999959 ], [ 29.740584385999966, -12.173966696999912 ], [ 29.738999880000165, -12.175000040999976 ], [ 29.723000040000045, -12.189000055999884 ], [ 29.723000040000045, -12.189999877999924 ], [ 29.713417101000061, -12.194422859999975 ], [ 29.710000080000043, -12.195999959999881 ], [ 29.684999880000078, -12.203000027999963 ], [ 29.666999880000049, -12.206999956999823 ], [ 29.664507867000168, -12.207118616999935 ], [ 29.651626437000175, -12.20773197799997 ], [ 29.646000000000129, -12.207999885999868 ], [ 29.645990187000109, -12.207999130999895 ], [ 29.645989238000141, -12.207999176999976 ], [ 29.645981878000043, -12.207998609999947 ], [ 29.64598116500008, -12.207998644999918 ], [ 29.632981348000158, -12.20699872299997 ], [ 29.595981672000164, -12.192998808999903 ], [ 29.587994766000122, -12.192000442999813 ], [ 29.575000080000166, -12.1930000239999 ], [ 29.565000000000168, -12.199999995999917 ], [ 29.558999880000044, -12.204999911999892 ], [ 29.554174632000127, -12.207793554999853 ], [ 29.542480448000106, -12.214563936999923 ], [ 29.540000160000091, -12.215999883999928 ], [ 29.539552515000082, -12.215999883999928 ], [ 29.539000080000108, -12.215999883999928 ], [ 29.518594613000118, -12.221493743999929 ], [ 29.514591133000124, -12.222571605999917 ], [ 29.513000160000047, -12.222999944999913 ], [ 29.505999960000111, -12.227000096999973 ], [ 29.490444080000145, -12.237980710999977 ], [ 29.489000040000064, -12.239000007999948 ], [ 29.488066475000153, -12.241800419999947 ], [ 29.487999960000082, -12.241999943999929 ], [ 29.487849704000098, -12.242050029999973 ], [ 29.485000080000191, -12.242999913999881 ], [ 29.48000004000005, -12.24900001199984 ], [ 29.474747541, -12.259505414999978 ], [ 29.468000160000145, -12.273000072999821 ], [ 29.46059166100008, -12.304484909999928 ], [ 29.459999880000055, -12.306999918999963 ], [ 29.455999920000068, -12.321999904999927 ], [ 29.455999920000068, -12.333000034999941 ], [ 29.45900016000013, -12.341000059999885 ], [ 29.464999920000082, -12.349000012999966 ], [ 29.47336971600015, -12.364170426999976 ], [ 29.481000119999976, -12.377999899999907 ], [ 29.486886494000146, -12.384278919999929 ], [ 29.495999880000113, -12.39399990499993 ], [ 29.499999076000108, -12.396999407999942 ], [ 29.527982488000134, -12.397998885999982 ], [ 29.527982862000158, -12.397999134999964 ], [ 29.527989958000035, -12.397999388999892 ], [ 29.527990457000158, -12.397999720999962 ], [ 29.527999920000184, -12.398000058999969 ], [ 29.534000040000137, -12.401999973999978 ], [ 29.536999919999971, -12.407000044999961 ], [ 29.536999919999971, -12.422000026999967 ], [ 29.536806584000146, -12.423353279999901 ], [ 29.535999840000045, -12.428999976999933 ], [ 29.52699984000003, -12.444000080999899 ], [ 29.516000040000108, -12.455999954999982 ], [ 29.49900012, -12.470000092999896 ], [ 29.489000040000064, -12.470000092999896 ], [ 29.482999920000111, -12.472000024999943 ], [ 29.482991457000026, -12.471998967999923 ], [ 29.482990251000103, -12.471999368999946 ], [ 29.482983905000083, -12.471998575999976 ], [ 29.482983000000104, -12.471998877999908 ], [ 29.474983161000182, -12.470998917999964 ], [ 29.464165419000039, -12.464688425999896 ], [ 29.462618395000106, -12.463796112999944 ], [ 29.445750071000077, -12.454424785999947 ], [ 29.418006128000059, -12.441353191999951 ], [ 29.412993122000046, -12.439003262999904 ], [ 29.412983845000099, -12.43899891399991 ], [ 29.403983929000049, -12.432998829999974 ], [ 29.377984254000125, -12.416998975999945 ], [ 29.365984127000104, -12.412998947999938 ], [ 29.354999179000174, -12.412000275999901 ], [ 29.341566923000073, -12.41566367299987 ], [ 29.337210178000078, -12.416851882999936 ], [ 29.333000160000097, -12.418000070999938 ], [ 29.313999949000163, -12.417000026999972 ], [ 29.313997895000171, -12.416999919999967 ], [ 29.313997106000045, -12.416999655999916 ], [ 29.31398478400007, -12.416999007999948 ], [ 29.301984655000069, -12.412998979999941 ], [ 29.295984947000136, -12.408998885999893 ], [ 29.294984873000033, -12.402998976999982 ], [ 29.296985011000118, -12.395998845999941 ], [ 29.295984936000082, -12.388999054999942 ], [ 29.283984802000134, -12.378998824999883 ], [ 29.27498488100008, -12.369998919999944 ], [ 29.266989262000095, -12.364002159999927 ], [ 29.257681278000177, -12.365863790999924 ], [ 29.256999840000105, -12.366000080999925 ], [ 29.243000160000122, -12.373999963999893 ], [ 29.235288048000086, -12.374771160999956 ], [ 29.233000080000124, -12.374999953999861 ], [ 29.232998661000124, -12.37499974099984 ], [ 29.232997998000144, -12.374999806999938 ], [ 29.232989486000179, -12.374998529999914 ], [ 29.232985503000123, -12.374998928999958 ], [ 29.212988983000059, -12.371999474999939 ], [ 29.211981276000074, -12.371953669999982 ], [ 29.205137402000162, -12.371642583999972 ], [ 29.190999960000113, -12.370999970999833 ], [ 29.17500012000005, -12.373999963999893 ], [ 29.169, -12.377999899999907 ], [ 29.156000040000038, -12.384999991999905 ], [ 29.14599996000004, -12.387999997999884 ], [ 29.129000040000165, -12.394999992999885 ], [ 29.128998089000106, -12.394999853999877 ], [ 29.12898726700007, -12.39499865099998 ], [ 29.128986380000129, -12.394999015999929 ], [ 29.119998153000097, -12.394000232999872 ], [ 29.119986455000173, -12.393998932999921 ], [ 29.113986381000075, -12.384999022999921 ], [ 29.106987725000067, -12.378999874999977 ], [ 29.103000120000104, -12.378999874999977 ], [ 29.098000080000133, -12.381999950999955 ], [ 29.097998502000166, -12.381999610999912 ], [ 29.097998166000139, -12.381999812999936 ], [ 29.09798870000003, -12.38199777199992 ], [ 29.09798667300015, -12.381998987999964 ], [ 29.080917114000101, -12.378317970999944 ], [ 29.071632967000141, -12.384966414999894 ], [ 29.066000040000063, -12.38900010999987 ], [ 29.058999840000126, -12.38900010999987 ], [ 29.058999435000032, -12.388999974999933 ], [ 29.058997971000053, -12.388999974999933 ], [ 29.05899554400014, -12.388999164999973 ], [ 29.058986757000014, -12.388999164999973 ], [ 29.04698697200007, -12.384999052999945 ], [ 29.035987257000045, -12.374999019999962 ], [ 29.029987179000102, -12.364999124999883 ], [ 29.02798703100018, -12.355999078999957 ], [ 29.023987099000124, -12.348999082999967 ], [ 29.01498716500015, -12.336999151999976 ], [ 29.007987376000131, -12.325999194999952 ], [ 29.004987157000187, -12.322998998999878 ], [ 29.003987444000131, -12.317999060999966 ], [ 29.001987292000024, -12.302999019999845 ], [ 28.998987427000031, -12.286999017999904 ], [ 28.983987417000094, -12.26899900899997 ], [ 28.96198761100004, -12.231999119999955 ], [ 28.94698759500011, -12.21199919399993 ], [ 28.934987802000137, -12.198999144999959 ], [ 28.913208210000164, -12.180849526999907 ], [ 28.891621902000054, -12.163640018999899 ], [ 28.881988259000138, -12.155999237999936 ], [ 28.867988319000119, -12.14899915399991 ], [ 28.855988523000065, -12.137999194999963 ], [ 28.846988583000041, -12.127999182999929 ], [ 28.837988641000038, -12.109999153999979 ], [ 28.831988559000081, -12.100999119999926 ], [ 28.819249682000077, -12.08050609999998 ], [ 28.785988789000044, -12.061999076999825 ], [ 28.777988922000134, -12.054999137999914 ], [ 28.773988988000099, -12.04599916899997 ], [ 28.770988761000069, -12.0319991369999 ], [ 28.763988963000031, -12.016999127999952 ], [ 28.763988958000084, -12.005999132999818 ], [ 28.763988955, -11.994999211999982 ], [ 28.758988946000102, -11.989999195999872 ], [ 28.748991946000046, -11.984001002999889 ], [ 28.746618429000023, -11.984297716999947 ], [ 28.740999960000124, -11.985000079999963 ], [ 28.730999880000127, -11.990000016999943 ], [ 28.721000160000187, -11.99099988699993 ], [ 28.72099905400006, -11.990999728999896 ], [ 28.72099862400006, -11.990999771999896 ], [ 28.720991987000104, -11.990998823999917 ], [ 28.720989407000104, -11.990999081999917 ], [ 28.713989254000069, -11.989999213999965 ], [ 28.701130137000064, -11.977481401999967 ], [ 28.675989700000116, -11.969999275999953 ], [ 28.664989609000088, -11.961999231999869 ], [ 28.655989668000188, -11.956999303999908 ], [ 28.63998993000007, -11.951999283999896 ], [ 28.632989771000098, -11.945999133999976 ], [ 28.628989834000151, -11.939999198999942 ], [ 28.61798973700013, -11.916999141999895 ], [ 28.614989875000049, -11.912999238999873 ], [ 28.610989939000035, -11.910999264999873 ], [ 28.598999776000142, -11.910000079999975 ], [ 28.584, -11.912000016999968 ], [ 28.583998931, -11.911999863999881 ], [ 28.5839985880001, -11.911999909999963 ], [ 28.583992160999969, -11.911998990999962 ], [ 28.583990110000116, -11.911999265999896 ], [ 28.576990313000124, -11.910999277999963 ], [ 28.569990156000074, -11.904999266999937 ], [ 28.563990402000172, -11.900999402999901 ], [ 28.545999737000102, -11.899999863999881 ], [ 28.545998460000078, -11.899999792999949 ], [ 28.545997841000144, -11.899999586999968 ], [ 28.545990182000139, -11.899999160999926 ], [ 28.536990237, -11.896999225999934 ], [ 28.521990564000191, -11.887999218999937 ], [ 28.509662107000167, -11.883529065999824 ], [ 28.509661633000121, -11.88352889399988 ], [ 28.509657037000125, -11.883527226999945 ], [ 28.505632980000144, -11.881080231999874 ], [ 28.505575140000133, -11.880243109999981 ], [ 28.504617781999968, -11.866607270999907 ], [ 28.50084680000009, -11.854262145999883 ], [ 28.496201025000175, -11.845579186999885 ], [ 28.490865850999967, -11.83560522699986 ], [ 28.489421180000079, -11.833968053999911 ], [ 28.488890183000137, -11.833366246999958 ], [ 28.484880886000155, -11.828828268999928 ], [ 28.481835302000036, -11.826987978999966 ], [ 28.478254777000132, -11.824826387999906 ], [ 28.470796200000052, -11.825209937999944 ], [ 28.465128360000051, -11.828150007999852 ], [ 28.460632320000173, -11.830482853999968 ], [ 28.449728280000045, -11.833927943999981 ], [ 28.44505927300014, -11.834023756999841 ], [ 28.445058142000164, -11.834023779999939 ], [ 28.445057144000089, -11.834023040999966 ], [ 28.445050361000142, -11.834023179999974 ], [ 28.442265417999977, -11.831965126999933 ], [ 28.441962299000068, -11.831741156999954 ], [ 28.438101319000168, -11.828887189999932 ], [ 28.436268210000094, -11.827533294999967 ], [ 28.433800422000047, -11.821372165999946 ], [ 28.4365774420001, -11.807208175999961 ], [ 28.438011308000114, -11.799890264999931 ], [ 28.440653332000181, -11.796230264999963 ], [ 28.441081730000121, -11.795636839999815 ], [ 28.450487389000045, -11.78260822999988 ], [ 28.450880146000088, -11.779149256999972 ], [ 28.450445266000031, -11.769726199999923 ], [ 28.444294335999984, -11.758974334999834 ], [ 28.443455002000178, -11.757507190999945 ], [ 28.4384861260001, -11.748823774999835 ], [ 28.435251183000048, -11.743170160999853 ], [ 28.43286223500013, -11.738992324999856 ], [ 28.432493238000063, -11.738347173999955 ], [ 28.427727222000044, -11.733844300999976 ], [ 28.419470311000168, -11.729874323999923 ], [ 28.415024334000066, -11.724554289999958 ], [ 28.426966182000172, -11.720057181999891 ], [ 28.431788352000183, -11.716276308999966 ], [ 28.435307328000192, -11.706081281999957 ], [ 28.43404625300019, -11.701652596999963 ], [ 28.433947254000088, -11.701305274999925 ], [ 28.433287377000113, -11.698991257999865 ], [ 28.423511450000092, -11.688215691999915 ], [ 28.423243432000163, -11.687920230999907 ], [ 28.4190393720001, -11.67673917299993 ], [ 28.421715235000079, -11.670932307999863 ], [ 28.4316263340001, -11.664976206999881 ], [ 28.433623240000088, -11.660104190999846 ], [ 28.431879404000085, -11.644035225999971 ], [ 28.427279347000024, -11.636308262999876 ], [ 28.425608238000052, -11.634934174999955 ], [ 28.421566179000024, -11.632187211999963 ], [ 28.419503391000035, -11.630784334999873 ], [ 28.418586836000145, -11.63037427199987 ], [ 28.404612435000047, -11.62412123799993 ], [ 28.402455325000062, -11.621403287999954 ], [ 28.400341414000081, -11.613051243999905 ], [ 28.399906536000117, -11.611334279999937 ], [ 28.398842379000087, -11.605145320999895 ], [ 28.389942688000133, -11.598956929999929 ], [ 28.385340652000025, -11.59575721899995 ], [ 28.384432256000025, -11.590310728999953 ], [ 28.383200460000069, -11.582918284999892 ], [ 28.383862489000023, -11.561213216999931 ], [ 28.384924481000155, -11.556252333999964 ], [ 28.386946585000146, -11.543259206999949 ], [ 28.393101465000086, -11.532563249999953 ], [ 28.389813600000139, -11.525217343999941 ], [ 28.389662401000123, -11.524880304999954 ], [ 28.389427322000131, -11.524356295999894 ], [ 28.390263596000068, -11.519738331999918 ], [ 28.395483563000028, -11.513721229999874 ], [ 28.396078280000097, -11.511831324999946 ], [ 28.398161586000185, -11.50715417999993 ], [ 28.398078065000107, -11.506738457999973 ], [ 28.397925427000075, -11.505979318999948 ], [ 28.395813314000065, -11.495468211999878 ], [ 28.395251352000059, -11.482836346999932 ], [ 28.397721295000053, -11.475414252999883 ], [ 28.401341433000141, -11.470049215999893 ], [ 28.411711172000025, -11.464085251999904 ], [ 28.413216321000164, -11.458072246999961 ], [ 28.421122230000151, -11.445947300999933 ], [ 28.42365120900007, -11.433241311999893 ], [ 28.433045349000167, -11.414413237999895 ], [ 28.432480148000025, -11.409823299999914 ], [ 28.426119340000071, -11.395921275999967 ], [ 28.425789220000127, -11.391326268999876 ], [ 28.428002127000127, -11.385760190999974 ], [ 28.430508070000087, -11.382948229999897 ], [ 28.433504513000116, -11.381623581999918 ], [ 28.436514274000046, -11.380294335999963 ], [ 28.448483122000027, -11.378942292999909 ], [ 28.449287358000106, -11.378851143999952 ], [ 28.449726195000096, -11.378801328999884 ], [ 28.453961210000159, -11.37832332499994 ], [ 28.456926871000121, -11.37527016599995 ], [ 28.45812818200011, -11.371102312999881 ], [ 28.458662058000073, -11.369254192999904 ], [ 28.454677956000126, -11.357372202999898 ], [ 28.458864008000091, -11.346012285999961 ], [ 28.45784017200009, -11.341662208999935 ], [ 28.451126208000062, -11.333059202999891 ], [ 28.450195972000188, -11.329559271999926 ], [ 28.449604134000026, -11.327340210999921 ], [ 28.455333855000106, -11.311808234999887 ], [ 28.453263864000178, -11.303841295999916 ], [ 28.452539908000119, -11.301054314999874 ], [ 28.454091856000105, -11.29734018299996 ], [ 28.454974931000095, -11.296582329999978 ], [ 28.458212029000038, -11.293804289999969 ], [ 28.46881684400006, -11.288293182999894 ], [ 28.472913979000054, -11.283607184999937 ], [ 28.475402997000117, -11.269292315999905 ], [ 28.486894840000161, -11.250878315999842 ], [ 28.489715778000118, -11.241158260999953 ], [ 28.490028614000096, -11.234019288999889 ], [ 28.486140635000027, -11.226739277999968 ], [ 28.484584721000033, -11.219410297999957 ], [ 28.484060923000072, -11.216660313999967 ], [ 28.486226667000039, -11.209023172999935 ], [ 28.486277665000159, -11.204111097999828 ], [ 28.486301905, -11.201661213999898 ], [ 28.493226819000142, -11.192656247999935 ], [ 28.493632896000065, -11.192071520999946 ], [ 28.498979578000103, -11.184372206999967 ], [ 28.499057691000132, -11.166427199999873 ], [ 28.501104633000182, -11.153271290999896 ], [ 28.500893083000108, -11.152289169999904 ], [ 28.498842090000096, -11.143177481999885 ], [ 28.498527764000073, -11.14182330999995 ], [ 28.493671751000136, -11.132722234999903 ], [ 28.480754663000027, -11.117118306999885 ], [ 28.478481633000115, -11.108884247999924 ], [ 28.479705623000143, -11.10080625899991 ], [ 28.491838623000035, -11.086454297999921 ], [ 28.493562651, -11.084414240999877 ], [ 28.494455801000186, -11.071743180999874 ], [ 28.498388772999988, -11.059698295999965 ], [ 28.496659699000134, -11.05141714899986 ], [ 28.497428653000156, -11.050258260999897 ], [ 28.498773604000121, -11.045198217999825 ], [ 28.504308566000134, -11.037892194999813 ], [ 28.508512617000122, -11.032342211999946 ], [ 28.511853394000013, -11.025371199999881 ], [ 28.512565466000126, -11.015235301999951 ], [ 28.510097666000092, -10.976409179999905 ], [ 28.513698360000092, -10.970582241999978 ], [ 28.523561576000134, -10.963705274999938 ], [ 28.523565153000163, -10.963701832999902 ], [ 28.523565810000093, -10.963701199999946 ], [ 28.540666501000089, -10.947243239999978 ], [ 28.543094318000158, -10.927407258999892 ], [ 28.54521937100003, -10.899529172999962 ], [ 28.543937412999981, -10.879043205999949 ], [ 28.543435212000077, -10.871042187999876 ], [ 28.544753161000187, -10.866678208999929 ], [ 28.547561139000152, -10.857383238999944 ], [ 28.557531267000172, -10.834169218999818 ], [ 28.563888102000021, -10.826904119999881 ], [ 28.564228039, -10.826631356999883 ], [ 28.573049545000174, -10.819334029999879 ], [ 28.573053475000165, -10.819336648999922 ], [ 28.581260143000065, -10.812505243999851 ], [ 28.581913900000075, -10.810420264999891 ], [ 28.583021965000171, -10.797285273999876 ], [ 28.585716907000062, -10.792856130999951 ], [ 28.601473996000038, -10.779181175999952 ], [ 28.608917659000156, -10.75786015999995 ], [ 28.620018539000114, -10.741443466999897 ], [ 28.630161468000097, -10.733867517999954 ], [ 28.643240176000063, -10.730167722999965 ], [ 28.643249365000031, -10.730167968999922 ], [ 28.643251420000126, -10.73016738799987 ], [ 28.657858470000065, -10.73056108499992 ], [ 28.661214494000092, -10.73065139199997 ], [ 28.662069123000038, -10.719009291999896 ], [ 28.665058903000158, -10.71665914599987 ], [ 28.666228894000028, -10.713929207999968 ], [ 28.667529203000072, -10.71088922499996 ], [ 28.667739075000043, -10.694539182999847 ], [ 28.66881906600014, -10.69291923499992 ], [ 28.672299160000136, -10.687639329999968 ], [ 28.672969116000161, -10.686639255999978 ], [ 28.677369005000116, -10.685649092999938 ], [ 28.681808853000121, -10.683499302999962 ], [ 28.68867904300015, -10.680189152999901 ], [ 28.689358718000165, -10.679259173999981 ], [ 28.692549014000122, -10.674839255999927 ], [ 28.694408758000179, -10.669469255999957 ], [ 28.696778979000101, -10.662589189999949 ], [ 28.693268997000132, -10.646539165999968 ], [ 28.687088915000174, -10.637659169999949 ], [ 28.676758785000061, -10.631389199999944 ], [ 28.667789082000183, -10.623219301999939 ], [ 28.665868853000177, -10.619119127999966 ], [ 28.663858982000079, -10.609949276999942 ], [ 28.665018888000134, -10.594529302999945 ], [ 28.670288884000058, -10.576599301999977 ], [ 28.672519065000131, -10.569029296999872 ], [ 28.67296906100006, -10.567489269999896 ], [ 28.671228830000189, -10.560619279999912 ], [ 28.664319033000027, -10.549909135999883 ], [ 28.643409290000193, -10.535509192999939 ], [ 28.636559254000076, -10.528709345999971 ], [ 28.634079225000164, -10.518399178999971 ], [ 28.633989223000185, -10.512879173999977 ], [ 28.634339140000066, -10.51136915799998 ], [ 28.637149275000127, -10.49938922299998 ], [ 28.639439217000074, -10.489569213999971 ], [ 28.636509192000062, -10.480189201999963 ], [ 28.636149192000119, -10.472139267999921 ], [ 28.643008936000115, -10.449729241999876 ], [ 28.638529114, -10.423009192999928 ], [ 28.62164916800009, -10.375759150999897 ], [ 28.623919305000072, -10.357329216999915 ], [ 28.63129924499998, -10.338359282999932 ], [ 28.636024921, -10.313238091999835 ], [ 28.630399234000038, -10.296049226999969 ], [ 28.615339088999974, -10.285919210999964 ], [ 28.613719101000072, -10.284839277999936 ], [ 28.611289117000069, -10.283069285999886 ], [ 28.606399263000185, -10.270909204999953 ], [ 28.597989354000049, -10.256989325999939 ], [ 28.589029371000038, -10.248379279999938 ], [ 28.587202841000078, -10.246349817999885 ], [ 28.584709396999983, -10.243579345999876 ], [ 28.583849361999967, -10.242619313999967 ], [ 28.580049585000097, -10.238399327999957 ], [ 28.579679507000037, -10.23740931299983 ], [ 28.578679434000151, -10.236159332999875 ], [ 28.578139436000072, -10.233279338999978 ], [ 28.577149440000028, -10.230619385999887 ], [ 28.577349598000069, -10.229069154999877 ], [ 28.577349877000188, -10.229066999999873 ], [ 28.577979592000133, -10.224169261999975 ], [ 28.578599509000185, -10.222359201999893 ], [ 28.582199479000167, -10.21191928099995 ], [ 28.589949503000128, -10.202369292999947 ], [ 28.598889320000069, -10.194649283999979 ], [ 28.607299221000176, -10.183019258999877 ], [ 28.608729125000025, -10.170579135999958 ], [ 28.616809268000054, -10.164489253999875 ], [ 28.62175923000018, -10.157049277999874 ], [ 28.621768943000177, -10.138119348999908 ], [ 28.639301880000176, -10.090644006999923 ], [ 28.639992345, -10.066188395999916 ], [ 28.653754320000132, -10.042587389999937 ], [ 28.660013581000158, -10.009598847999882 ], [ 28.659387537000043, -9.991344810999976 ], [ 28.667915870000172, -9.970721854999908 ], [ 28.678751779000152, -9.937031035999951 ], [ 28.687303500000098, -9.901074641999969 ], [ 28.686033418000193, -9.876296765999939 ], [ 28.681179198000166, -9.844373363999921 ], [ 28.682827622000104, -9.834897270999932 ], [ 28.682838779000065, -9.827393720999851 ], [ 28.694138373000101, -9.813559254999973 ], [ 28.697038508000162, -9.806159266999884 ], [ 28.69554847600017, -9.800199204999956 ], [ 28.694188405000148, -9.798289262999958 ], [ 28.689368398000056, -9.793189224999935 ], [ 28.674843543000065, -9.710978712999918 ], [ 28.664744526000163, -9.689205993999906 ], [ 28.65731091400005, -9.633786014999941 ], [ 28.658029090000184, -9.591013672999964 ], [ 28.631344962000128, -9.514205023999978 ], [ 28.611446754999974, -9.477023235999923 ], [ 28.584740006000118, -9.427112598999884 ], [ 28.583734865, -9.424962501999971 ], [ 28.581086439999979, -9.419356401999949 ], [ 28.579728249000141, -9.416481392999913 ], [ 28.579728041000124, -9.41648094999988 ], [ 28.578707072000157, -9.414319752999859 ], [ 28.57870680100018, -9.414319178999904 ], [ 28.578705429000081, -9.414316194999913 ], [ 28.578704461000029, -9.41431422699992 ], [ 28.575850091000063, -9.408104245999937 ], [ 28.575618019000046, -9.407599349999884 ], [ 28.570395173000122, -9.403401272999929 ], [ 28.566805275000092, -9.400168325999914 ], [ 28.565540322000174, -9.399185634999981 ], [ 28.550729219000118, -9.387679274999812 ], [ 28.481469572000151, -9.242344406999962 ], [ 28.494159485000182, -9.224339357999952 ], [ 28.559416226000053, -9.163870215999907 ], [ 28.65183150900009, -9.084183204999874 ], [ 28.785770252000191, -8.944029178999926 ], [ 28.829017043000079, -8.87834326899997 ], [ 28.879790645000185, -8.813207272999875 ], [ 28.933399197000028, -8.724827177999941 ], [ 28.936232296000071, -8.70469464699994 ], [ 28.945906888000081, -8.635945214999936 ], [ 28.934714904000089, -8.560461243999953 ], [ 28.899841249000076, -8.505355241999894 ], [ 28.89748830200017, -8.490836169999852 ], [ 28.909625238, -8.483253187999935 ], [ 28.91105478500009, -8.483020589999967 ], [ 28.914786875000118, -8.482413514999905 ], [ 28.964016813000057, -8.474404176999883 ], [ 29.000513001000172, -8.472009348999961 ], [ 29.060514458000057, -8.467954432999932 ], [ 29.087371150000138, -8.465962929999932 ], [ 29.144013018000123, -8.461762022999949 ], [ 29.362758681000059, -8.435659907999877 ], [ 29.501477014000159, -8.419366318999892 ], [ 29.625486895000108, -8.404799506999893 ], [ 29.626158285000031, -8.402622254999869 ], [ 29.628356989000054, -8.395493839999972 ], [ 29.628376859000127, -8.395491723999896 ], [ 29.628378217000034, -8.395494989999975 ], [ 29.654843301000085, -8.392679326999826 ], [ 29.673241992000158, -8.390721848999931 ], [ 29.711559592000128, -8.386645119999969 ], [ 29.759627076000129, -8.381531009999946 ], [ 29.807623872000192, -8.376424351999958 ], [ 29.918475167000111, -8.364629979999904 ], [ 30.032251144999975, -8.352524050999932 ], [ 30.040265831, -8.351671261999911 ], [ 30.174721514000055, -8.337364460999936 ], [ 30.293856061000042, -8.324687465999943 ], [ 30.420938299000056, -8.311164306999956 ], [ 30.520019190000085, -8.30062051799996 ], [ 30.563133814000139, -8.296032343999912 ], [ 30.563129935000063, -8.296027171999924 ], [ 30.793141277000132, -8.271548147999965 ], [ 30.767466548000016, -8.187094169999909 ], [ 30.737452111000039, -8.105270191999921 ], [ 30.685205252000173, -8.01799313999993 ], [ 30.637784097000065, -7.957273184999906 ], [ 30.605962787000067, -7.837998278999976 ], [ 30.574963366000134, -7.750998375999814 ], [ 30.561963275000153, -7.71899839799994 ], [ 30.540963761000114, -7.666998269999965 ], [ 30.513964229000123, -7.602998405999926 ], [ 30.478964922000159, -7.533998466999947 ], [ 30.453965149000169, -7.478998475999902 ], [ 30.422965718000057, -7.417998435999891 ], [ 30.398966354000095, -7.360998553999934 ], [ 30.374966615000062, -7.291998427999943 ], [ 30.325617571000066, -7.223387485999922 ], [ 30.306180763000157, -7.182404619999886 ], [ 30.289966970000023, -7.134740564999845 ], [ 30.276198265000062, -7.102605501999903 ], [ 30.196828531000165, -6.978601586999957 ], [ 30.161639076000142, -6.921008720999851 ], [ 30.135721281000031, -6.891137740999909 ], [ 30.094970990000093, -6.847998739999923 ], [ 30.022972090000053, -6.79299877699998 ], [ 29.98497285500008, -6.763998754999818 ], [ 29.905973800000027, -6.707998764999957 ], [ 29.826975055, -6.642998978999969 ], [ 29.791975603000139, -6.608998848999931 ], [ 29.770504234000043, -6.582755766999981 ], [ 29.74697618600004, -6.553998938999939 ], [ 29.708742147000123, -6.497259035999946 ], [ 29.671343600000114, -6.43772552899992 ], [ 29.663977055000146, -6.42599896899992 ], [ 29.654977165000105, -6.412999091999893 ], [ 29.623977561000117, -6.33799910599987 ], [ 29.620977711000023, -6.322999030999938 ], [ 29.611977815000046, -6.303999105999935 ], [ 29.611225732000094, -6.30191000099984 ], [ 29.602977915000054, -6.278998986999966 ], [ 29.594977722000067, -6.251999081999941 ], [ 29.588978018000148, -6.219999076999898 ], [ 29.578978024000151, -6.146999095999945 ], [ 29.577977931000078, -6.101999073999934 ], [ 29.577977913999973, -6.070120905999943 ], [ 29.577977887000088, -6.023128137999947 ], [ 29.57797787200019, -5.99377806799987 ], [ 29.577977855000086, -5.96299905799998 ], [ 29.580977684000061, -5.941999110999973 ], [ 29.588977842000133, -5.902999132999923 ], [ 29.599977477000095, -5.855999066999914 ], [ 29.604977427000108, -5.808999121999932 ], [ 29.606977544000131, -5.777999036999972 ], [ 29.606977538000137, -5.767999047999979 ], [ 29.604977395000105, -5.750999194999906 ], [ 29.598977306000052, -5.663999209999929 ], [ 29.595977458000164, -5.651999112999931 ], [ 29.587977622000153, -5.618999206999945 ], [ 29.575977862000059, -5.555999168999904 ], [ 29.567977673000087, -5.535999128999947 ], [ 29.563977753000074, -5.51499920699996 ], [ 29.560977908000098, -5.507999245999883 ], [ 29.557978063000121, -5.501999136999927 ], [ 29.549977870000191, -5.474999226999955 ], [ 29.529978289000155, -5.414999197999919 ], [ 29.526978084000177, -5.409999132999928 ], [ 29.521978461000117, -5.398999126999911 ], [ 29.500978453000187, -5.343999121999957 ], [ 29.49497876300012, -5.336999124999977 ], [ 29.475978895000139, -5.294999232999942 ], [ 29.465978924000069, -5.270999224999969 ], [ 29.43897921700011, -5.202999257999977 ], [ 29.428979245000164, -5.176999217999878 ], [ 29.40997936499997, -5.123999287999936 ], [ 29.400979456000073, -5.091999185999896 ], [ 29.391979551000134, -5.0689993659999 ], [ 29.388979701000096, -5.05799920499993 ], [ 29.373088027000108, -5.016916264999963 ], [ 29.372075725000172, -5.007911855999964 ], [ 29.367045534000056, -4.963155779999965 ], [ 29.355239005000101, -4.858107294999968 ], [ 29.352262175000192, -4.7986762459999 ], [ 29.353350058000046, -4.740426272999969 ], [ 29.359633029000065, -4.652168356999937 ], [ 29.367922775000125, -4.597968260999892 ], [ 29.378433749000067, -4.501873385999943 ], [ 29.380183853000119, -4.480324787999905 ], [ 29.380197912000142, -4.480149631999893 ], [ 29.38078632200012, -4.472882970999876 ], [ 29.382043054000178, -4.457428492999952 ], [ 29.38283987900013, -4.447620579999978 ], [ 29.383066526000164, -4.444829757999969 ], [ 29.383202590000053, -4.443154329999913 ], [ 29.383999616999972, -4.433345435999968 ], [ 29.389075535000018, -4.378332407999892 ], [ 29.384884444000079, -4.324025333999884 ], [ 29.385934529000053, -4.266777389999902 ], [ 29.37904454500017, -4.201949352999975 ], [ 29.352515702000119, -4.112451411999928 ], [ 29.328880154999979, -4.05638850899993 ], [ 29.302131360000033, -4.001251350999894 ], [ 29.272313606000125, -3.974135524999951 ], [ 29.231064176000189, -3.950777523999875 ], [ 29.225849254000025, -3.896404414999949 ], [ 29.225403638000103, -3.854606219999937 ], [ 29.225149041000066, -3.830725401999928 ], [ 29.231205948000024, -3.74860754499997 ], [ 29.234187049000013, -3.666370541999868 ], [ 29.235193844000094, -3.60470898899996 ], [ 29.235871079000106, -3.563231512999835 ], [ 29.235447970000166, -3.561018118999925 ], [ 29.234921181, -3.558262353999908 ], [ 29.233062025000038, -3.548536567999975 ], [ 29.228208915000096, -3.538291592999883 ], [ 29.215901479000024, -3.457985565999877 ], [ 29.208389607000186, -3.428844219999974 ], [ 29.197084280000126, -3.384984952999957 ], [ 29.196935482000072, -3.384407674999977 ], [ 29.196935482000072, -3.357247614999892 ], [ 29.197487520000095, -3.347362508999936 ], [ 29.198190619000115, -3.347436888999937 ], [ 29.202943123000011, -3.347080459999972 ], [ 29.204386537000119, -3.345092556999873 ], [ 29.211310339000079, -3.340288446999921 ], [ 29.212085746000014, -3.339750426999899 ], [ 29.212258963000068, -3.339630239999906 ], [ 29.212554706000105, -3.339425037999888 ], [ 29.212789153000074, -3.339062541999908 ], [ 29.212981053000135, -3.338836062999917 ], [ 29.213772032000122, -3.337902554999971 ], [ 29.214814670000067, -3.336925408999946 ], [ 29.215241842000069, -3.336525068999947 ], [ 29.215584498000169, -3.336289445999967 ], [ 29.216011043000037, -3.335646421999968 ], [ 29.216179635000117, -3.335392266999918 ], [ 29.216594428000064, -3.33487570799997 ], [ 29.217574927999976, -3.334272140999872 ], [ 29.218037186000061, -3.333987588999946 ], [ 29.21857822000004, -3.333715715999915 ], [ 29.219263530000092, -3.333516341999939 ], [ 29.219741443000089, -3.333316968999895 ], [ 29.220345598999984, -3.332773221999844 ], [ 29.220444788000123, -3.332301973999847 ], [ 29.220354616000122, -3.331477289999896 ], [ 29.22014722, -3.330679792999831 ], [ 29.219921788000192, -3.329818857999896 ], [ 29.219822599000054, -3.329411045999905 ], [ 29.219777513000054, -3.328667922999898 ], [ 29.219921788000192, -3.328087922999941 ], [ 29.220165254000108, -3.327625735999902 ], [ 29.220435770999984, -3.327272297999968 ], [ 29.221220271000107, -3.326764797999886 ], [ 29.222500719000152, -3.326012608999918 ], [ 29.223312270000065, -3.325523232999956 ], [ 29.223853304000045, -3.325124482999968 ], [ 29.225196873000129, -3.323085412999944 ], [ 29.225205890000097, -3.321571966999954 ], [ 29.224637803000064, -3.319949767999844 ], [ 29.224412373000064, -3.318980072999977 ], [ 29.225010307000161, -3.317390730999932 ], [ 29.225219828000149, -3.316806603999908 ], [ 29.225566580000077, -3.315839883999956 ], [ 29.226026459000025, -3.314965342999812 ], [ 29.226594544000022, -3.313977516999955 ], [ 29.22691916499997, -3.313116566999952 ], [ 29.226684717000126, -3.312010924999868 ], [ 29.22635107900004, -3.311385601999916 ], [ 29.226315010000178, -3.310125892999963 ], [ 29.226991303000091, -3.308739304999904 ], [ 29.22744216500007, -3.307615532999932 ], [ 29.227731328000118, -3.307040345999837 ], [ 29.227874992000125, -3.306754576999822 ], [ 29.228443078000055, -3.305630801999939 ], [ 29.229074285000138, -3.30425327099988 ], [ 29.229912888000172, -3.302957300999935 ], [ 29.230814612000131, -3.301452886999925 ], [ 29.230904784000131, -3.299631274999911 ], [ 29.230715422000117, -3.297619339999869 ], [ 29.230282595000119, -3.296078666999961 ], [ 29.229822716000172, -3.294728309999869 ], [ 29.229038216000106, -3.290994427999919 ], [ 29.22865949200019, -3.289580623999939 ], [ 29.228641457000037, -3.287949308999941 ], [ 29.228713596000034, -3.28716990199996 ], [ 29.228776716000141, -3.285756092999918 ], [ 29.228966078000155, -3.285221381999918 ], [ 29.229299716000071, -3.284768237999913 ], [ 29.2296333540001, -3.2844419729999 ], [ 29.230294303000164, -3.284184825999944 ], [ 29.23155402500015, -3.283680689999926 ], [ 29.23257297300006, -3.283073474999924 ], [ 29.233050886000115, -3.282366566999883 ], [ 29.233231231000161, -3.282013112999948 ], [ 29.233646025000041, -3.28136058299998 ], [ 29.234890403000122, -3.280680863999919 ], [ 29.237027488000138, -3.280254904999936 ], [ 29.237685747000171, -3.280100834999928 ], [ 29.238371057, -3.279892387999894 ], [ 29.239335902000164, -3.279366736999918 ], [ 29.240521668000042, -3.278247462999957 ], [ 29.24100409000016, -3.277590397999859 ], [ 29.24100409000016, -3.277282256999854 ], [ 29.240724556000146, -3.276230952999981 ], [ 29.24034583200006, -3.275614670999971 ], [ 29.23989497000008, -3.275070891999917 ], [ 29.239561332000164, -3.274617741999919 ], [ 29.239200643000061, -3.274028646999852 ], [ 29.239002264000078, -3.273357985999951 ], [ 29.238921108000113, -3.272741701999962 ], [ 29.239137522000078, -3.272288550999917 ], [ 29.239768729, -3.271790085999896 ], [ 29.24028271200018, -3.271500068999956 ], [ 29.240733573000114, -3.27125536799997 ], [ 29.24143691800009, -3.270775027999946 ], [ 29.241757700000164, -3.269258916999888 ], [ 29.241211037000141, -3.269091695999919 ], [ 29.240426694000178, -3.26861392099994 ], [ 29.239761191000127, -3.267992814999957 ], [ 29.239000615000066, -3.266511712999886 ], [ 29.238525256000059, -3.265675605999888 ], [ 29.23785975300018, -3.264911164999887 ], [ 29.236790194000037, -3.263836167999955 ], [ 29.236124690000054, -3.263430057999926 ], [ 29.235292812000125, -3.263047835999885 ], [ 29.234413397000139, -3.262665614999889 ], [ 29.23393803700003, -3.261638393999817 ], [ 29.233581518000108, -3.261112837999917 ], [ 29.233510214000091, -3.260443948999921 ], [ 29.233106158000055, -3.260037837999903 ], [ 29.232702103000122, -3.259607836999919 ], [ 29.232440655000119, -3.259034502999839 ], [ 29.232440655000119, -3.258508945999949 ], [ 29.232393119000108, -3.258150610999962 ], [ 29.232725870000024, -3.257601164999926 ], [ 29.233129926000061, -3.256884495999941 ], [ 29.232773407000138, -3.256263381999872 ], [ 29.232464423000124, -3.255379486999914 ], [ 29.232298047000086, -3.254495592999888 ], [ 29.232036599000082, -3.254017811999972 ], [ 29.23175138300013, -3.253563919999976 ], [ 29.231608776000144, -3.252226129999883 ], [ 29.231180952000102, -3.251724458999945 ], [ 29.230990809000104, -3.251151119999918 ], [ 29.230349074000173, -3.25091222899988 ], [ 29.230135162000067, -3.250721115999966 ], [ 29.230135162000067, -3.250267221999877 ], [ 29.230135162000067, -3.24938332399995 ], [ 29.230444145000149, -3.248833871999977 ], [ 29.23049168100016, -3.248093306999976 ], [ 29.23068182500009, -3.246970512999951 ], [ 29.231038345000115, -3.24644495099983 ], [ 29.231038345000115, -3.246038832999886 ], [ 29.231085881000126, -3.245226597999931 ], [ 29.231157184999972, -3.244605476999936 ], [ 29.231157184999972, -3.243626014999904 ], [ 29.23068182500009, -3.242909335999968 ], [ 29.230349074000173, -3.242025430999888 ], [ 29.230040090000045, -3.24109374499983 ], [ 29.22942212300012, -3.239851496999961 ], [ 29.229184443000179, -3.239493156999913 ], [ 29.228590243000042, -3.23889592099988 ], [ 29.228162420000103, -3.23832257499987 ], [ 29.228067348000025, -3.237916453999901 ], [ 29.228019812000184, -3.236459196999874 ], [ 29.22804358000019, -3.235360279999895 ], [ 29.22768706, -3.23473915299985 ], [ 29.227116629000136, -3.234309140999869 ], [ 29.226546198000108, -3.233998576999966 ], [ 29.226284750000161, -3.233281889999887 ], [ 29.226308518000167, -3.232159080999963 ], [ 29.226047071000153, -3.231346833999908 ], [ 29.225761855000144, -3.229937346999918 ], [ 29.226284750000161, -3.229077318999884 ], [ 29.226569966000113, -3.228432298999905 ], [ 29.227069093000125, -3.227739497999949 ], [ 29.227211701000044, -3.227381151999964 ], [ 29.226379822000013, -3.225661091999939 ], [ 29.226260982000156, -3.225039958999957 ], [ 29.226213446000145, -3.223821579999878 ], [ 29.226878949000024, -3.222913768999831 ], [ 29.22804358000019, -3.222005954999929 ], [ 29.228590243000042, -3.221743167999875 ], [ 29.230634289000079, -3.221456488999934 ], [ 29.231276025000057, -3.22109814099997 ], [ 29.231775152000068, -3.220596453999917 ], [ 29.231917760000101, -3.219879757999877 ], [ 29.231252256000118, -3.218565813999874 ], [ 29.230895736000093, -3.217371317999891 ], [ 29.231046208000123, -3.216485459999944 ], [ 29.231062112000188, -3.216391829999964 ], [ 29.231180952000102, -3.21581847099992 ], [ 29.231989063000071, -3.215030101999901 ], [ 29.232607031000043, -3.214791200999912 ], [ 29.233676590000186, -3.214647861999879 ], [ 29.23434209200019, -3.214122280999902 ], [ 29.234651076000148, -3.21333391099995 ], [ 29.234413397000139, -3.21268887899987 ], [ 29.233795430000043, -3.211374925999962 ], [ 29.233533981000164, -3.210658222999939 ], [ 29.233486446000086, -3.21003707999995 ], [ 29.232987318000141, -3.209511497999813 ], [ 29.232583263000038, -3.209177035999915 ], [ 29.232250511000018, -3.208699233999937 ], [ 29.231822688000079, -3.208101979999981 ], [ 29.231157184999972, -3.207552505999899 ], [ 29.230087625000124, -3.206620788999885 ], [ 29.229350818000171, -3.206166874999894 ], [ 29.22830502700009, -3.206071313999928 ], [ 29.227782132000073, -3.205617399999937 ], [ 29.227401845000145, -3.20430343799984 ], [ 29.227449380000053, -3.202917801999945 ], [ 29.228471403000185, -3.202320545999896 ], [ 29.229136907000168, -3.201794957999937 ], [ 29.229065603000151, -3.201245480999944 ], [ 29.228518940000129, -3.200934906999919 ], [ 29.227782132000073, -3.200648223999906 ], [ 29.22704532500012, -3.201173809999887 ], [ 29.226023302000044, -3.201508273999934 ], [ 29.225191424000116, -3.201508273999934 ], [ 29.224430848000054, -3.201484383999912 ], [ 29.223741577000169, -3.201149919999864 ], [ 29.222957233000102, -3.200600442999871 ], [ 29.222695786000031, -3.199716498999919 ], [ 29.222339266, -3.199334253999893 ], [ 29.222339266, -3.198665322999886 ], [ 29.222365608000075, -3.19841379199994 ], [ 29.222386802000074, -3.198211405999928 ], [ 29.222743322000042, -3.197279679999895 ], [ 29.222862162000126, -3.196324063999896 ], [ 29.223385057000144, -3.19491452699998 ], [ 29.224051286000133, -3.193602050999914 ], [ 29.224502152000127, -3.192597147999891 ], [ 29.224811136000085, -3.191307059999929 ], [ 29.22485867100005, -3.190542560999972 ], [ 29.224787368000079, -3.190016968999942 ], [ 29.224597224000149, -3.189371922999953 ], [ 29.22446332800007, -3.188814349999973 ], [ 29.224430848000054, -3.188679094999884 ], [ 29.224407080000049, -3.188081828999941 ], [ 29.224620991000108, -3.187604016999956 ], [ 29.22504881500015, -3.18779514199997 ], [ 29.225666782000189, -3.187532345999955 ], [ 29.227401845000145, -3.187627907999968 ], [ 29.228899227000056, -3.187747360999822 ], [ 29.22982617800011, -3.187126203999924 ], [ 29.23049168100016, -3.186505046999969 ], [ 29.230990809000104, -3.185501638999881 ], [ 29.231442400000049, -3.184856588999821 ], [ 29.231442400000049, -3.184068194999952 ], [ 29.231299792000129, -3.18325591099989 ], [ 29.230766479000181, -3.182634882999935 ], [ 29.23015892899997, -3.182085262999919 ], [ 29.229327051000098, -3.181679120999888 ], [ 29.228685316, -3.181511884999907 ], [ 29.227900972000157, -3.181511884999907 ], [ 29.226902718000133, -3.181798574999846 ], [ 29.226619789000097, -3.181813284999976 ], [ 29.225524175000032, -3.181870246999893 ], [ 29.224668528, -3.18144021299986 ], [ 29.224407080000049, -3.180389017999914 ], [ 29.224478384000122, -3.179313930999967 ], [ 29.224716064000063, -3.178597204999903 ], [ 29.225120120000099, -3.17778491599995 ], [ 29.225178064999966, -3.177706284999886 ], [ 29.225595479000049, -3.177139861999933 ], [ 29.227283005000061, -3.176064771999961 ], [ 29.22804358000019, -3.175754189999964 ], [ 29.228542707000031, -3.175563062999856 ], [ 29.228732851000132, -3.175109134999957 ], [ 29.229303283000093, -3.174750770999879 ], [ 29.229564730000106, -3.174368515999959 ], [ 29.229374587000109, -3.173054511999965 ], [ 29.229374587000109, -3.172122762999948 ], [ 29.229493427000193, -3.17126268699991 ], [ 29.229564730000106, -3.170784866999838 ], [ 29.230301538000163, -3.17021148099991 ], [ 29.231038345000115, -3.16978144299992 ], [ 29.231870222999987, -3.169470857999897 ], [ 29.232820943000149, -3.169160273999978 ], [ 29.232939783000063, -3.168586888999869 ], [ 29.232678334000184, -3.168132957999887 ], [ 29.232678334000184, -3.167177312999968 ], [ 29.232678334000184, -3.165743844999895 ], [ 29.232416887000113, -3.165289913999914 ], [ 29.231798920000074, -3.164668742999936 ], [ 29.230610521000074, -3.164238701999977 ], [ 29.229707338000026, -3.163617530999943 ], [ 29.228994299000078, -3.163139705999924 ], [ 29.228495171000191, -3.162446860999978 ], [ 29.228138652000098, -3.161180624999929 ], [ 29.228209956000114, -3.159914386999958 ], [ 29.228447636000055, -3.15943656099995 ], [ 29.228899227000056, -3.15910208299988 ], [ 29.230420378000019, -3.159054299999923 ], [ 29.231062112000188, -3.158958735999931 ], [ 29.233153694000066, -3.157095210999842 ], [ 29.233533981000164, -3.156378469999936 ], [ 29.233795430000043, -3.155160008999928 ], [ 29.23408064500012, -3.154729963999898 ], [ 29.234128362000092, -3.153802641999903 ], [ 29.234199484999976, -3.152125796999883 ], [ 29.234674845000086, -3.151409051999906 ], [ 29.235007596000173, -3.150979005999943 ], [ 29.235197739000171, -3.150763981999944 ], [ 29.236077155000089, -3.150429501999952 ], [ 29.237099177000118, -3.150310043999923 ], [ 29.237289321000048, -3.150166693999893 ], [ 29.237812217000112, -3.149808321999899 ], [ 29.238358880000135, -3.149808321999899 ], [ 29.23890554400009, -3.149521623999874 ], [ 29.239571046000094, -3.149043792999976 ], [ 29.239689886000178, -3.147490840999978 ], [ 29.239666119000049, -3.146965226999953 ], [ 29.239672142000131, -3.146862295999938 ], [ 29.239689886000178, -3.146559068999977 ], [ 29.240141478000055, -3.14610512899992 ], [ 29.240355390000161, -3.145842320999918 ], [ 29.240474230000018, -3.145149463999815 ], [ 29.240093941999987, -3.144719413999951 ], [ 29.240212782000071, -3.143859313999826 ], [ 29.240521766000086, -3.14311867299989 ], [ 29.240497998000023, -3.142521380999881 ], [ 29.23997510200013, -3.141947979999941 ], [ 29.239594815000032, -3.141446253999902 ], [ 29.239452207000113, -3.140610043999914 ], [ 29.239666119000049, -3.139558806999958 ], [ 29.240260318000082, -3.139152645999957 ], [ 29.24097335700003, -3.138818161999893 ], [ 29.241947844000094, -3.138985403999868 ], [ 29.24249450800005, -3.139582697999913 ], [ 29.243231315000173, -3.139773831999833 ], [ 29.243801746000031, -3.139511022999955 ], [ 29.244158266000056, -3.139152645999957 ], [ 29.244443482000179, -3.138698702999932 ], [ 29.244443482000179, -3.13779081399997 ], [ 29.243991889000029, -3.137121843999978 ], [ 29.243730442000185, -3.136691790999976 ], [ 29.243587834000095, -3.135975035999934 ], [ 29.243754210000191, -3.135067144999937 ], [ 29.243944354000121, -3.134684874999948 ], [ 29.24422956900014, -3.134159253999883 ], [ 29.244395945000065, -3.132534603999943 ], [ 29.244633625000176, -3.132200116999968 ], [ 29.244633625000176, -3.13136389899995 ], [ 29.244491017000144, -3.130862167999908 ], [ 29.244110729000113, -3.130145408999965 ], [ 29.243991889000029, -3.129548108999927 ], [ 29.244110729000113, -3.128950808999946 ], [ 29.244609857000171, -3.128401292999968 ], [ 29.244990145000031, -3.12811458799996 ], [ 29.245845791000136, -3.12811458799996 ], [ 29.246986654000125, -3.128305724999962 ], [ 29.2478185330001, -3.129309188999969 ], [ 29.248650412000075, -3.130456004999871 ], [ 29.249030700000105, -3.130647139999894 ], [ 29.249529827000117, -3.130121515999917 ], [ 29.249815043000069, -3.129739244999939 ], [ 29.249933883000153, -3.12902248499995 ], [ 29.249696203000042, -3.128496860999974 ], [ 29.249339698000085, -3.128095056999939 ], [ 29.248911860000078, -3.127612855999928 ], [ 29.248127517000114, -3.12689609399996 ], [ 29.247580854000091, -3.126155439999934 ], [ 29.247176798000055, -3.125701490999973 ], [ 29.247034191000068, -3.125199756999848 ], [ 29.24701042200013, -3.124267964999945 ], [ 29.247248102000071, -3.123575093999875 ], [ 29.24762838900017, -3.123216710999884 ], [ 29.248365196000123, -3.123264494999944 ], [ 29.249482291999982, -3.124100719999944 ], [ 29.250337938000087, -3.124865266999961 ], [ 29.251050978000137, -3.125247540999965 ], [ 29.25264343200007, -3.125319217999959 ], [ 29.253831830000024, -3.124626346999833 ], [ 29.254758781000021, -3.123455632999935 ], [ 29.254812985000115, -3.121040034999908 ], [ 29.254830085000094, -3.120277972999929 ], [ 29.254972693000184, -3.119632883999941 ], [ 29.255828341000097, -3.117888749999963 ], [ 29.256161092000184, -3.117004735999899 ], [ 29.256921667000142, -3.116287966999948 ], [ 29.258442817000059, -3.115308381999967 ], [ 29.259369768000113, -3.115021673999877 ], [ 29.259987735000152, -3.115165028999911 ], [ 29.260439327000029, -3.115403950999962 ], [ 29.26086715100007, -3.115284488999862 ], [ 29.261057295000171, -3.114782750999893 ], [ 29.260795846000121, -3.11418544299994 ], [ 29.260415559000023, -3.113874841999916 ], [ 29.259179624000183, -3.11382705699998 ], [ 29.25800024900019, -3.113762390999966 ], [ 29.257016739000164, -3.113731486999882 ], [ 29.256493843000101, -3.113396994999903 ], [ 29.256279932000041, -3.112704115999975 ], [ 29.256066020000105, -3.111748419999856 ], [ 29.255757036000148, -3.111246678999976 ], [ 29.254758781000021, -3.110744937999868 ], [ 29.254259654000066, -3.110290981999981 ], [ 29.253570383000124, -3.110052057999894 ], [ 29.25311879200018, -3.109860917999924 ], [ 29.25245328800014, -3.109860917999924 ], [ 29.251764017000085, -3.110195411999939 ], [ 29.251241121000135, -3.10978924099993 ], [ 29.251146050000159, -3.109215821999896 ], [ 29.251193585000124, -3.108451262999893 ], [ 29.251455034000173, -3.108116767999945 ], [ 29.251716481000017, -3.107830057999934 ], [ 29.25159764100016, -3.107447777999823 ], [ 29.251227370000151, -3.107025267999859 ], [ 29.250908370000047, -3.106683216999954 ], [ 29.250718226000117, -3.106444292999925 ], [ 29.250813298000025, -3.10563194599996 ], [ 29.251336194000089, -3.104843491999816 ], [ 29.25159764100016, -3.104341747999968 ], [ 29.251930392000077, -3.104126714999836 ], [ 29.252833576000171, -3.103983359999972 ], [ 29.253594150000026, -3.103959465999935 ], [ 29.25423588600006, -3.10340993799997 ], [ 29.254426030000161, -3.102645373999906 ], [ 29.254259654000066, -3.101546312999915 ], [ 29.25371299000011, -3.101140137999892 ], [ 29.253261399000166, -3.100757855999973 ], [ 29.252904879000141, -3.100399465999885 ], [ 29.252500823999981, -3.100088860999961 ], [ 29.251882857000112, -3.099706578999928 ], [ 29.251217354000062, -3.099228724999932 ], [ 29.250284056000112, -3.098610368999914 ], [ 29.249767507000058, -3.098320801999932 ], [ 29.249292147000176, -3.098153552999975 ], [ 29.249079225000116, -3.098067936999882 ], [ 29.248460269000077, -3.097819054999832 ], [ 29.24762838900017, -3.097436770999821 ], [ 29.247271870000077, -3.097078379999914 ], [ 29.246986654000125, -3.096719987999847 ], [ 29.246986654000125, -3.096242133999908 ], [ 29.247034191000068, -3.095812063999972 ], [ 29.248103749000052, -3.095429779999961 ], [ 29.248674180000137, -3.095214743999975 ], [ 29.249829010000099, -3.095170094999958 ], [ 29.25052808300012, -3.095143065999935 ], [ 29.252263145000143, -3.095119172999887 ], [ 29.25345154300004, -3.095453671999962 ], [ 29.254021974000125, -3.095477564999896 ], [ 29.25418835, -3.095119172999887 ], [ 29.254212118, -3.094187353999814 ], [ 29.254045743, -3.093590033999931 ], [ 29.253499079000107, -3.092586534999953 ], [ 29.252572128000054, -3.091511355999899 ], [ 29.252405752000129, -3.091176855999947 ], [ 29.252405752000129, -3.090746784999965 ], [ 29.252405752000129, -3.09041228399991 ], [ 29.252549332000115, -3.08999339799982 ], [ 29.253119764000076, -3.089802254999881 ], [ 29.253690195000104, -3.089706683999964 ], [ 29.254379465999989, -3.089706683999964 ], [ 29.255044969000096, -3.08985004099992 ], [ 29.25535395300011, -3.089372182999909 ], [ 29.255924384000139, -3.088798752999935 ], [ 29.256970175000049, -3.088297000999944 ], [ 29.257421767000096, -3.087819141999944 ], [ 29.257944662000114, -3.087389068999869 ], [ 29.258919149000178, -3.087197924999884 ], [ 29.259513348000041, -3.086576707999825 ], [ 29.259679724000137, -3.086146633999931 ], [ 29.259442044000025, -3.085453736999966 ], [ 29.259251900000095, -3.085023662999845 ], [ 29.25842002100012, -3.085262592999811 ], [ 29.257659446000162, -3.085238699999877 ], [ 29.257112783000139, -3.084999769999911 ], [ 29.256810201000121, -3.084867520999978 ], [ 29.256566120000116, -3.084760839999944 ], [ 29.25616206400008, -3.084545801999923 ], [ 29.25582931200006, -3.084259085999975 ], [ 29.255520328999978, -3.083972369999969 ], [ 29.255235113000026, -3.083590080999954 ], [ 29.255021202000023, -3.083064432999834 ], [ 29.255021202000023, -3.082180389999962 ], [ 29.255021202000023, -3.081630848999964 ], [ 29.255734240000038, -3.080866269999945 ], [ 29.256328440000175, -3.080077796999888 ], [ 29.256352207000077, -3.078907032999837 ], [ 29.256066992, -3.078214130999868 ], [ 29.255853080000065, -3.077855732999978 ], [ 29.255401489000121, -3.077497334999975 ], [ 29.255068737000101, -3.076876111999923 ], [ 29.255068737000101, -3.076135422999926 ], [ 29.255068737000101, -3.075633664999884 ], [ 29.255282649000037, -3.075203586999919 ], [ 29.255433757000105, -3.074975730999881 ], [ 29.255520328999978, -3.074845188999916 ], [ 29.255710473000079, -3.074558469999943 ], [ 29.256114528000069, -3.074391216999857 ], [ 29.256732495000108, -3.074367323999923 ], [ 29.257136551000144, -3.074367323999923 ], [ 29.258182342000055, -3.074486789999924 ], [ 29.258586397000045, -3.07420007099995 ], [ 29.258515093000142, -3.072455860999924 ], [ 29.257683214000167, -3.071643488999882 ], [ 29.257421767000096, -3.070807221999871 ], [ 29.256922639000038, -3.070209888999898 ], [ 29.256708727000102, -3.069588660999955 ], [ 29.256732495000108, -3.068800179999812 ], [ 29.256803799000124, -3.068298418999973 ], [ 29.257184087000155, -3.06777276299988 ], [ 29.257326694000142, -3.067247108999936 ], [ 29.257397997999988, -3.066984279999929 ], [ 29.257255391, -3.06617190399993 ], [ 29.256946407000044, -3.065574567999931 ], [ 29.256447280000032, -3.065120591999914 ], [ 29.255639169000062, -3.064809976999868 ], [ 29.254902362000109, -3.064809976999868 ], [ 29.254355697999983, -3.06476218999984 ], [ 29.253500051000174, -3.06476218999984 ], [ 29.253214835, -3.064642722999906 ], [ 29.252992932000041, -3.064584888999889 ], [ 29.25257310000012, -3.064475467999898 ], [ 29.252454260000036, -3.064403787999936 ], [ 29.252172463000079, -3.064257575999932 ], [ 29.25171745300014, -3.064021491999938 ], [ 29.25138470100012, -3.063782556999968 ], [ 29.250956877000078, -3.063543621999827 ], [ 29.250552822000145, -3.063448047999884 ], [ 29.250291375000074, -3.06330468699997 ], [ 29.250029926000025, -3.063089644999934 ], [ 29.249792247000187, -3.062850709999964 ], [ 29.249625871000092, -3.062635667999928 ], [ 29.249459495000167, -3.062325051999892 ], [ 29.249459495000167, -3.061625597999921 ], [ 29.249459495000167, -3.061417097999822 ], [ 29.249483264000105, -3.061106480999968 ], [ 29.249768479000124, -3.060867545999827 ], [ 29.249958623000055, -3.06062861099997 ], [ 29.250220070000125, -3.060389674999897 ], [ 29.250523945000111, -3.06015654499987 ], [ 29.251123253000173, -3.059696760999941 ], [ 29.251788757000156, -3.059338356999945 ], [ 29.252002668000159, -3.058956059999957 ], [ 29.252097740000067, -3.058669335999923 ], [ 29.252097740000067, -3.058239250999975 ], [ 29.252097740000067, -3.057689696999944 ], [ 29.252112732000057, -3.057071770999926 ], [ 29.252121508000073, -3.056136609999896 ], [ 29.252287884000168, -3.055825991999939 ], [ 29.253000924000162, -3.055372011999964 ], [ 29.253500051000174, -3.054989712999941 ], [ 29.254118018000042, -3.054440157999863 ], [ 29.254118018000042, -3.053962283999851 ], [ 29.254284394000138, -3.053508302999944 ], [ 29.254260626000132, -3.05293485299984 ], [ 29.254070482000031, -3.052552552999828 ], [ 29.253713962000177, -3.052122464999854 ], [ 29.253477496000187, -3.051750385999981 ], [ 29.253167299000154, -3.051262288999908 ], [ 29.252860731000055, -3.050872994999963 ], [ 29.252715708000039, -3.050688838999974 ], [ 29.252359188000185, -3.050234856999907 ], [ 29.252043207000042, -3.04995457299998 ], [ 29.251955133000081, -3.049876449999829 ], [ 29.251646149000067, -3.049541935999969 ], [ 29.251218326000128, -3.049326891999897 ], [ 29.250980646000187, -3.049183528999947 ], [ 29.250861806000103, -3.049111847999882 ], [ 29.250552004000042, -3.048971697999946 ], [ 29.25038644600005, -3.048896802999934 ], [ 29.249958623000055, -3.048633970999958 ], [ 29.249649639000097, -3.048466713999971 ], [ 29.249435728000037, -3.048251668999967 ], [ 29.249007904, -3.047964942999954 ], [ 29.248896423000133, -3.047882363999861 ], [ 29.248490759000106, -3.047585339999955 ], [ 29.248104721000175, -3.04731980899993 ], [ 29.247867041, -3.047128656999917 ], [ 29.247534290000146, -3.046865824999941 ], [ 29.247367914000051, -3.046722461999877 ], [ 29.246583570000155, -3.04636405299982 ], [ 29.246298355000079, -3.045957856999962 ], [ 29.246036908000065, -3.045503872999973 ], [ 29.245680388000039, -3.04500209999992 ], [ 29.245062421000171, -3.044285282999965 ], [ 29.244777205000162, -3.043855191999967 ], [ 29.244016630000033, -3.043711827999914 ], [ 29.24327982300008, -3.043711827999914 ], [ 29.242970839000122, -3.043520675999901 ], [ 29.242402552000044, -3.043120766999948 ], [ 29.242257800000175, -3.043018902999961 ], [ 29.241972584, -3.042803857999957 ], [ 29.241616065000073, -3.042612704999954 ], [ 29.241473456000108, -3.04246934199989 ], [ 29.24071288100015, -3.041943673999981 ], [ 29.240523606000011, -3.041853065999874 ], [ 29.240213754000138, -3.04170473399995 ], [ 29.239928538000186, -3.041394111999921 ], [ 29.239762163000023, -3.040892337999878 ], [ 29.240071147000151, -3.039936576999935 ], [ 29.240451434000079, -3.039554271999918 ], [ 29.241021865000164, -3.038813556999912 ], [ 29.241663600000038, -3.038311780999948 ], [ 29.241853745000071, -3.037690534999911 ], [ 29.241829976000133, -3.037093182999968 ], [ 29.241330849000121, -3.036710876999962 ], [ 29.241069401000175, -3.03618520699996 ], [ 29.240831721000063, -3.03597015999992 ], [ 29.240427665000027, -3.03597015999992 ], [ 29.239833467000039, -3.035994052999968 ], [ 29.239215500000171, -3.03592237099997 ], [ 29.238716372000056, -3.035898476999932 ], [ 29.238193476000163, -3.035898476999932 ], [ 29.237979565000103, -3.035874583999941 ], [ 29.237718117000156, -3.035779006999917 ], [ 29.236743630000092, -3.035802900999954 ], [ 29.236434646000134, -3.035802900999954 ], [ 29.235983055000133, -3.035802900999954 ], [ 29.235531464000189, -3.035802900999954 ], [ 29.235270016000186, -3.035802900999954 ], [ 29.234747120000122, -3.035802900999954 ], [ 29.234224225000105, -3.035492276999832 ], [ 29.23379640200011, -3.035157758999958 ], [ 29.233450610000148, -3.034846723999976 ], [ 29.233344810000062, -3.034751557999925 ], [ 29.233059594999986, -3.034464828999887 ], [ 29.232726842000091, -3.03393915699985 ], [ 29.232251483000141, -3.033437378999963 ], [ 29.232180179000068, -3.033031178999863 ], [ 29.232156411000062, -3.032577187999948 ], [ 29.232156411000062, -3.032218774999876 ], [ 29.232227715000079, -3.031693102999895 ], [ 29.23317843500007, -3.03150194899996 ], [ 29.234010313000169, -3.031382477999955 ], [ 29.235053352000023, -3.030584884999939 ], [ 29.235911751000117, -3.029853245999902 ], [ 29.23612566200012, -3.029494831999898 ], [ 29.23612566200012, -3.028825792999896 ], [ 29.23612566200012, -3.02820454099998 ], [ 29.236363342000061, -3.02736823999993 ], [ 29.236601022, -3.026914247999912 ], [ 29.236791166000103, -3.026364678999926 ], [ 29.236981309000157, -3.026030156999866 ], [ 29.236981309000157, -3.025719530999936 ], [ 29.236601022, -3.025337220999972 ], [ 29.236030591000144, -3.025002699999959 ], [ 29.235365088000094, -3.025002699999959 ], [ 29.234913496, -3.025313326999878 ], [ 29.234152921000032, -3.025552270999924 ], [ 29.23358249, -3.025552270999924 ], [ 29.232489163000082, -3.025862896999968 ], [ 29.231942499000127, -3.025982368999905 ], [ 29.231063084000084, -3.026006262999942 ], [ 29.230373813000028, -3.026149628999974 ], [ 29.229803382000171, -3.026197417999924 ], [ 29.229446862000145, -3.026197417999924 ], [ 29.228995270999974, -3.026030156999866 ], [ 29.228638752000052, -3.025600058999885 ], [ 29.228525816000115, -3.025342022999951 ], [ 29.228377304000105, -3.025002699999959 ], [ 29.228305999000156, -3.024453129999927 ], [ 29.228044552000085, -3.02301946599988 ], [ 29.227949480000063, -3.022230949999937 ], [ 29.227854407999985, -3.021896427999877 ], [ 29.227747614000066, -3.021738962999905 ], [ 29.227497888000187, -3.021370749999903 ], [ 29.227070065000021, -3.020916754999973 ], [ 29.226761081000063, -3.020653915999901 ], [ 29.226309490000062, -3.020367182999905 ], [ 29.22602427400011, -3.020223815999941 ], [ 29.22536214400003, -3.020234057999971 ], [ 29.224384285000042, -3.020295498999928 ], [ 29.223718781000059, -3.020821176999902 ], [ 29.222482847000094, -3.021681377999926 ], [ 29.221437056000184, -3.021992004999959 ], [ 29.220557640000038, -3.022398210999825 ], [ 29.219701994000161, -3.022493787999906 ], [ 29.21898895400011, -3.022493787999906 ], [ 29.218252147000157, -3.022493787999906 ], [ 29.217681716000129, -3.022374315999969 ], [ 29.217541794000113, -3.022327426999937 ], [ 29.216968677000182, -3.022135371999923 ], [ 29.216660019000074, -3.021964706999938 ], [ 29.216089262000025, -3.021657482999899 ], [ 29.21568520600016, -3.021466327999974 ], [ 29.215328686000134, -3.021179593999875 ], [ 29.214805791000117, -3.021107910999888 ], [ 29.214330431000064, -3.021107910999888 ], [ 29.213926376000074, -3.021131804999925 ], [ 29.213165801000116, -3.021633587999872 ], [ 29.212785513000142, -3.021944215999895 ], [ 29.212032953, -3.022016231999942 ], [ 29.211097988, -3.02215926699995 ], [ 29.210147268000071, -3.02215926699995 ], [ 29.209553070000084, -3.022230949999937 ], [ 29.208982638000123, -3.022350421999931 ], [ 29.20862611900003, -3.022374315999969 ], [ 29.20777047200005, -3.022469893999869 ], [ 29.20731887900007, -3.0222070559999 ], [ 29.207033664000164, -3.021920321999971 ], [ 29.206843909000042, -3.021722490999935 ], [ 29.206560563000039, -3.021427087999939 ], [ 29.206226325999978, -3.021120468999868 ], [ 29.2060591770001, -3.02098843899995 ], [ 29.205702658000178, -3.020677810999928 ], [ 29.20525106600013, -3.020367182999905 ], [ 29.204870779000032, -3.020534443999964 ], [ 29.204704403000108, -3.020725599999878 ], [ 29.204514259000177, -3.020868965999966 ], [ 29.204704403000108, -3.021155699999952 ], [ 29.205155994000052, -3.02139464399994 ], [ 29.205298602000141, -3.021538010999961 ], [ 29.205488746000071, -3.021848638999927 ], [ 29.205488746000071, -3.022135371999923 ], [ 29.205488746000071, -3.022422104999919 ], [ 29.205322370000147, -3.022708837999858 ], [ 29.205108458000041, -3.02297167699993 ], [ 29.204939276000061, -3.023103962999869 ], [ 29.204680634000169, -3.023306197999887 ], [ 29.204347883000082, -3.023330092999913 ], [ 29.20384875600007, -3.023234514999899 ], [ 29.203539772000113, -3.023091148999868 ], [ 29.203230789000031, -3.022899993999943 ], [ 29.20280296500016, -3.022708837999858 ], [ 29.202612821000059, -3.022565470999893 ], [ 29.202303838000148, -3.022326527999951 ], [ 29.201994854000191, -3.021968110999921 ], [ 29.201543262000143, -3.021657482999899 ], [ 29.201162974999988, -3.02139464399994 ], [ 29.200640079999971, -3.020821176999902 ], [ 29.200331096000184, -3.020391076999942 ], [ 29.200045880000062, -3.0201043429999 ], [ 29.199570520000123, -3.019841503999942 ], [ 29.199285305000103, -3.01950698099995 ], [ 29.199023858000032, -3.019196352999927 ], [ 29.198860427000113, -3.019036159999928 ], [ 29.198073138000041, -3.018264466999938 ], [ 29.197645315000102, -3.017977731999906 ], [ 29.197122420000085, -3.017595419999964 ], [ 29.196789668000065, -3.017332579999902 ], [ 29.196551988000124, -3.017141423999817 ], [ 29.196314308000183, -3.016663532999871 ], [ 29.196005324000055, -3.015970589999938 ], [ 29.196005324000055, -3.015468803999966 ], [ 29.195743877000154, -3.01494312299991 ], [ 29.195506197000043, -3.014536914999951 ], [ 29.195268517000102, -3.013772286999938 ], [ 29.194864462000112, -3.013318289999859 ], [ 29.194603015000098, -3.012840396999934 ], [ 29.194412871000168, -3.012601449999977 ], [ 29.194389102000059, -3.012266924999892 ], [ 29.194365335000157, -3.011717347999934 ], [ 29.194365335000157, -3.010952718999874 ], [ 29.194365335000157, -3.01040314099987 ], [ 29.194365335000157, -3.009829667999952 ], [ 29.194151423000051, -3.009327877999908 ], [ 29.193390848000092, -3.008730510999953 ], [ 29.192297521000114, -3.008778300999893 ], [ 29.191204194000136, -3.008778300999893 ], [ 29.190301011000145, -3.00880219499993 ], [ 29.189397828000097, -3.008873878999907 ], [ 29.188613485000133, -3.008945562999884 ], [ 29.187947982000026, -3.009041141999887 ], [ 29.187852910000174, -3.009471246999965 ], [ 29.187087823000184, -3.009518338999953 ], [ 29.186760206000145, -3.00953850399992 ], [ 29.18668827900018, -3.009542930999942 ], [ 29.186165384000162, -3.009542930999942 ], [ 29.185666256000047, -3.009256193999931 ], [ 29.185167129000092, -3.008873878999907 ], [ 29.184905681000089, -3.008180931999959 ], [ 29.185119594000128, -3.008037563999892 ], [ 29.185024521000173, -3.007129562999921 ], [ 29.184644234000075, -3.006651666999971 ], [ 29.184430322000139, -3.006221560999847 ], [ 29.184335250000061, -3.005887033999954 ], [ 29.184192641999971, -3.004979030999891 ], [ 29.184263946000044, -3.004477239999915 ], [ 29.184454090000145, -3.003999342999919 ], [ 29.184763074000102, -3.003569235999862 ], [ 29.185072057000184, -3.003091338999923 ], [ 29.185333505000131, -3.00263733599985 ], [ 29.185428577000039, -3.00235059899984 ], [ 29.185690025000156, -3.002087753999945 ], [ 29.185666256000047, -3.00122753799991 ], [ 29.185571185000128, -3.000725744999954 ], [ 29.185190897000098, -3.000343426999962 ], [ 29.185000754000043, -3.000008897999976 ], [ 29.184691770000086, -2.99969826399996 ], [ 29.184382786000072, -2.999076995999872 ], [ 29.184121338000125, -2.998766360999923 ], [ 29.183907427000122, -2.998360146999971 ], [ 29.183693514000083, -2.998121196999932 ], [ 29.183503371000086, -2.997858352999856 ], [ 29.183384531000172, -2.997691086999964 ], [ 29.183075547000044, -2.997356557999979 ], [ 29.182766564000133, -2.996878657999957 ], [ 29.182457580000118, -2.996376862999909 ], [ 29.182077293000191, -2.996281283999906 ], [ 29.181554398, -2.996066227999961 ], [ 29.181197878000035, -2.995851172999949 ], [ 29.180817590000174, -2.995707802999902 ], [ 29.180508607000093, -2.995612222999966 ], [ 29.179890640000053, -2.995277691999945 ], [ 29.179652960000055, -2.995182111999952 ], [ 29.179439047000074, -2.995062636999819 ], [ 29.17896368900017, -2.994919266999943 ], [ 29.178797313000075, -2.994752001999871 ], [ 29.178369489000033, -2.994417470999906 ], [ 29.178060505000019, -2.994059044999915 ], [ 29.177941666000038, -2.993605038999931 ], [ 29.177941666000038, -2.993031556999881 ], [ 29.177941666000038, -2.992434179999918 ], [ 29.177561378000064, -2.992099648999954 ], [ 29.17718109100008, -2.992338599999925 ], [ 29.176955973000133, -2.99245176099987 ], [ 29.176563123000108, -2.992649235999977 ], [ 29.175992691000033, -2.992935975999956 ], [ 29.175493564000192, -2.993174926999927 ], [ 29.17504197300002, -2.993366087999959 ], [ 29.174590381000144, -2.99384398899997 ], [ 29.173829806000185, -2.994202415999951 ], [ 29.173520822000057, -2.994536945999926 ], [ 29.173116767000067, -2.99487147699989 ], [ 29.172976530000142, -2.994966850999958 ], [ 29.172386468000127, -2.99536814399994 ], [ 29.17159561700015, -2.995946752999942 ], [ 29.171096489999968, -2.996448547999933 ], [ 29.170668666000097, -2.997571612999934 ], [ 29.169931858999973, -2.997452137999971 ], [ 29.169099979000066, -2.997452137999971 ], [ 29.168672156000127, -2.997284872999899 ], [ 29.16833940500004, -2.997022028999936 ], [ 29.167935349000174, -2.996472443999949 ], [ 29.167935349000174, -2.995922857999915 ], [ 29.167792741000085, -2.995516641999814 ], [ 29.167436221000116, -2.994967056999883 ], [ 29.167055934000189, -2.994489155999872 ], [ 29.166580574000079, -2.994226309999874 ], [ 29.166437967000093, -2.993939569999952 ], [ 29.166247823000162, -2.993628933999958 ], [ 29.166247823000162, -2.993151032999833 ], [ 29.166414199000087, -2.99267313099989 ], [ 29.167008398000121, -2.992051857999911 ], [ 29.167415646000109, -2.991574193999838 ], [ 29.167555061000144, -2.99121552999992 ], [ 29.167555061000144, -2.990665941999907 ], [ 29.167555061000144, -2.990259723999884 ], [ 29.168220565000183, -2.98904107099986 ], [ 29.168577084000106, -2.988539271999969 ], [ 29.168577084000106, -2.988085263999892 ], [ 29.16914751600001, -2.98753567499989 ], [ 29.169290123, -2.98712945699998 ], [ 29.170906346000095, -2.985767428999964 ], [ 29.171714457000064, -2.985026675999961 ], [ 29.171975904000078, -2.984500979999893 ], [ 29.172118512000168, -2.983927492999953 ], [ 29.172094744000162, -2.983067262999953 ], [ 29.171880832000056, -2.982398193999927 ], [ 29.171429241000055, -2.981872497999916 ], [ 29.171120257000098, -2.981490170999905 ], [ 29.170906346000095, -2.981131741999945 ], [ 29.170787506000181, -2.980558252999913 ], [ 29.170644897000045, -2.979698019999944 ], [ 29.170383450000145, -2.979052844999956 ], [ 29.170288379000169, -2.978527146999966 ], [ 29.169908090000092, -2.978144819999955 ], [ 29.169575339000176, -2.97797755199997 ], [ 29.169456499000091, -2.977666911999961 ], [ 29.169313892000105, -2.97680667599991 ], [ 29.169062649000182, -2.976443577999817 ], [ 29.168553316000043, -2.975707485999919 ], [ 29.168291868000097, -2.975301261999959 ], [ 29.168006652000145, -2.974918934999948 ], [ 29.167364918000146, -2.974345442999947 ], [ 29.167174774000046, -2.973819741999876 ], [ 29.167008398000121, -2.973174563999976 ], [ 29.166842023000129, -2.972863921999931 ], [ 29.166342894000138, -2.972170951999942 ], [ 29.166342894000138, -2.971788622999952 ], [ 29.166604343000188, -2.971454084999891 ], [ 29.167079702000024, -2.971023964999915 ], [ 29.16745999, -2.97078500899994 ], [ 29.168006652000145, -2.97059384399995 ], [ 29.168505781000135, -2.97059384399995 ], [ 29.168933604000074, -2.97059384399995 ], [ 29.169123748000175, -2.970354887999974 ], [ 29.169171283000139, -2.969972558999871 ], [ 29.16914751600001, -2.96944685699998 ], [ 29.168624621, -2.969184004999931 ], [ 29.168561997000154, -2.969145259999891 ], [ 29.168315636000102, -2.968992839999885 ], [ 29.168125492, -2.968849465999938 ], [ 29.167982885000015, -2.968682196999964 ], [ 29.16729361400013, -2.968132597999954 ], [ 29.166913326000099, -2.967439623999894 ], [ 29.166604343000188, -2.96681833699995 ], [ 29.166461734000052, -2.966244840999934 ], [ 29.166485503000104, -2.964691621999918 ], [ 29.166414199000087, -2.964165915999956 ], [ 29.166461734000052, -2.963664105999896 ], [ 29.166913326000099, -2.9630189209999 ], [ 29.167051567000044, -2.962692307999873 ], [ 29.167388685000049, -2.961895820999871 ], [ 29.167578830000082, -2.961537383999882 ], [ 29.167721437000068, -2.961155051999867 ], [ 29.168006652000145, -2.960724927999877 ], [ 29.168268101000024, -2.960318698999856 ], [ 29.168482012000027, -2.959816886999818 ], [ 29.168220565000183, -2.959673512999927 ], [ 29.167816509000147, -2.959673512999927 ], [ 29.166556807000177, -2.959769095999945 ], [ 29.166033911000056, -2.959625720999895 ], [ 29.165463480000028, -2.95943455399987 ], [ 29.164988120000146, -2.959243387999948 ], [ 29.164393921000112, -2.958932741999945 ], [ 29.163989865000076, -2.958693783999877 ], [ 29.163585810000086, -2.958622095999885 ], [ 29.163205522000055, -2.958430929999963 ], [ 29.162658859000032, -2.958000804999926 ], [ 29.162183500000083, -2.957690158999981 ], [ 29.161708139999973, -2.957403407999948 ], [ 29.161375389000114, -2.956949386999952 ], [ 29.161185245000183, -2.956351988999927 ], [ 29.160709885000074, -2.955515633999823 ], [ 29.160709885000074, -2.954535900999929 ], [ 29.160662349000063, -2.953771229999973 ], [ 29.160305829000038, -2.952433056999951 ], [ 29.160091918000035, -2.952146304999928 ], [ 29.159473951000166, -2.951811761999977 ], [ 29.159236271, -2.951596697999946 ], [ 29.158879751000029, -2.951238257999933 ], [ 29.158499464000101, -2.950975401999926 ], [ 29.158261784000103, -2.950688649999847 ], [ 29.157952800000146, -2.950330209999947 ], [ 29.157263529000033, -2.94963722499989 ], [ 29.156835706000095, -2.949254887999871 ], [ 29.156146435000153, -2.949015927999824 ], [ 29.155647307000095, -2.948944239999946 ], [ 29.155314555000075, -2.948848655999939 ], [ 29.154981804000158, -2.948609694999959 ], [ 29.15460151700006, -2.948179565999965 ], [ 29.154173693000189, -2.947462683999902 ], [ 29.154054853000105, -2.94705645099998 ], [ 29.153936013000077, -2.946841384999914 ], [ 29.153745869000147, -2.946745800999906 ], [ 29.153341813000111, -2.946626320999883 ], [ 29.152866454000105, -2.946626320999883 ], [ 29.152628775000096, -2.946698008999874 ], [ 29.152058343000135, -2.946817489999887 ], [ 29.151796895000189, -2.947104242999899 ], [ 29.151440376000096, -2.94777333299993 ], [ 29.150822408000124, -2.948561902999927 ], [ 29.149538938000148, -2.948681382999951 ], [ 29.148588219000089, -2.948490214999936 ], [ 29.147851412000136, -2.948131773999933 ], [ 29.146900693000077, -2.948036189999925 ], [ 29.145949974000189, -2.947725540999897 ], [ 29.145260703000076, -2.947534372999883 ], [ 29.144618967000099, -2.947271514999898 ], [ 29.144119840000087, -2.947247618999882 ], [ 29.143454337000037, -2.94705645099998 ], [ 29.143074049000177, -2.946841384999914 ], [ 29.1427888340001, -2.946626320999883 ], [ 29.14240854600007, -2.94629177499985 ], [ 29.142099562000112, -2.945981125999879 ], [ 29.141980723000131, -2.945622684999819 ], [ 29.141624203000106, -2.944451773999901 ], [ 29.141030004000072, -2.943591511999955 ], [ 29.14074478800012, -2.943161380999925 ], [ 29.140507109000055, -2.942802937999943 ], [ 29.140435804000106, -2.942396703999975 ], [ 29.140435804000106, -2.941393062999964 ], [ 29.140316964000021, -2.940819553999972 ], [ 29.139936677000094, -2.940341628999931 ], [ 29.139366246000066, -2.9395769489999 ], [ 29.138914654000189, -2.939457467999944 ], [ 29.138201615000071, -2.939099023999972 ], [ 29.137702488000059, -2.938788372999852 ], [ 29.137369736000096, -2.938501617999918 ], [ 29.13689437700009, -2.938453824999954 ], [ 29.136466553000048, -2.938382136999962 ], [ 29.136133801000028, -2.938047587999904 ], [ 29.135777282000106, -2.937760832999913 ], [ 29.135307867000108, -2.937213976999942 ], [ 29.135138613000152, -2.937030719999882 ], [ 29.135040474999983, -2.936924461999979 ], [ 29.13477902600016, -2.936637705999885 ], [ 29.134541348000027, -2.93668549899985 ], [ 29.134327435000159, -2.936876668999957 ], [ 29.134131655000147, -2.936893072999965 ], [ 29.134042220000083, -2.936900565999963 ], [ 29.133780772000136, -2.936900565999963 ], [ 29.133613958000183, -2.936806226999977 ], [ 29.133400484000106, -2.93668549899985 ], [ 29.133162805000097, -2.936422639999932 ], [ 29.132758750000107, -2.936327053999946 ], [ 29.132402230000139, -2.936159779999969 ], [ 29.132093246000125, -2.935801334999951 ], [ 29.132093246000125, -2.93525171899995 ], [ 29.131879334000189, -2.934845480999911 ], [ 29.131427743000074, -2.933770144999926 ], [ 29.131047455000044, -2.93264701499993 ], [ 29.130690936000121, -2.932264672999906 ], [ 29.13007296800015, -2.932025707999856 ], [ 29.129835287999981, -2.931715054999927 ], [ 29.129657010000187, -2.931549600999972 ], [ 29.129526305000127, -2.931428296999968 ], [ 29.129027177000182, -2.930926472999943 ], [ 29.128646890000084, -2.930305164999936 ], [ 29.128623122000079, -2.930137889999969 ], [ 29.127981386999977, -2.930090096999947 ], [ 29.1275297950001, -2.929946717999883 ], [ 29.126983132000078, -2.929994510999904 ], [ 29.126222556000073, -2.930305164999936 ], [ 29.125390678000144, -2.93047243999996 ], [ 29.124701407000032, -2.930711404999897 ], [ 29.124178511000139, -2.930783093999878 ], [ 29.123679384000127, -2.930878678999875 ], [ 29.123061416000155, -2.930950368999959 ], [ 29.122253305000186, -2.930854782999972 ], [ 29.122011801000099, -2.930692909999891 ], [ 29.12182548200019, -2.930568025999946 ], [ 29.121041138000123, -2.930209579999939 ], [ 29.120779691000109, -2.929922821999924 ], [ 29.120542011000168, -2.929707752999889 ], [ 29.120090420000167, -2.929444891999935 ], [ 29.119068397000092, -2.928751894999948 ], [ 29.118949557000178, -2.928465135999943 ], [ 29.118569268999977, -2.92827396499996 ], [ 29.118188982000049, -2.92808279299993 ], [ 29.117808695000122, -2.92808279299993 ], [ 29.116620295000189, -2.927963309999882 ], [ 29.11600232800015, -2.92758096599988 ], [ 29.115526969000143, -2.927103035999949 ], [ 29.115265521000026, -2.926505622999912 ], [ 29.114623786000152, -2.926290553999877 ], [ 29.11412465900014, -2.926457829999947 ], [ 29.113768139000115, -2.926290553999877 ], [ 29.112864956000067, -2.925693140999897 ], [ 29.112413365000123, -2.925334691999922 ], [ 29.111961773000075, -2.924976242999946 ], [ 29.11174786100014, -2.924689483999941 ], [ 29.111224966000123, -2.924307138999893 ], [ 29.110868446000097, -2.923853103999932 ], [ 29.110535695000181, -2.923040619999938 ], [ 29.109965263000049, -2.922706066999865 ], [ 29.109798888000057, -2.92251489399996 ], [ 29.109371064000186, -2.922371514999895 ], [ 29.108919472000139, -2.922228134999841 ], [ 29.108372809000116, -2.922180341999876 ], [ 29.107612234000158, -2.922180341999876 ], [ 29.106804123000188, -2.922467100999881 ], [ 29.105782100000056, -2.923924793999959 ], [ 29.105401812000025, -2.924808966999933 ], [ 29.104665005000072, -2.925095725999938 ], [ 29.104094574000044, -2.925000139999952 ], [ 29.103571678000151, -2.924641691999966 ], [ 29.10312008700015, -2.924498311999912 ], [ 29.10226444000017, -2.924474415999896 ], [ 29.101812849000169, -2.924426621999942 ], [ 29.101456328999973, -2.924115966999977 ], [ 29.101099809000175, -2.923805310999967 ], [ 29.100767058000088, -2.923327378999943 ], [ 29.100576914000158, -2.922706066999865 ], [ 29.100671986, -2.92155902899998 ], [ 29.100458074000073, -2.921176682999885 ], [ 29.10005401900014, -2.920746542999893 ], [ 29.09986387500004, -2.920483678999915 ], [ 29.099340980000193, -2.920579266999937 ], [ 29.099127068000087, -2.920698749999929 ], [ 29.09886562000014, -2.920173022999961 ], [ 29.098675476000039, -2.919957952999937 ], [ 29.098414028999969, -2.919790675999934 ], [ 29.098271421000106, -2.919623398999875 ], [ 29.097796061, -2.919695089999948 ], [ 29.097178094000128, -2.919599502999972 ], [ 29.09667896600007, -2.919049878999942 ], [ 29.096013464000066, -2.918524151999975 ], [ 29.095704479000176, -2.917998423999904 ], [ 29.095918391000112, -2.916994760999899 ], [ 29.095656944000041, -2.91666020699995 ], [ 29.095585640000024, -2.916230065999969 ], [ 29.095395496000094, -2.914844052999968 ], [ 29.095276657000113, -2.914437807999889 ], [ 29.095062744000074, -2.914127148999967 ], [ 29.094706225000152, -2.913720902999898 ], [ 29.094373473000132, -2.913314656999944 ], [ 29.094159561000026, -2.912908411999922 ], [ 29.09401695400004, -2.91231098999998 ], [ 29.093636666, -2.911856950999947 ], [ 29.093595877000098, -2.911807306999947 ], [ 29.093185075000065, -2.91130732299996 ], [ 29.092971163000129, -2.910518725999907 ], [ 29.092971163000129, -2.910112478999963 ], [ 29.09282855500004, -2.909515056999908 ], [ 29.092685947000177, -2.909252190999837 ], [ 29.092400732000101, -2.908463592999965 ], [ 29.091943428000093, -2.908085911999876 ], [ 29.091735228000118, -2.907913962999942 ], [ 29.091568852000023, -2.907555508999963 ], [ 29.091141029000028, -2.906910291999964 ], [ 29.090736974000095, -2.90590661899995 ], [ 29.090713205000156, -2.905333090999932 ], [ 29.090594365000129, -2.904998533999958 ], [ 29.090356686000064, -2.904544490999967 ], [ 29.090332918000058, -2.903851477999979 ], [ 29.090285382000047, -2.903038977999927 ], [ 29.090119006000123, -2.901629051999976 ], [ 29.089667414000075, -2.901151110999933 ], [ 29.089619879000111, -2.900601476999952 ], [ 29.089477271000078, -2.899932358999934 ], [ 29.089358431000164, -2.899478313999907 ], [ 29.089334663000159, -2.898976473999937 ], [ 29.089334663000159, -2.898235662999866 ], [ 29.089477271000078, -2.897733822999896 ], [ 29.089691183000184, -2.897279776999824 ], [ 29.089714950000086, -2.896777935999864 ], [ 29.090000166000038, -2.896132712999929 ], [ 29.090000166000038, -2.895535282999901 ], [ 29.089952630000028, -2.894866160999868 ], [ 29.089952630000028, -2.894459907999931 ], [ 29.090426723000121, -2.894096730999877 ], [ 29.090546830000164, -2.893575709999936 ], [ 29.090499294000153, -2.892787101999886 ], [ 29.090190309999969, -2.892285258999948 ], [ 29.090119006000123, -2.891735621999942 ], [ 29.090023934000101, -2.890660242999957 ], [ 29.090214077999974, -2.890038912999955 ], [ 29.090665670000078, -2.889537068999914 ], [ 29.090855814000179, -2.888987430999919 ], [ 29.090855814000179, -2.888389997999866 ], [ 29.091045957000176, -2.887744767999948 ], [ 29.091307405000123, -2.887386307999975 ], [ 29.091830301000073, -2.886956154999893 ], [ 29.092210588000171, -2.886406515999965 ], [ 29.092495803000077, -2.88583297699995 ], [ 29.092567108000026, -2.885331131999976 ], [ 29.093517826000152, -2.88425574799993 ], [ 29.093898114000183, -2.883730003999858 ], [ 29.094112026000118, -2.883180361999962 ], [ 29.094444777000035, -2.882821900999943 ], [ 29.094444777000035, -2.882391745999882 ], [ 29.094325937000121, -2.881937692999884 ], [ 29.094183330000135, -2.88124466599993 ], [ 29.093779274000099, -2.881053485999928 ], [ 29.093684202000077, -2.880814510999926 ], [ 29.093612898, -2.880360457999927 ], [ 29.093612898, -2.879404555999884 ], [ 29.093612898, -2.878926605999879 ], [ 29.093280146000041, -2.878687629999888 ], [ 29.09301869900014, -2.878520346999949 ], [ 29.092662179000115, -2.878329166999833 ], [ 29.092662179000115, -2.87792290799996 ], [ 29.092662179000115, -2.877683932999901 ], [ 29.092662179000115, -2.877444956999966 ], [ 29.093113770000116, -2.877110389999871 ], [ 29.093161306000127, -2.876536847999944 ], [ 29.093161306000127, -2.876106690999961 ], [ 29.092852323000045, -2.875604840999927 ], [ 29.092590875000099, -2.87534196699994 ], [ 29.092305659000147, -2.875055194999902 ], [ 29.091925372, -2.874744525999972 ], [ 29.091616388000034, -2.874433856999929 ], [ 29.091663924000045, -2.874290470999881 ], [ 29.091450012000109, -2.87374082499997 ], [ 29.091378708000093, -2.873071689999961 ], [ 29.091045957000176, -2.872330861999842 ], [ 29.090950885000098, -2.871876805999932 ], [ 29.09083204500007, -2.871494442999904 ], [ 29.090523061000056, -2.871183771999881 ], [ 29.090000166000038, -2.870825305999972 ], [ 29.089667414000075, -2.870825305999972 ], [ 29.089192055000069, -2.870825305999972 ], [ 29.088811767000038, -2.871542236999971 ], [ 29.08857408800003, -2.872044088999928 ], [ 29.088407712000105, -2.87256983899988 ], [ 29.087932352000053, -2.872952200999919 ], [ 29.087290618000054, -2.873143382999899 ], [ 29.086767722000104, -2.873143382999899 ], [ 29.08638743400013, -2.873023893999971 ], [ 29.085341643000163, -2.87292830399997 ], [ 29.085080196000149, -2.872402554999894 ], [ 29.085008892000076, -2.871781213999839 ], [ 29.084913820000054, -2.871207669999876 ], [ 29.084699909, -2.870873100999916 ], [ 29.084414693000042, -2.87061022599994 ], [ 29.08412947700009, -2.870323453999902 ], [ 29.08393933300016, -2.870203964999973 ], [ 29.083654118000084, -2.870060577999936 ], [ 29.083345134000069, -2.869510929999933 ], [ 29.082917311000131, -2.869200258999967 ], [ 29.082584558000065, -2.869009076999873 ], [ 29.082436826000105, -2.868951311999979 ], [ 29.082156735000069, -2.868841792999888 ], [ 29.081800216000147, -2.868698405999851 ], [ 29.081110944000159, -2.868459427999881 ], [ 29.080611817000147, -2.868387734999885 ], [ 29.080326602000071, -2.868244348999951 ], [ 29.079925285, -2.868032986999935 ], [ 29.07982747300008, -2.867981472999929 ], [ 29.079589794000071, -2.867838085999892 ], [ 29.079423418000147, -2.867670801999907 ], [ 29.07875791500004, -2.867360130999941 ], [ 29.078591539000172, -2.867360130999941 ], [ 29.078401395000071, -2.867360130999941 ], [ 29.07809241200016, -2.867479619999926 ], [ 29.077926036000065, -2.867503516999932 ], [ 29.077640820000113, -2.867503516999932 ], [ 29.077379373000042, -2.867503516999932 ], [ 29.077070389000085, -2.867312334999895 ], [ 29.076856477000149, -2.867049458999929 ], [ 29.076690101000054, -2.866690991999917 ], [ 29.076571262000073, -2.86616523999993 ], [ 29.076428654000154, -2.865185428999951 ], [ 29.076262278000058, -2.864635777999979 ], [ 29.076214742000047, -2.864301207999915 ], [ 29.075929526000095, -2.86389494499997 ], [ 29.075192719000142, -2.863488679999932 ], [ 29.074693592000131, -2.863440883999942 ], [ 29.074028088000148, -2.863512578999917 ], [ 29.073742873000072, -2.863488679999932 ], [ 29.073219977000178, -2.863512578999917 ], [ 29.072982298000113, -2.863584271999912 ], [ 29.072554474000071, -2.86389494499997 ], [ 29.072245490000057, -2.864110024999889 ], [ 29.071627523000188, -2.864564084999813 ], [ 29.071294772000101, -2.864635777999979 ], [ 29.070938252000076, -2.864540186999875 ], [ 29.070724341000073, -2.864540186999875 ], [ 29.070344052000166, -2.864540186999875 ], [ 29.069868694000093, -2.864420696999957 ], [ 29.069757123000159, -2.864244413999927 ], [ 29.069322030000137, -2.863751556999887 ], [ 29.069226958000058, -2.863249700999972 ], [ 29.068917974000101, -2.86274784599982 ], [ 29.068632759000025, -2.862174295999978 ], [ 29.068347543000073, -2.861744133999878 ], [ 29.068323775000067, -2.861218378999922 ], [ 29.068191576000061, -2.860996842999953 ], [ 29.068181167000148, -2.860979399999962 ], [ 29.068371311000078, -2.86035805399996 ], [ 29.068585223000184, -2.860023481999974 ], [ 29.068656849999968, -2.859959043999822 ], [ 29.069036814000185, -2.859617216999936 ], [ 29.069631014000095, -2.859258747999945 ], [ 29.070510428000034, -2.859139257999914 ], [ 29.070510428000034, -2.858780787999933 ], [ 29.070510428000034, -2.85789656299994 ], [ 29.070106373000101, -2.857107927999891 ], [ 29.069868694000093, -2.856534375999956 ], [ 29.069464638000056, -2.85612810899994 ], [ 29.069155654000042, -2.85593692499998 ], [ 29.068908356000179, -2.855862328999876 ], [ 29.06868029400016, -2.855793536999954 ], [ 29.068395079000084, -2.855697943999928 ], [ 29.068157399000143, -2.855578453999897 ], [ 29.067848416000061, -2.855411167999932 ], [ 29.06761073600012, -2.855339472999958 ], [ 29.067159145000119, -2.855172187999869 ], [ 29.066873929000167, -2.855028798999911 ], [ 29.066398569000114, -2.854646429999889 ], [ 29.066232194000122, -2.854287957999816 ], [ 29.066232194000122, -2.854001181999877 ], [ 29.066232194000122, -2.853499321999948 ], [ 29.066232194000122, -2.853140850999921 ], [ 29.066232194000122, -2.852877971999931 ], [ 29.066303498000138, -2.852543397999966 ], [ 29.066351033000046, -2.852280518999976 ], [ 29.066469873000131, -2.852041536999934 ], [ 29.06680262500015, -2.85182645499998 ], [ 29.067040305000091, -2.851683064999918 ], [ 29.067682040000136, -2.851467982999907 ], [ 29.067848416000061, -2.851396287999933 ], [ 29.068252471, -2.851229000999922 ], [ 29.0684663830001, -2.851013917999978 ], [ 29.068704063000098, -2.850870528999963 ], [ 29.069131886000037, -2.850679343999843 ], [ 29.069179422000047, -2.850392565999925 ], [ 29.069179422000047, -2.850177482999868 ], [ 29.069179422000047, -2.849914602999888 ], [ 29.069179422000047, -2.84962782499997 ], [ 29.06887043800009, -2.849149860999944 ], [ 29.06860899100019, -2.848456812999871 ], [ 29.068418847000089, -2.84807444199987 ], [ 29.068181167000148, -2.847524782999869 ], [ 29.06787218300019, -2.846879531999946 ], [ 29.067444360000025, -2.846162583999956 ], [ 29.067040305000091, -2.845445636999955 ], [ 29.066184658000054, -2.845063263999862 ], [ 29.065685530000167, -2.845063263999862 ], [ 29.065352778000147, -2.845111060999898 ], [ 29.064663507000091, -2.84568461899994 ], [ 29.064449596000031, -2.84585190699994 ], [ 29.064259451000055, -2.845875804999935 ], [ 29.063570180000113, -2.845565127999976 ], [ 29.062809605000155, -2.844848179999929 ], [ 29.062500622000073, -2.844489705999933 ], [ 29.062358013999983, -2.844179027999871 ], [ 29.062144102000047, -2.843987841999876 ], [ 29.061971232000133, -2.843821923999826 ], [ 29.06162120700003, -2.843485977999933 ], [ 29.061312223000073, -2.843246994999959 ], [ 29.060979471000053, -2.842649535999897 ], [ 29.061145847000148, -2.842171570999881 ], [ 29.061359759000084, -2.841789195999922 ], [ 29.061407295000095, -2.841311229999917 ], [ 29.061502367000173, -2.841048347999845 ], [ 29.061644975000092, -2.840857160999917 ], [ 29.06183511800009, -2.840594278999845 ], [ 29.06183511800009, -2.840211905999979 ], [ 29.06176381500012, -2.839853429999835 ], [ 29.06176381500012, -2.839542750999954 ], [ 29.061716278000176, -2.83918427499998 ], [ 29.061716278000176, -2.838825799999881 ], [ 29.061526135000179, -2.838562915999887 ], [ 29.061145847000148, -2.837702572999945 ], [ 29.060718024000039, -2.837009518999878 ], [ 29.060646720000136, -2.836388159999899 ], [ 29.060409040000025, -2.835790697999926 ], [ 29.060076288000062, -2.834571875999927 ], [ 29.059553393000044, -2.834237296999845 ], [ 29.059149337000179, -2.833926615999872 ], [ 29.058911658000113, -2.833544239999981 ], [ 29.058717189000106, -2.833196619999967 ], [ 29.058555138000145, -2.832922878999966 ], [ 29.058317459000079, -2.832683893999899 ], [ 29.058032243000127, -2.832444907999957 ], [ 29.057556884000121, -2.831990835999932 ], [ 29.057342972000185, -2.831417270999907 ], [ 29.057390508000026, -2.830963197999949 ], [ 29.057556884000121, -2.830700313999955 ], [ 29.057842099000027, -2.830509124999935 ], [ 29.05750934800011, -2.830007254999884 ], [ 29.057077426000092, -2.829516242999944 ], [ 29.056748772000049, -2.829146905999949 ], [ 29.056344717000115, -2.82886012199998 ], [ 29.055964430000188, -2.828764527999908 ], [ 29.055489070000078, -2.828621136999857 ], [ 29.055085014000042, -2.828334352999946 ], [ 29.054752263000125, -2.828167062999967 ], [ 29.054419511000162, -2.82804756999991 ], [ 29.054110528000081, -2.827832481999963 ], [ 29.053706472000044, -2.827665191999813 ], [ 29.052969665000091, -2.827521799999943 ], [ 29.052660681000134, -2.827306711999881 ], [ 29.052470537000033, -2.826828739999883 ], [ 29.051947641000083, -2.826422461999925 ], [ 29.051923874000181, -2.826207374999967 ], [ 29.051923874000181, -2.825896691999958 ], [ 29.051852570000108, -2.825275325999939 ], [ 29.051923874000181, -2.824892946999853 ], [ 29.051923874000181, -2.824725655999941 ], [ 29.051764081000158, -2.824587432999976 ], [ 29.051431329000025, -2.824157256999911 ], [ 29.051169882000124, -2.823727079999912 ], [ 29.051146113000186, -2.823177409999914 ], [ 29.051146113000186, -2.822101965999934 ], [ 29.051146113000186, -2.821193813999912 ], [ 29.050860898000167, -2.820644141999935 ], [ 29.050504378000142, -2.820381254999916 ], [ 29.049910179000108, -2.820142266999881 ], [ 29.049482355, -2.819903278999902 ], [ 29.048888156000146, -2.819712088999893 ], [ 29.048119549000091, -2.819551568999941 ], [ 29.047509614000148, -2.819425302999889 ], [ 29.046915414000182, -2.819353606999925 ], [ 29.046400184, -2.819313754999882 ], [ 29.045917159000112, -2.819305808999957 ], [ 29.044847601000072, -2.819998873999907 ], [ 29.043730506000088, -2.82085922999994 ], [ 29.042851091000102, -2.821886876999883 ], [ 29.041187333000096, -2.822866725999972 ], [ 29.040474294000148, -2.823010117999956 ], [ 29.039832558000171, -2.82348809299998 ], [ 29.039167056000167, -2.824037763999968 ], [ 29.0383827120001, -2.824300648999952 ], [ 29.037740977000055, -2.824420142999884 ], [ 29.036790258000167, -2.824515736999899 ], [ 29.036267362000046, -2.824396242999967 ], [ 29.035578091000161, -2.824396242999967 ], [ 29.034960124000065, -2.824252850999926 ], [ 29.034484764000183, -2.824252850999926 ], [ 29.033985637000171, -2.824252850999926 ], [ 29.033432161000064, -2.825276848999977 ], [ 29.033432008000091, -2.82527713199994 ], [ 29.033391438000137, -2.825352191999912 ], [ 29.032916078000085, -2.825854063999884 ], [ 29.031798983999977, -2.826045252999961 ], [ 29.031618353000056, -2.826052820999962 ], [ 29.031615755000189, -2.826052929999889 ], [ 29.031320933000131, -2.826065281999945 ], [ 29.030658121000045, -2.82609304999994 ], [ 29.029422186000147, -2.826212543999873 ], [ 29.028542772000037, -2.82628423999995 ], [ 29.027853501000152, -2.826308137999945 ], [ 29.027354373000037, -2.825997454999936 ], [ 29.027017731000058, -2.825752987999977 ], [ 29.026926550000098, -2.825686772999973 ], [ 29.02664133400009, -2.825423886999886 ], [ 29.026189742000042, -2.824587432999976 ], [ 29.025880759000131, -2.824085559999901 ], [ 29.02569061500003, -2.823511990999975 ], [ 29.025405399000078, -2.822986219999905 ], [ 29.025072647000059, -2.822603838999896 ], [ 29.024692360000131, -2.822603838999896 ], [ 29.024217001000181, -2.822651636999922 ], [ 29.023836712000048, -2.822938421999936 ], [ 29.023622801000045, -2.822603838999896 ], [ 29.023412451000013, -2.822103910999942 ], [ 29.023194978000049, -2.821671787999946 ], [ 29.022767154000178, -2.821600091999869 ], [ 29.022077883000122, -2.821408901999973 ], [ 29.02138861200018, -2.821408901999973 ], [ 29.020841949000157, -2.821002623999902 ], [ 29.020414125000116, -2.820978723999815 ], [ 29.019938765, -2.820715837999899 ], [ 29.019249494000121, -2.82107431999998 ], [ 29.018275007000057, -2.821480597999937 ], [ 29.017086609000103, -2.821528395999906 ], [ 29.015921978000108, -2.821361103999834 ], [ 29.014947491000044, -2.821122116999959 ], [ 29.01397300400015, -2.82107431999998 ], [ 29.01264199700006, -2.820548545999941 ], [ 29.012071566000031, -2.820429051999895 ], [ 29.011263455000062, -2.819951076999871 ], [ 29.010360272000185, -2.819329707999884 ], [ 29.009813608000115, -2.818708337999965 ], [ 29.008411299000159, -2.817871879999871 ], [ 29.008054779000133, -2.817632890999903 ], [ 29.00712782800008, -2.817250509999894 ], [ 29.006367252000018, -2.816437948999976 ], [ 29.006010734000029, -2.816055566999978 ], [ 29.005725518000077, -2.815625386999898 ], [ 29.005464070000073, -2.815266903999884 ], [ 29.00513131800011, -2.814645531999929 ], [ 29.00491740700005, -2.814239249999957 ], [ 29.004513351000014, -2.813187697999979 ], [ 29.004085526999972, -2.812829212999929 ], [ 29.003847848000134, -2.812255638999886 ], [ 29.003372488000082, -2.81182545799993 ], [ 29.002754521000156, -2.811251882999954 ], [ 29.002255393999974, -2.810630508999964 ], [ 29.002207858000133, -2.809363861999884 ], [ 29.002193977000161, -2.808931193999967 ], [ 29.002184090000128, -2.808622991999869 ], [ 29.002184090000128, -2.807523636999974 ], [ 29.002280032000101, -2.806925513999943 ], [ 29.002302929000109, -2.806782765999856 ], [ 29.002421769000023, -2.806256985999937 ], [ 29.002429054000174, -2.806029910999825 ], [ 29.002445538000075, -2.804631846999939 ], [ 29.002588145000061, -2.803843175999816 ], [ 29.002445538000075, -2.803317395999898 ], [ 29.002065250000101, -2.802958907999937 ], [ 29.001827570000103, -2.802480924999884 ], [ 29.001827570000103, -2.802265832999865 ], [ 29.001257138000028, -2.800927478999881 ], [ 29.000995691000128, -2.800210503999892 ], [ 29.00106368600018, -2.79761242099994 ], [ 29.001114531000042, -2.795669644999975 ], [ 29.001090762999979, -2.794809269999917 ], [ 29.001257138000028, -2.79421178799987 ], [ 29.001358127000117, -2.793352328999902 ], [ 29.001396293000084, -2.79197075999997 ], [ 29.001375978000056, -2.791272165999828 ], [ 29.000876851000044, -2.790626882999902 ], [ 29.000924387000111, -2.786922469999979 ], [ 29.001352211000153, -2.785536298999887 ], [ 29.001922642000181, -2.783887231999927 ], [ 29.002374234000058, -2.783433139999943 ], [ 29.002374234000058, -2.782763952999915 ], [ 29.002493074000142, -2.782405459999893 ], [ 29.00268321700014, -2.782166463999943 ], [ 29.003288031000068, -2.781632017999868 ], [ 29.003467560000104, -2.781473375999894 ], [ 29.003600361000167, -2.781367301999978 ], [ 29.004296583000041, -2.780811195999888 ], [ 29.005250157999967, -2.7802305969999 ], [ 29.006367252000018, -2.779752603999952 ], [ 29.007698259000108, -2.779155112999945 ], [ 29.008268690000136, -2.778462023999964 ], [ 29.008435066000061, -2.778079628999933 ], [ 29.008815354000092, -2.777219240999955 ], [ 29.00891042600017, -2.776836845999867 ], [ 29.009457090000069, -2.775689660999888 ], [ 29.010193897000192, -2.775044368999886 ], [ 29.010811864000061, -2.7748053709999 ], [ 29.011548671000014, -2.774279576999845 ], [ 29.011928959000045, -2.773562584999922 ], [ 29.013236197000026, -2.773060689999966 ], [ 29.01402054, -2.772797791999892 ], [ 29.014543435000178, -2.772391495999955 ], [ 29.015470386000061, -2.77208079899998 ], [ 29.015826906000086, -2.771746201999918 ], [ 29.017039073000092, -2.771268205999888 ], [ 29.01746689600003, -2.77071851099987 ], [ 29.018037327000116, -2.770527311999956 ], [ 29.019083118000026, -2.769571318999908 ], [ 29.019606014000146, -2.768663125999922 ], [ 29.019707872000026, -2.768506075999881 ], [ 29.020723109000073, -2.76677503499991 ], [ 29.023599034000085, -2.763237845999925 ], [ 29.024658259000091, -2.762356377999879 ], [ 29.02497757600014, -2.762090646999923 ], [ 29.025301114000058, -2.761840751999955 ], [ 29.026617566000084, -2.760823946999949 ], [ 29.026974085, -2.760441546999914 ], [ 29.02823378800008, -2.760106945999951 ], [ 29.029707402000156, -2.760106945999951 ], [ 29.030776961000072, -2.75996354699987 ], [ 29.031789455000023, -2.759340207999912 ], [ 29.031941591000191, -2.759246544999883 ], [ 29.032464487000084, -2.75895974499997 ], [ 29.033346542000174, -2.759394855999915 ], [ 29.033724189000054, -2.75958114599996 ], [ 29.034437229000048, -2.760106945999951 ], [ 29.036053451000043, -2.76008304699991 ], [ 29.037241849000111, -2.76060884799989 ], [ 29.038192569000103, -2.761039046999883 ], [ 29.038620392000041, -2.760417646999883 ], [ 29.038881840000045, -2.759246544999883 ], [ 29.038810536000142, -2.75879244399988 ], [ 29.03857285600003, -2.758410043999959 ], [ 29.038358944000095, -2.757932041999936 ], [ 29.038358944000095, -2.756402436999963 ], [ 29.038501552000184, -2.755064029999971 ], [ 29.038667927000176, -2.754633827999953 ], [ 29.038667927000176, -2.753653921999899 ], [ 29.038929376000056, -2.752817415999971 ], [ 29.039167056000167, -2.752339411999856 ], [ 29.039357199000165, -2.750594697999929 ], [ 29.039357199000165, -2.749638687999948 ], [ 29.039689951000184, -2.7491606829999 ], [ 29.040212846000031, -2.748491476999959 ], [ 29.040331686000059, -2.747989570999835 ], [ 29.04045052500004, -2.747750567999958 ], [ 29.040616902000068, -2.746842356999935 ], [ 29.040545598, -2.744786929999975 ], [ 29.040141542000129, -2.744237221999867 ], [ 29.039499807000084, -2.743544111999881 ], [ 29.038881840000045, -2.743018302999928 ], [ 29.038655094000092, -2.742823824999903 ], [ 29.038073729000018, -2.742325191999953 ], [ 29.037455761000047, -2.741154071999858 ], [ 29.036837794000178, -2.74048486099997 ], [ 29.036338667000166, -2.739409340999828 ], [ 29.035601860000043, -2.738214318999894 ], [ 29.03512650000016, -2.737712407999936 ], [ 29.035102731000052, -2.736923691999948 ], [ 29.03493635600006, -2.736350079999909 ], [ 29.034960124000065, -2.735465760999944 ], [ 29.034983892000071, -2.734700943999883 ], [ 29.034627373000149, -2.733960026999966 ], [ 29.034175781000101, -2.734103429999948 ], [ 29.033557813000129, -2.734199031999935 ], [ 29.033106222000185, -2.734175130999972 ], [ 29.032179271000132, -2.733744920999925 ], [ 29.031157248, -2.732693295999979 ], [ 29.031157248, -2.732239184999969 ], [ 29.030776961000072, -2.73195237799996 ], [ 29.030396673000041, -2.731785073999959 ], [ 29.029945082000097, -2.731450464999966 ], [ 29.029826242000183, -2.73106805599997 ], [ 29.029873777000148, -2.730709545999957 ], [ 29.029136971000128, -2.730255434999947 ], [ 29.028827987000113, -2.729968626999948 ], [ 29.028519003000156, -2.729610117999925 ], [ 29.027996108000139, -2.729179905999956 ], [ 29.027283069000191, -2.728415083999892 ], [ 29.02671263700006, -2.728104374999873 ], [ 29.026213510000048, -2.727530758999933 ], [ 29.02590452600009, -2.726598631999877 ], [ 29.025310327000057, -2.726216220999959 ], [ 29.024739895999971, -2.725953312999877 ], [ 29.024217001000181, -2.725260191999894 ], [ 29.023503961000131, -2.724590970999941 ], [ 29.022814690000018, -2.72375444499994 ], [ 29.022339330000136, -2.723252528999978 ], [ 29.022006579000049, -2.722917916999904 ], [ 29.021840203000124, -2.722559405999903 ], [ 29.022244258000114, -2.722224794999931 ], [ 29.022268027, -2.72184238199992 ], [ 29.021982811000044, -2.721555571999886 ], [ 29.021673827000086, -2.720814646999884 ], [ 29.021174700000074, -2.720025919999898 ], [ 29.020532964999973, -2.719261092999943 ], [ 29.020128909000107, -2.718974282999909 ], [ 29.019701085000065, -2.718854777999979 ], [ 29.018908600000145, -2.718870272999936 ], [ 29.018504545000042, -2.718822471999886 ], [ 29.018052953000165, -2.718487859999925 ], [ 29.017577594000159, -2.718272750999972 ], [ 29.017030930000033, -2.717890337999961 ], [ 29.016103978999979, -2.717412319999937 ], [ 29.015153260000091, -2.71655188699998 ], [ 29.014606597000068, -2.715954364999902 ], [ 29.014582829000062, -2.715380742999969 ], [ 29.013941093000085, -2.714998326999932 ], [ 29.013624182000058, -2.714768166999818 ], [ 29.011730673000159, -2.713468666999859 ], [ 29.010922561000086, -2.71277553799996 ], [ 29.010494738000148, -2.712130210999931 ], [ 29.010019378000038, -2.711413180999955 ], [ 29.009496487000035, -2.710361543999966 ], [ 29.009377643000164, -2.710146426999927 ], [ 29.009116195000047, -2.709596702999931 ], [ 29.007785188000128, -2.708282144999885 ], [ 29.007143453000026, -2.707708518999937 ], [ 29.006715630000087, -2.707254397999918 ], [ 29.005907519000118, -2.706871980999892 ], [ 29.005503463000082, -2.706537365999964 ], [ 29.004909264000048, -2.705653023999957 ], [ 29.003887241000086, -2.704864286999964 ], [ 29.003245506000042, -2.704840384999954 ], [ 29.002318555000159, -2.705175001999919 ], [ 29.000916245000155, -2.705103296999937 ], [ 29.000179438000032, -2.704577472999972 ], [ 28.999632774000077, -2.704242856999883 ], [ 28.999109878000127, -2.704290658999923 ], [ 28.998373071, -2.703645327999936 ], [ 28.997588729000142, -2.703382414999851 ], [ 28.997255976000076, -2.702569773999926 ], [ 28.997153686000104, -2.702292040999964 ], [ 28.996780618000173, -2.701279109999973 ], [ 28.996233954000047, -2.700442566999868 ], [ 28.995449611000083, -2.699534319999941 ], [ 28.994641500000114, -2.699199702999977 ], [ 28.993928460000063, -2.698984591999931 ], [ 28.993429333000051, -2.699008492999951 ], [ 28.992502382000055, -2.698769479999896 ], [ 28.991955719000032, -2.698745578999876 ], [ 28.991622967000183, -2.698458762999962 ], [ 28.991432824000185, -2.698626072999957 ], [ 28.991218911000146, -2.699056294999934 ], [ 28.989982977000011, -2.700155751999944 ], [ 28.989388777000045, -2.700155751999944 ], [ 28.988438059000089, -2.699940640999898 ], [ 28.987962699000036, -2.699295307999876 ], [ 28.987558644000103, -2.698434861999942 ], [ 28.987225892000083, -2.697956836999822 ], [ 28.986322710000138, -2.697550514999932 ], [ 28.985562134000077, -2.69695298299996 ], [ 28.985419525999987, -2.696403252999971 ], [ 28.985039239000059, -2.695638409999901 ], [ 28.984302432000106, -2.695112580999933 ], [ 28.983470552000028, -2.694777962999979 ], [ 28.982686210000168, -2.694156527999951 ], [ 28.982353458000148, -2.694180428999971 ], [ 28.981474043000162, -2.694371638999939 ], [ 28.980665932000136, -2.694443342999875 ], [ 28.979834053000161, -2.694515046999868 ], [ 28.979382461000114, -2.694945270999938 ], [ 28.977956383000048, -2.69499307399991 ], [ 28.977195806999987, -2.694921369999918 ], [ 28.976672912000026, -2.695279890999927 ], [ 28.975793498000087, -2.69537549599994 ], [ 28.97493785100005, -2.695734015999847 ], [ 28.974391187000151, -2.696451054999841 ], [ 28.973559308000119, -2.696929080999951 ], [ 28.972917573000075, -2.697478810999883 ], [ 28.972204533000024, -2.697956836999822 ], [ 28.971396422000055, -2.698745578999876 ], [ 28.971396422000055, -2.699032392999925 ], [ 28.971277581999971, -2.699582121999924 ], [ 28.970588311000085, -2.700107949999904 ], [ 28.970535373000132, -2.700141827999971 ], [ 28.970065415000136, -2.700442566999868 ], [ 28.970065415000136, -2.701231307999933 ], [ 28.969946576000154, -2.702306860999954 ], [ 28.969209769000031, -2.7034541189999 ], [ 28.969019625000101, -2.704027745999952 ], [ 28.968259049999972, -2.704099449999944 ], [ 28.967641083000103, -2.703764833999969 ], [ 28.967033780000065, -2.703488560999915 ], [ 28.966642828000033, -2.703310710999972 ], [ 28.966051489000051, -2.702473341999962 ], [ 28.96590825200019, -2.702270510999938 ], [ 28.965803160000178, -2.70212169399997 ], [ 28.965478197000039, -2.701661528999921 ], [ 28.964456174000134, -2.700705479999954 ], [ 28.964123423000046, -2.70063377699995 ], [ 28.963719367000181, -2.700370862999875 ], [ 28.962839952000138, -2.699295307999876 ], [ 28.962055609000174, -2.697956836999822 ], [ 28.961342570000056, -2.696331548999979 ], [ 28.960320547000151, -2.695303791999947 ], [ 28.959155916000157, -2.693845809999914 ], [ 28.958300269000119, -2.693869710999934 ], [ 28.957111871000052, -2.694013118999919 ], [ 28.956351296000093, -2.694013118999919 ], [ 28.955424344000107, -2.69360679599987 ], [ 28.954521162000162, -2.693343880999976 ], [ 28.953713051000193, -2.693343880999976 ], [ 28.953475371000081, -2.693009261999975 ], [ 28.952382044000103, -2.692507332999924 ], [ 28.951312486000063, -2.691814191999867 ], [ 28.950599446000069, -2.691527374999964 ], [ 28.950409302000139, -2.691885896999963 ], [ 28.949648728000113, -2.691933699999822 ], [ 28.949125832000163, -2.692483430999914 ], [ 28.948579168000037, -2.692292219999899 ], [ 28.947794825000074, -2.691527374999964 ], [ 28.94720062600004, -2.691025445999969 ], [ 28.946273675000157, -2.691288360999977 ], [ 28.945608172000107, -2.691431768999962 ], [ 28.94527542100019, -2.691360064999969 ], [ 28.944847597000148, -2.691360064999969 ], [ 28.944324701000028, -2.691551275999871 ], [ 28.944324701000028, -2.691814191999867 ], [ 28.944324701000028, -2.692148811999857 ], [ 28.944538613000134, -2.692483430999914 ], [ 28.944562381000139, -2.692746346999911 ], [ 28.944538613000134, -2.693272176999812 ], [ 28.944300934000125, -2.693463386999895 ], [ 28.943587894000075, -2.693487288999847 ], [ 28.942894636000119, -2.692928184999857 ], [ 28.942542103000164, -2.692650740999909 ], [ 28.941971672000136, -2.691718585999979 ], [ 28.940284146000124, -2.690021585999887 ], [ 28.939523571000166, -2.689256738999916 ], [ 28.93949980300016, -2.688778710999884 ], [ 28.93949980300016, -2.687750946999927 ], [ 28.939642411000193, -2.68748803099993 ], [ 28.940212842000051, -2.68672318199998 ], [ 28.940616898000087, -2.686412462999954 ], [ 28.940616898000087, -2.685384697999893 ], [ 28.940379218000146, -2.684643750999896 ], [ 28.940022698000121, -2.68418961999987 ], [ 28.938929371000029, -2.68344867199994 ], [ 28.938123417000099, -2.682787487999974 ], [ 28.937398188000088, -2.68235931199996 ], [ 28.936732685000152, -2.682263706999947 ], [ 28.936114718000113, -2.681809575999978 ], [ 28.935568054000157, -2.681474953999896 ], [ 28.935116462999986, -2.681307641999979 ], [ 28.934664872000042, -2.681307641999979 ], [ 28.934309162000091, -2.681421458999978 ], [ 28.933428937000031, -2.681761771999902 ], [ 28.933119954000119, -2.682407115999922 ], [ 28.93285850500007, -2.682502721999924 ], [ 28.932454450000137, -2.682239803999948 ], [ 28.93145619500001, -2.681690067999909 ], [ 28.930743156000119, -2.6816661659999 ], [ 28.930291565000118, -2.6816661659999 ], [ 28.930053885000177, -2.682000787999868 ], [ 28.929435918000138, -2.682120295999937 ], [ 28.928627807000112, -2.682096394999974 ], [ 28.928033606999975, -2.681976886999962 ], [ 28.92753448000019, -2.681976886999962 ], [ 28.927249264000181, -2.682215902999928 ], [ 28.926441153000042, -2.682287607999967 ], [ 28.925870722000184, -2.682144198999936 ], [ 28.925300290000052, -2.682144198999936 ], [ 28.924492179000083, -2.682263706999947 ], [ 28.923897980000049, -2.682622229999879 ], [ 28.923588996000035, -2.682741737999891 ], [ 28.922614509000141, -2.682526623999877 ], [ 28.921687559000191, -2.681809575999978 ], [ 28.92123596600004, -2.681546657999945 ], [ 28.920641768000053, -2.681427149999934 ], [ 28.920261480000079, -2.681307641999979 ], [ 28.919151566000039, -2.681284388999927 ], [ 28.91912061700009, -2.681283740999959 ], [ 28.918899526000189, -2.681245073999889 ], [ 28.918074826000122, -2.681116428999815 ], [ 28.917551931000105, -2.680590593999909 ], [ 28.91698149900003, -2.679610626999931 ], [ 28.916767588000141, -2.679156494999916 ], [ 28.916458605000059, -2.678965281999979 ], [ 28.915816869000082, -2.678965281999979 ], [ 28.915341510000133, -2.678845773999967 ], [ 28.915222670000048, -2.678367740999931 ], [ 28.915175134000037, -2.677722394999932 ], [ 28.915219444000115, -2.677209956999889 ], [ 28.914913686000091, -2.676383900999838 ], [ 28.914652238000087, -2.675881963999871 ], [ 28.914105575000065, -2.675356126999873 ], [ 28.913962967000032, -2.674662976999912 ], [ 28.913606447000177, -2.674232744999927 ], [ 28.913321232000101, -2.67368300499993 ], [ 28.913440072000185, -2.673157164999907 ], [ 28.912964712000075, -2.672679129999892 ], [ 28.912679496000123, -2.67229670099988 ], [ 28.912394281000047, -2.671818665999922 ], [ 28.912085298000193, -2.671460138999919 ], [ 28.911705010000162, -2.671316727999965 ], [ 28.91146733, -2.671029905999944 ], [ 28.911491098000056, -2.67055186999994 ], [ 28.911443561999988, -2.670073833999879 ], [ 28.911134578000031, -2.669739206999907 ], [ 28.910659219000024, -2.669213366999941 ], [ 28.910160091000137, -2.66892654499992 ], [ 28.909827340000049, -2.66844850699988 ], [ 28.91001748400015, -2.667874862999952 ], [ 28.91001748400015, -2.667468529999894 ], [ 28.910136324, -2.666966590999948 ], [ 28.910278931, -2.666608062999956 ], [ 28.910183860000075, -2.66577149599982 ], [ 28.909779804000038, -2.665293456999962 ], [ 28.909233140000083, -2.66505443799997 ], [ 28.908615173000044, -2.664695908999818 ], [ 28.908116046000032, -2.664432986999827 ], [ 28.907711991000099, -2.664289575999931 ], [ 28.907141559000138, -2.664265673999921 ], [ 28.906785040000045, -2.664289575999931 ], [ 28.906262144000095, -2.665078339999923 ], [ 28.905691713000067, -2.665245653999932 ], [ 28.905168817000174, -2.665126143999885 ], [ 28.904645922000157, -2.66476761499996 ], [ 28.903956651000044, -2.663931046999949 ], [ 28.903671435000092, -2.663453007999919 ], [ 28.90317230800008, -2.662783752999871 ], [ 28.90283955600006, -2.662305712999853 ], [ 28.9022691240001, -2.662305712999853 ], [ 28.901674926000169, -2.662353516999872 ], [ 28.901080726000032, -2.662401320999948 ], [ 28.90039145500009, -2.662520830999881 ], [ 28.899512039000172, -2.662473026999919 ], [ 28.898989144000154, -2.662186202999976 ], [ 28.898820905000036, -2.66208859499983 ], [ 28.898371177000115, -2.661827672999891 ], [ 28.89794335400012, -2.661540849999881 ], [ 28.897467994000067, -2.661206220999929 ], [ 28.897087707000139, -2.661015004999967 ], [ 28.896778723000125, -2.660441356999968 ], [ 28.896709955000119, -2.659974558999977 ], [ 28.896541043000184, -2.659174548999943 ], [ 28.896184522999988, -2.658648703999972 ], [ 28.896092949999968, -2.658196627999928 ], [ 28.895923076000145, -2.657357991999902 ], [ 28.895828004000066, -2.656593125999962 ], [ 28.895661628000028, -2.656019473999947 ], [ 28.895355999, -2.655732610999905 ], [ 28.895305109000105, -2.655684844999939 ], [ 28.895114965000175, -2.655445823999969 ], [ 28.894972357000086, -2.654657052999823 ], [ 28.89509119700017, -2.65415510899993 ], [ 28.895210036000094, -2.653772673999924 ], [ 28.89542394800003, -2.652768783999818 ], [ 28.896018148, -2.652338544999907 ], [ 28.896612347000087, -2.652027815999872 ], [ 28.897634370000162, -2.651788793999913 ], [ 28.89901291200016, -2.651478065999868 ], [ 28.90053406300018, -2.650760998999942 ], [ 28.901297362000037, -2.650570389999928 ], [ 28.901300086000049, -2.650570998999967 ], [ 28.902150284000072, -2.650760998999942 ], [ 28.902887092000071, -2.6502590529999 ], [ 28.903243611, -2.649900519999903 ], [ 28.90398041900005, -2.649685399999953 ], [ 28.904907370000103, -2.64841858099993 ], [ 28.90524012100019, -2.648131753999905 ], [ 28.90524012100019, -2.647295173999964 ], [ 28.905263889000025, -2.646602007999945 ], [ 28.905572872999983, -2.646243472999913 ], [ 28.905596641000045, -2.645335185999897 ], [ 28.90538272900011, -2.644355189999828 ], [ 28.90524012100019, -2.642443001999879 ], [ 28.905454033000126, -2.641558613999962 ], [ 28.905358961000047, -2.641032760999906 ], [ 28.905097513000101, -2.640698126999951 ], [ 28.904836066000087, -2.640363492999938 ], [ 28.904645922000157, -2.640076664999924 ], [ 28.904669690000162, -2.639479103999975 ], [ 28.904574618000083, -2.639024957999936 ], [ 28.90424186600012, -2.638403493999874 ], [ 28.90398041900005, -2.638021054999854 ], [ 28.903623899000024, -2.637614712999891 ], [ 28.903436357000146, -2.637345278999874 ], [ 28.903291148000108, -2.637136662999865 ], [ 28.903233417000081, -2.637037964999934 ], [ 28.903053468000167, -2.636730320999902 ], [ 28.90298216400015, -2.636395685999844 ], [ 28.902887092000071, -2.636037148999947 ], [ 28.902673180000136, -2.635750318999897 ], [ 28.90264941200013, -2.635487391999902 ], [ 28.90298216400015, -2.635128853999902 ], [ 28.902958395000041, -2.634602997999934 ], [ 28.902720716000033, -2.634268362999933 ], [ 28.902792020000049, -2.633814214999859 ], [ 28.903196075000153, -2.634148849999917 ], [ 28.903362451000078, -2.634818120999967 ], [ 28.903576363000184, -2.634961535999935 ], [ 28.903932882000106, -2.634842022999976 ], [ 28.904027955000061, -2.634626900999933 ], [ 28.90389516, -2.634037944999875 ], [ 28.90418037600017, -2.633559893999973 ], [ 28.904679503000182, -2.633034037999948 ], [ 28.904370519000167, -2.63236476599991 ], [ 28.904061536000086, -2.631958421999968 ], [ 28.90389516, -2.631504272999962 ], [ 28.903657481000153, -2.6310262209999 ], [ 28.903277193000122, -2.630739389999974 ], [ 28.903419801000041, -2.630070116999946 ], [ 28.903419801000041, -2.629448648999869 ], [ 28.903705017000163, -2.628755471999966 ], [ 28.90418037600017, -2.628110100999947 ], [ 28.903990232000069, -2.626675940999974 ], [ 28.903586177000136, -2.625958859999969 ], [ 28.903443568000114, -2.625767638999946 ], [ 28.903300961000127, -2.625815443999898 ], [ 28.903063281000186, -2.625767638999946 ], [ 28.902873137000086, -2.625385195999911 ], [ 28.902730530000099, -2.624859335999929 ], [ 28.902255170000046, -2.624429086999953 ], [ 28.902421546000141, -2.625170070999957 ], [ 28.902801833000069, -2.626126178999925 ], [ 28.902801833000069, -2.627130091999959 ], [ 28.902635457000144, -2.628038392999883 ], [ 28.902304988000083, -2.628121478999901 ], [ 28.902160097999968, -2.628157906999832 ], [ 28.901946186000032, -2.628325224999912 ], [ 28.901565899000104, -2.628325224999912 ], [ 28.901477830000033, -2.628273124999964 ], [ 28.901161843000068, -2.628086198999938 ], [ 28.900876628, -2.627823268999919 ], [ 28.900662716000056, -2.627512533999891 ], [ 28.900805323000043, -2.627058383999895 ], [ 28.90078155600014, -2.626436913999896 ], [ 28.900543876000029, -2.626269594999826 ], [ 28.899949677000166, -2.626030567999919 ], [ 28.899878372000046, -2.625313487999961 ], [ 28.899616925000146, -2.624715919999971 ], [ 28.899236637000115, -2.6245725039999 ], [ 28.899165333999974, -2.624190059999876 ], [ 28.899165333999974, -2.623712004999959 ], [ 28.899307941000188, -2.622803700999953 ], [ 28.899165333999974, -2.622349547999931 ], [ 28.898761278000165, -2.621991006999906 ], [ 28.898523598, -2.62141733999988 ], [ 28.898761278000165, -2.620843673999957 ], [ 28.899117798000134, -2.620437325999887 ], [ 28.899212870000042, -2.61983975499993 ], [ 28.899117798000134, -2.619313893999845 ], [ 28.898737510000103, -2.619027058999905 ], [ 28.898832582000182, -2.618692419999945 ], [ 28.89907026100002, -2.618429488999936 ], [ 28.899616925000146, -2.618429488999936 ], [ 28.89978330100007, -2.617951431999927 ], [ 28.899799471000165, -2.617593656999873 ], [ 28.899807069000076, -2.61742556899992 ], [ 28.900068516000147, -2.617162636999922 ], [ 28.900211125000112, -2.616804093999917 ], [ 28.900200820000066, -2.616545022999901 ], [ 28.900187356000174, -2.61620652299996 ], [ 28.900425036000115, -2.615943590999962 ], [ 28.900425036000115, -2.615226503999963 ], [ 28.900496340000188, -2.614533319999964 ], [ 28.900582715000098, -2.614304309999966 ], [ 28.900757788000135, -2.613840134999919 ], [ 28.900971699000138, -2.613409881999928 ], [ 28.901321007000092, -2.613012769999955 ], [ 28.901518363000093, -2.612788404999947 ], [ 28.901256915000147, -2.612238636999905 ], [ 28.901256915000147, -2.611186905999944 ], [ 28.901256915000147, -2.61082836199995 ], [ 28.901351987000169, -2.6104459149999 ], [ 28.901399523, -2.610087369999917 ], [ 28.90158966700011, -2.609346375999962 ], [ 28.90158966700011, -2.609155151999971 ], [ 28.902017490000105, -2.608868315999928 ], [ 28.901969954000037, -2.60819903099997 ], [ 28.901969954000037, -2.607888290999938 ], [ 28.901993723000146, -2.607290714999976 ], [ 28.901803579000045, -2.606788749999907 ], [ 28.901375755000174, -2.60638239899987 ], [ 28.901066772000092, -2.605880433999914 ], [ 28.90078155600014, -2.605330662999961 ], [ 28.90040126800011, -2.604924309999944 ], [ 28.900068516000147, -2.60461356999997 ], [ 28.899902141000098, -2.604350635999879 ], [ 28.899902141000098, -2.603800863999879 ], [ 28.900211125000112, -2.603251091999937 ], [ 28.900211125000112, -2.602557900999898 ], [ 28.900020981000182, -2.602271062999876 ], [ 28.899664461000157, -2.602103741999883 ], [ 28.899236637000115, -2.602032031999897 ], [ 28.898761278000165, -2.601864709999916 ], [ 28.898357223000176, -2.60138664599998 ], [ 28.898357223000176, -2.600908582999921 ], [ 28.898333454000067, -2.600597840999967 ], [ 28.897976934000098, -2.600287099999946 ], [ 28.897644183000182, -2.60021538999996 ], [ 28.897430272000122, -2.599832938999953 ], [ 28.897430272000122, -2.599259262999965 ], [ 28.897430272000122, -2.598924616999909 ], [ 28.897834327000112, -2.598470455999916 ], [ 28.89740650300007, -2.598040197999921 ], [ 28.897287663000156, -2.59775335899991 ], [ 28.8973352000001, -2.596964552999907 ], [ 28.897311432000095, -2.596701615999848 ], [ 28.897454040000184, -2.596223551999969 ], [ 28.897454040000184, -2.595745485999942 ], [ 28.897507001000179, -2.595283870999936 ], [ 28.897525343000098, -2.595124000999874 ], [ 28.897501576000025, -2.594645933999914 ], [ 28.89800070299998, -2.593068315999972 ], [ 28.89800070299998, -2.592470732999971 ], [ 28.898309687000165, -2.591538501999935 ], [ 28.898715439000171, -2.591449342999965 ], [ 28.89926704800007, -2.591328133999866 ], [ 28.89926704800007, -2.591160194999929 ], [ 28.89926704800007, -2.590395902999887 ], [ 28.899195744000053, -2.589105119999942 ], [ 28.899005601, -2.588650954999935 ], [ 28.899337828000057, -2.588159600999973 ], [ 28.899409656000159, -2.588053368999965 ], [ 28.899766175000082, -2.587575299999969 ], [ 28.899718639000014, -2.586834293999914 ], [ 28.899671104000106, -2.586451838999892 ], [ 28.899599799000157, -2.585997672999952 ], [ 28.899599799000157, -2.585471796999968 ], [ 28.899980088000063, -2.584874209999839 ], [ 28.899362120000092, -2.584157104999917 ], [ 28.899005601, -2.584133201999975 ], [ 28.898435170000141, -2.583870262999881 ], [ 28.898387633000027, -2.583463903999927 ], [ 28.898411401000033, -2.582125305999853 ], [ 28.8984589370001, -2.581456006999872 ], [ 28.89819749000003, -2.581025742999827 ], [ 28.897698362000142, -2.580595477999907 ], [ 28.897341843000049, -2.579950081999925 ], [ 28.896818947000099, -2.579424203999906 ], [ 28.896652572000107, -2.578946131999885 ], [ 28.89667633900001, -2.57798998699991 ], [ 28.896581267000158, -2.57710555299991 ], [ 28.896058372000141, -2.576603576999958 ], [ 28.895654316000105, -2.576101599999959 ], [ 28.895511708000015, -2.575766948999899 ], [ 28.895202725000161, -2.575456200999952 ], [ 28.895083885000076, -2.574308824999889 ], [ 28.895107653000082, -2.573782943999959 ], [ 28.895297797000183, -2.573424388999968 ], [ 28.895297797000183, -2.572850698999957 ], [ 28.895060117000071, -2.572563854999942 ], [ 28.894869974000073, -2.572300912999935 ], [ 28.894869974000073, -2.571392571999979 ], [ 28.895060117000071, -2.570818881999969 ], [ 28.895083885000076, -2.570412517999898 ], [ 28.895107653000082, -2.569743212999867 ], [ 28.89508303000008, -2.569298177999883 ], [ 28.895083885000076, -2.568571926999937 ], [ 28.894965045, -2.567783100999975 ], [ 28.894703598000149, -2.567257217999952 ], [ 28.894465918000037, -2.567042082999933 ], [ 28.894275774000107, -2.566779140999927 ], [ 28.894275774000107, -2.56637277699997 ], [ 28.894299542000113, -2.56587079499991 ], [ 28.894275774000107, -2.564842929999941 ], [ 28.894061862000171, -2.564436563999891 ], [ 28.893752878000157, -2.563958486999979 ], [ 28.893515199000149, -2.563599927999974 ], [ 28.893301287000043, -2.563360888999966 ], [ 28.893301287000043, -2.562954522999917 ], [ 28.893219697000177, -2.562482692999879 ], [ 28.893206216000067, -2.562404732999937 ], [ 28.893149731999983, -2.562234313999966 ], [ 28.892992303000028, -2.561759326999891 ], [ 28.893111143000112, -2.560874881999894 ], [ 28.892849696000042, -2.560540225999944 ], [ 28.892398104000165, -2.560181667999927 ], [ 28.891756369000063, -2.559416739999961 ], [ 28.891352313000027, -2.55889085299998 ], [ 28.89104332900007, -2.558484484999838 ], [ 28.890781882, -2.558149829999934 ], [ 28.890710578000153, -2.557886884999959 ], [ 28.89042536200003, -2.557886884999959 ], [ 28.88997377100003, -2.557791269999939 ], [ 28.889213196000071, -2.557384900999978 ], [ 28.888571460000094, -2.557337093999934 ], [ 28.888191173000166, -2.557050245999903 ], [ 28.888068631000124, -2.556972637999877 ], [ 28.88783907800007, -2.556824007999921 ], [ 28.887807900000155, -2.556773648999922 ], [ 28.886880950000034, -2.556056527999942 ], [ 28.88686924700005, -2.55604716199997 ], [ 28.886802785000043, -2.55599572899996 ], [ 28.886234686000023, -2.555540461999954 ], [ 28.885854988000062, -2.555236065999907 ], [ 28.88577600300016, -2.555172877999837 ], [ 28.885754718999976, -2.555155820999914 ], [ 28.885664694000127, -2.555083673999832 ], [ 28.885571581000136, -2.555034904999957 ], [ 28.885411298000122, -2.554946861999952 ], [ 28.88530329200006, -2.55491675899998 ], [ 28.885159076000036, -2.554861200999881 ], [ 28.885106383000164, -2.55481338199985 ], [ 28.885037465000153, -2.554761692999932 ], [ 28.884973470000091, -2.554687851999915 ], [ 28.884916858000054, -2.55463616399993 ], [ 28.884852863000162, -2.554586935999851 ], [ 28.884818404000043, -2.554522940999959 ], [ 28.884773604000088, -2.554475726999954 ], [ 28.884732256000063, -2.554426947999957 ], [ 28.884638724000126, -2.554417101999832 ], [ 28.884537808000118, -2.554419563999943 ], [ 28.884476274000178, -2.554441715999928 ], [ 28.884407356000168, -2.554461406999962 ], [ 28.884340899000108, -2.554463867999971 ], [ 28.884276904000046, -2.554456483999957 ], [ 28.884200601000032, -2.554449099999886 ], [ 28.884136606000141, -2.554426947999957 ], [ 28.884065226000075, -2.554417101999832 ], [ 28.883986463000042, -2.554385104999938 ], [ 28.883905238000182, -2.554355567999892 ], [ 28.883803788000137, -2.554330910999965 ], [ 28.88373660600007, -2.554314581999961 ], [ 28.883662046000154, -2.554246800999863 ], [ 28.883552263000183, -2.554177463999963 ], [ 28.883533262000128, -2.554165462999947 ], [ 28.883404477000056, -2.554118015999961 ], [ 28.883350252000071, -2.554145128999892 ], [ 28.883282470000154, -2.554118015999961 ], [ 28.883201132000181, -2.554023121999933 ], [ 28.883140129000026, -2.553935005999904 ], [ 28.883031679000112, -2.553799442999889 ], [ 28.882950341000139, -2.55375199599996 ], [ 28.882859993000125, -2.55372940899997 ], [ 28.882814778000181, -2.553718104999973 ], [ 28.882604656000069, -2.553650323999875 ], [ 28.882600886000091, -2.553646332999904 ], [ 28.882489427, -2.553528316999916 ], [ 28.882380977000082, -2.553419866999832 ], [ 28.882299639000109, -2.553399532999947 ], [ 28.882143742000096, -2.553406310999947 ], [ 28.881967510000095, -2.553318194999861 ], [ 28.881852281000079, -2.553250412999944 ], [ 28.881709038, -2.553205012999911 ], [ 28.881707040000038, -2.553204199999925 ], [ 28.881703162000065, -2.553202965999901 ], [ 28.881634862000112, -2.553175025999906 ], [ 28.881554043000051, -2.553141962999916 ], [ 28.881548312000064, -2.55312476999984 ], [ 28.881513374000178, -2.553019955999957 ], [ 28.881486314000085, -2.552985516999968 ], [ 28.881438814000035, -2.552925061999929 ], [ 28.881368229000145, -2.552867310999943 ], [ 28.881249026000148, -2.552809833999959 ], [ 28.881154048000099, -2.552735133999931 ], [ 28.881052460000035, -2.552565820999973 ], [ 28.88096631000019, -2.552527052999949 ], [ 28.880916897000134, -2.552504816999885 ], [ 28.880828781000105, -2.552389588999915 ], [ 28.880740665000076, -2.552342141999929 ], [ 28.880701513000076, -2.552318649999847 ], [ 28.880638993000048, -2.552281138999945 ], [ 28.880585510000117, -2.552269677999959 ], [ 28.88054409900019, -2.552260803999957 ], [ 28.880415314000061, -2.552193022999916 ], [ 28.880396558000143, -2.552177151999956 ], [ 28.880327199000192, -2.552118462999886 ], [ 28.880259417000048, -2.552077793999899 ], [ 28.880184857000131, -2.552023568999857 ], [ 28.880128026000136, -2.551947793999886 ], [ 28.880103520000034, -2.551915118999943 ], [ 28.880022182000062, -2.551847336999913 ], [ 28.879940844000089, -2.551738886999942 ], [ 28.879839172, -2.551569432999941 ], [ 28.879768992999971, -2.551446619999979 ], [ 28.879757834000031, -2.551427091999869 ], [ 28.879685020000068, -2.551373881999837 ], [ 28.87958160200003, -2.551298306999968 ], [ 28.879486258000156, -2.551177537999934 ], [ 28.879479930000116, -2.551169522999885 ], [ 28.879364702000032, -2.551101740999968 ], [ 28.879361193000193, -2.551101740999968 ], [ 28.87924269500013, -2.551101740999968 ], [ 28.879039351000188, -2.551122075999956 ], [ 28.878925151000146, -2.551148428999909 ], [ 28.878863119000187, -2.551162743999953 ], [ 28.878795338000145, -2.551237303999812 ], [ 28.878720778000059, -2.551345753999897 ], [ 28.878619106000144, -2.551406757999871 ], [ 28.878524212000116, -2.551413535999927 ], [ 28.878444739000031, -2.551413535999927 ], [ 28.878375093000102, -2.551413535999927 ], [ 28.87836913600006, -2.551411015999975 ], [ 28.878198861000101, -2.551338975999954 ], [ 28.878124301000128, -2.551257638999971 ], [ 28.878009073000044, -2.551149187999897 ], [ 28.877859953000154, -2.551027181999928 ], [ 28.877690500000028, -2.550911952999968 ], [ 28.87760270300015, -2.550891048999915 ], [ 28.877548159000071, -2.550878061999924 ], [ 28.877351592000082, -2.550817058999939 ], [ 28.877262997000116, -2.550738885999976 ], [ 28.877249637000091, -2.550727097999868 ], [ 28.877236364000112, -2.550715386999968 ], [ 28.877094023000154, -2.550654383999813 ], [ 28.876996835000114, -2.550584963999938 ], [ 28.876951682000026, -2.550552710999909 ], [ 28.876888353000027, -2.550498217999859 ], [ 28.876888011000176, -2.550497529999973 ], [ 28.876850010000169, -2.550464594999937 ], [ 28.876800794000133, -2.550333862999935 ], [ 28.876782546000072, -2.550285391999921 ], [ 28.876784871000154, -2.550264485999946 ], [ 28.876795785000184, -2.55016635699991 ], [ 28.876700890000052, -2.549976568999966 ], [ 28.876667067000028, -2.549922451999976 ], [ 28.876645365000172, -2.549887727999874 ], [ 28.876633109000068, -2.549868118999939 ], [ 28.876538215000039, -2.549807114999965 ], [ 28.876517881000098, -2.54970544299988 ], [ 28.876504324000166, -2.549617326999964 ], [ 28.876504324000166, -2.549588615999824 ], [ 28.876504324000166, -2.549548585999958 ], [ 28.876504324000166, -2.549441094999963 ], [ 28.876429765000125, -2.549332644999936 ], [ 28.876341649000096, -2.549271641999951 ], [ 28.876259650000122, -2.549161896999976 ], [ 28.876259202000085, -2.549161978999962 ], [ 28.87624806499997, -2.549141816999963 ], [ 28.876232155000082, -2.549110655999868 ], [ 28.876199308000139, -2.549047962999964 ], [ 28.876117970000166, -2.549034406999965 ], [ 28.876016298000081, -2.548966624999878 ], [ 28.875989185000037, -2.548878508999962 ], [ 28.875934960000109, -2.548736167999891 ], [ 28.875934960000109, -2.548627717999977 ], [ 28.875968851000152, -2.548600604999876 ], [ 28.876029854000137, -2.548526045999836 ], [ 28.876048444000105, -2.548510111999917 ], [ 28.876077301000066, -2.548485376999849 ], [ 28.876070523000067, -2.548404038999934 ], [ 28.876016298000081, -2.548214250999877 ], [ 28.875928182000052, -2.54798379399989 ], [ 28.875917036000033, -2.547956858999896 ], [ 28.875899486000037, -2.547914445999936 ], [ 28.87584684400008, -2.547787227999891 ], [ 28.875765506000107, -2.547699111999975 ], [ 28.87570957500003, -2.547724534999929 ], [ 28.875690947000066, -2.547733002999962 ], [ 28.875602831000094, -2.547726224999906 ], [ 28.875514715000065, -2.547651664999876 ], [ 28.875502788000063, -2.547632922999924 ], [ 28.875467268000136, -2.547577104999903 ], [ 28.875392708000163, -2.547522879999974 ], [ 28.875379152000107, -2.547448320999933 ], [ 28.875408437000146, -2.547427402999972 ], [ 28.875473082999974, -2.54738122699996 ], [ 28.875473507000038, -2.547377980999954 ], [ 28.875463826000043, -2.54733280399995 ], [ 28.875455481000131, -2.547293901999922 ], [ 28.87545371200008, -2.547285644999874 ], [ 28.87541304299998, -2.547177194999961 ], [ 28.875318149000123, -2.54710941299993 ], [ 28.875250367000035, -2.547028074999957 ], [ 28.875169030000166, -2.546946737999974 ], [ 28.875103201000115, -2.54681508099992 ], [ 28.875067356999978, -2.54676372799986 ], [ 28.87496568500012, -2.546689167999887 ], [ 28.874936682000111, -2.54663760699998 ], [ 28.874904682000135, -2.546580717999973 ], [ 28.874803010000051, -2.546492601999887 ], [ 28.874735228000134, -2.546485823999944 ], [ 28.874595892000173, -2.546412914999962 ], [ 28.874570217000098, -2.546336150999934 ], [ 28.87453866200002, -2.546241810999845 ], [ 28.874543508999977, -2.54614485999997 ], [ 28.874545440000077, -2.546106247999887 ], [ 28.87453866200002, -2.546031687999971 ], [ 28.874522267000032, -2.545994212999972 ], [ 28.874508684000034, -2.545963165999979 ], [ 28.874491215000091, -2.545923237999943 ], [ 28.874403099000119, -2.545869012999901 ], [ 28.874310677000096, -2.545753484999921 ], [ 28.874308830000189, -2.54575117599984 ], [ 28.874294649000035, -2.545733449999943 ], [ 28.87424042400005, -2.545652111999971 ], [ 28.874213311, -2.545563995999885 ], [ 28.874226867000061, -2.545516548999956 ], [ 28.874310677000096, -2.545504553999933 ], [ 28.874317757000142, -2.545477881999943 ], [ 28.874348874000134, -2.545360651999943 ], [ 28.874287871000149, -2.545258978999868 ], [ 28.874206533000176, -2.545028521999882 ], [ 28.87419085800002, -2.545013559999916 ], [ 28.874067881000087, -2.54489617299987 ], [ 28.874057414, -2.544886180999924 ], [ 28.874003188000131, -2.54482517799994 ], [ 28.873989742999981, -2.544775877999939 ], [ 28.873982854000076, -2.54475061799991 ], [ 28.873982854000076, -2.544676058999869 ], [ 28.87397607600019, -2.544533717999911 ], [ 28.873955741000032, -2.544465935999881 ], [ 28.873923261000186, -2.544400975999963 ], [ 28.873901516000103, -2.544357485999967 ], [ 28.873817756000051, -2.544141306999961 ], [ 28.873765953000145, -2.544011800999897 ], [ 28.873698172000104, -2.543889793999938 ], [ 28.87366891500011, -2.543824778999976 ], [ 28.87366024, -2.543805500999952 ], [ 28.873637169000119, -2.54375423099998 ], [ 28.873555831000147, -2.543618667999965 ], [ 28.873511785000062, -2.54358091499995 ], [ 28.873460937000118, -2.543537329999879 ], [ 28.87336604300009, -2.543449213999963 ], [ 28.87321692300003, -2.543340763999879 ], [ 28.873209832000043, -2.543337218999966 ], [ 28.873173579000138, -2.543319091999933 ], [ 28.873108473000116, -2.543286538999837 ], [ 28.872993245000146, -2.543239091999908 ], [ 28.872965396000097, -2.543221188999951 ], [ 28.872898351000117, -2.543178088999923 ], [ 28.87278952700018, -2.543138032999877 ], [ 28.872709731000157, -2.543047748999868 ], [ 28.872599383000079, -2.542922894999947 ], [ 28.872620447000031, -2.542812068999922 ], [ 28.872562119000179, -2.54270837599995 ], [ 28.872559443000171, -2.542703617999905 ], [ 28.872471327000142, -2.542622280999922 ], [ 28.872349321000172, -2.542527386999893 ], [ 28.872166311000115, -2.542513829999962 ], [ 28.872112086000186, -2.542459604999976 ], [ 28.872044304000042, -2.542371488999891 ], [ 28.871983301000057, -2.54225626099992 ], [ 28.871827404000044, -2.542215591999934 ], [ 28.871678284000154, -2.542215591999934 ], [ 28.871541616000059, -2.542192813999918 ], [ 28.871515609000085, -2.542188478999947 ], [ 28.871197036000126, -2.542046137999876 ], [ 28.871075029000053, -2.541924131999906 ], [ 28.871007248000069, -2.541795346999891 ], [ 28.870864907000112, -2.541646227999934 ], [ 28.870773924000105, -2.541542246999938 ], [ 28.870661562000066, -2.541429326999889 ], [ 28.870619913000098, -2.541400492999912 ], [ 28.87057344700014, -2.541368323999905 ], [ 28.87042432700008, -2.54123276099989 ], [ 28.870294618000059, -2.541059815999972 ], [ 28.870261652000181, -2.541015859999902 ], [ 28.870166758000153, -2.540866740999888 ], [ 28.87004475100008, -2.540731177999874 ], [ 28.869986333000043, -2.540664970999899 ], [ 28.869959372000039, -2.54063481999998 ], [ 28.869943079000052, -2.540615948999914 ], [ 28.869856201000118, -2.540534181999931 ], [ 28.869827851000082, -2.540507498999943 ], [ 28.869739735000053, -2.540378713999928 ], [ 28.869692288000124, -2.5402838199999 ], [ 28.869671953000136, -2.540182147999928 ], [ 28.86965839700008, -2.54004658499997 ], [ 28.869665175000137, -2.539883909999958 ], [ 28.869675437000069, -2.539801811999894 ], [ 28.869678731000192, -2.539775458999941 ], [ 28.869678731000192, -2.539702883999951 ], [ 28.869678731000192, -2.539572114999885 ], [ 28.869705844, -2.539416217999872 ], [ 28.869705977000137, -2.539412884999876 ], [ 28.869709454000144, -2.539325963999943 ], [ 28.869712622000065, -2.53924676399987 ], [ 28.869747226000072, -2.53905039599988 ], [ 28.869731451000121, -2.539007047999974 ], [ 28.869712622000065, -2.538955303999956 ], [ 28.869612300000085, -2.538823630999957 ], [ 28.869604172000152, -2.538812962999884 ], [ 28.869455053000138, -2.538684177999869 ], [ 28.869312711000077, -2.538616395999952 ], [ 28.869166615000097, -2.538523425999927 ], [ 28.868973804, -2.538426607999895 ], [ 28.868811129000164, -2.538324935999981 ], [ 28.868763689000161, -2.538261683999906 ], [ 28.868729791000192, -2.538216485999897 ], [ 28.868716235000136, -2.53814870399998 ], [ 28.86861010400014, -2.538083846999939 ], [ 28.868594228000063, -2.538074144999939 ], [ 28.868451887000106, -2.538053809999951 ], [ 28.868364193000104, -2.538053809999951 ], [ 28.867888613000048, -2.538053809999951 ], [ 28.867841854000176, -2.538053809999951 ], [ 28.867685923000124, -2.538034318999962 ], [ 28.867502947000105, -2.537999584999909 ], [ 28.867491735000044, -2.537995580999848 ], [ 28.867372863000185, -2.53795312699998 ], [ 28.867365485999983, -2.537950491999936 ], [ 28.867313158000115, -2.537931803999811 ], [ 28.867245377000131, -2.537843687999953 ], [ 28.8672279970001, -2.537778144999947 ], [ 28.86720405300008, -2.537687846999972 ], [ 28.867202819000113, -2.537652320999939 ], [ 28.867199392000146, -2.53755364899996 ], [ 28.867197929999975, -2.537511558999938 ], [ 28.86719142200019, -2.537504236999951 ], [ 28.867154990000188, -2.537463250999963 ], [ 28.867143705000046, -2.537450554999964 ], [ 28.867111221000187, -2.537444648999895 ], [ 28.867069145000073, -2.537436998999965 ], [ 28.867065523000122, -2.537425226999972 ], [ 28.867042033000132, -2.537348882999879 ], [ 28.8669878070001, -2.537281101999952 ], [ 28.866865801000131, -2.53722687699991 ], [ 28.866833801000155, -2.537217029999908 ], [ 28.866777685000159, -2.537199763999979 ], [ 28.866743794000058, -2.537098091999837 ], [ 28.866703125000186, -2.536948972999937 ], [ 28.866676013000074, -2.536860856999908 ], [ 28.86667760600011, -2.536856872999863 ], [ 28.866703125000186, -2.536793074999935 ], [ 28.866655678000086, -2.536637177999978 ], [ 28.866587897000045, -2.536494836999907 ], [ 28.866506559000072, -2.536379607999891 ], [ 28.866501934000155, -2.53638217799994 ], [ 28.866445556000087, -2.536413498999934 ], [ 28.866415895000046, -2.536391252999977 ], [ 28.866364218000115, -2.536352495999949 ], [ 28.866343884000059, -2.536277935999919 ], [ 28.866350662000059, -2.536183041999891 ], [ 28.866341999000156, -2.536164754999959 ], [ 28.866289657999971, -2.536054256999876 ], [ 28.866199585000061, -2.536015094999925 ], [ 28.866133761000128, -2.535986475999948 ], [ 28.866042058000119, -2.535982108999974 ], [ 28.865991420000171, -2.535979697999949 ], [ 28.865890263000097, -2.535839290999945 ], [ 28.865849079000043, -2.535783130999903 ], [ 28.865742121000096, -2.53577826999998 ], [ 28.865699960000029, -2.535776352999903 ], [ 28.865564397000128, -2.535776352999903 ], [ 28.865533221000192, -2.535756513999956 ], [ 28.865489837000155, -2.535728905999974 ], [ 28.865401721000126, -2.535688236999874 ], [ 28.865279714999986, -2.535674680999932 ], [ 28.865235348000169, -2.535660815999847 ], [ 28.865171264000026, -2.535640789999945 ], [ 28.865110261000041, -2.535600121999948 ], [ 28.865076370000168, -2.535491670999875 ], [ 28.865062814000112, -2.535396776999846 ], [ 28.865022145000182, -2.535362885999973 ], [ 28.864986613999974, -2.535329415999968 ], [ 28.864904163000176, -2.535251746999904 ], [ 28.864870345000043, -2.535217915999965 ], [ 28.864744241000096, -2.535091760999933 ], [ 28.864665935, -2.535006644999896 ], [ 28.864648783, -2.534988000999931 ], [ 28.864588344000083, -2.534922306999931 ], [ 28.864479893000066, -2.534807077999972 ], [ 28.864421828000161, -2.534708367999883 ], [ 28.864412112000082, -2.534691849999945 ], [ 28.864381027999968, -2.534654221999972 ], [ 28.86428332700018, -2.534535952999931 ], [ 28.864249436000136, -2.534434279999971 ], [ 28.864226781000127, -2.534343656999908 ], [ 28.864222324000025, -2.534325829999943 ], [ 28.863995978000105, -2.534284134999893 ], [ 28.863964754000165, -2.534278382999958 ], [ 28.86393753700014, -2.534270318999972 ], [ 28.863781744000164, -2.534224157999972 ], [ 28.863612291000038, -2.534197044999871 ], [ 28.863583676000076, -2.534202767999886 ], [ 28.863510619000181, -2.534217379999973 ], [ 28.863347943000065, -2.534136041999886 ], [ 28.863219158000106, -2.534020813999973 ], [ 28.863070039000149, -2.533966587999885 ], [ 28.86304185, -2.533948649999843 ], [ 28.862920920000136, -2.53387169399997 ], [ 28.862757470000133, -2.533780162999847 ], [ 28.862751466000134, -2.533776799999941 ], [ 28.862690462999979, -2.5337090189999 ], [ 28.862582013000065, -2.53363445899987 ], [ 28.862474226000131, -2.533600191999881 ], [ 28.862453228000163, -2.533437892999927 ], [ 28.862419337000119, -2.533268438999869 ], [ 28.862419337000119, -2.533244095999976 ], [ 28.862419337000119, -2.533187101999886 ], [ 28.86240884800003, -2.533162190999974 ], [ 28.862401075000037, -2.533143729999949 ], [ 28.862365112000191, -2.53305831699987 ], [ 28.862312721000023, -2.533028378999973 ], [ 28.862270218000106, -2.533004091999942 ], [ 28.862265962000151, -2.53300010199996 ], [ 28.862194255000134, -2.532932876999894 ], [ 28.862161768000021, -2.532902418999868 ], [ 28.862121099000149, -2.532787190999954 ], [ 28.862005870000132, -2.532732965999969 ], [ 28.861974528000189, -2.532716805999883 ], [ 28.861943531000179, -2.532700714999976 ], [ 28.861886038000137, -2.532670954999901 ], [ 28.861822860000075, -2.532638071999941 ], [ 28.861694075000173, -2.532577067999966 ], [ 28.861674238000035, -2.532554750999964 ], [ 28.861585625000089, -2.532455061999883 ], [ 28.861578847000033, -2.532339832999867 ], [ 28.861639850000188, -2.532217826999897 ], [ 28.861727966000046, -2.532061928999951 ], [ 28.861768635000089, -2.531953478999981 ], [ 28.861816082000018, -2.531797581999854 ], [ 28.861822860000075, -2.531655240999953 ], [ 28.861816082000018, -2.531526455999881 ], [ 28.861822597000128, -2.531402668999931 ], [ 28.861822860000075, -2.531228216999978 ], [ 28.861816082000018, -2.531079097999907 ], [ 28.861788970000077, -2.53096386999988 ], [ 28.861788970000077, -2.530868975999852 ], [ 28.861816082000018, -2.530794415999878 ], [ 28.861843195000063, -2.530685965999965 ], [ 28.861843195000063, -2.530622991999905 ], [ 28.861843195000063, -2.530621358999952 ], [ 28.861843195000063, -2.530563958999835 ], [ 28.861810885000068, -2.530467028999965 ], [ 28.861795748000134, -2.530421617999934 ], [ 28.86176185700009, -2.530211495999879 ], [ 28.861741522000102, -2.530075932999978 ], [ 28.861734890000093, -2.530011488999946 ], [ 28.861734887000182, -2.530009581999877 ], [ 28.861734744000046, -2.530008150999947 ], [ 28.861734744000046, -2.52990516999995 ], [ 28.861734744000046, -2.529886144999978 ], [ 28.861730824000063, -2.529870461999906 ], [ 28.861700854000105, -2.529750581999963 ], [ 28.861619516000133, -2.529676021999819 ], [ 28.861558513000148, -2.529581127999961 ], [ 28.861490731, -2.529493011999932 ], [ 28.861400254999978, -2.529426344999933 ], [ 28.861361946000102, -2.529398117999904 ], [ 28.861334082000099, -2.529366769999967 ], [ 28.861253496000188, -2.529276110999945 ], [ 28.861209973000086, -2.529215179999881 ], [ 28.861196585000187, -2.52919643599995 ], [ 28.861185715000033, -2.529181216999916 ], [ 28.861138268000104, -2.529065988999946 ], [ 28.861104377000061, -2.528971094999918 ], [ 28.861104377000061, -2.528625408999915 ], [ 28.861155450000069, -2.528472190999935 ], [ 28.861165380000045, -2.528442398999971 ], [ 28.861219605000144, -2.528286501999958 ], [ 28.861234638000042, -2.528236429999879 ], [ 28.861260274000074, -2.528150938999943 ], [ 28.861294165000118, -2.528056044999971 ], [ 28.861321277000059, -2.527954372999943 ], [ 28.861361946000102, -2.527873034999857 ], [ 28.861430820000123, -2.527803069999948 ], [ 28.861450062000131, -2.527764584999943 ], [ 28.861528078, -2.52766362299991 ], [ 28.861565291000147, -2.527615465999929 ], [ 28.861666115000162, -2.527528446999952 ], [ 28.861641209000027, -2.527403229999948 ], [ 28.861634534000132, -2.527369672999953 ], [ 28.861586627000122, -2.527128729999902 ], [ 28.861577370000191, -2.52708217199995 ], [ 28.861484264000126, -2.527000670999882 ], [ 28.86147806300005, -2.526882844999818 ], [ 28.861490465000031, -2.526808427999867 ], [ 28.861496667000154, -2.526634789999889 ], [ 28.861484264000126, -2.526510762999919 ], [ 28.861453257000107, -2.526380533999884 ], [ 28.861422250000146, -2.526268908999896 ], [ 28.861385042000052, -2.526194492999878 ], [ 28.861335431000157, -2.525952639999957 ], [ 28.861331079000138, -2.525913473999879 ], [ 28.861326646000066, -2.525873572999956 ], [ 28.861325577000059, -2.525863956999956 ], [ 28.861323028000072, -2.525841014999855 ], [ 28.861341632000062, -2.525716987999886 ], [ 28.861428452000098, -2.525636369999972 ], [ 28.861441072000105, -2.525607341999887 ], [ 28.861490465000031, -2.525493737999966 ], [ 28.861521472000163, -2.52534490599993 ], [ 28.861515271000087, -2.525177468999914 ], [ 28.861522203000163, -2.525132408999923 ], [ 28.861522801000035, -2.525128522999978 ], [ 28.861527673000069, -2.525096850999944 ], [ 28.861552479000181, -2.525010031999955 ], [ 28.861571533000131, -2.524884509999936 ], [ 28.861583486000143, -2.524768177999817 ], [ 28.861583486000143, -2.524729657999899 ], [ 28.861583486000143, -2.524656553999819 ], [ 28.861571014, -2.524629827999831 ], [ 28.861540076000097, -2.524563532999935 ], [ 28.861465660000192, -2.524489116999973 ], [ 28.861403646000042, -2.524414699999966 ], [ 28.861428452000098, -2.524296873999901 ], [ 28.861434653000174, -2.52414183999997 ], [ 28.861477326000056, -2.524040492999916 ], [ 28.861484264000126, -2.524024013999963 ], [ 28.861582211000155, -2.523983682999926 ], [ 28.861589687000048, -2.523980603999917 ], [ 28.861608291000152, -2.523924791999946 ], [ 28.861608291000152, -2.523919928999874 ], [ 28.861608291000152, -2.52385657699989 ], [ 28.861595889, -2.523806965999938 ], [ 28.861577284000191, -2.523763556999938 ], [ 28.861567933, -2.52372303199985 ], [ 28.86155868000003, -2.523682938999912 ], [ 28.86155868000003, -2.523488425999972 ], [ 28.86155868000003, -2.523193030999948 ], [ 28.86162069400001, -2.523000787999933 ], [ 28.861636211000189, -2.522966306999933 ], [ 28.861676506000038, -2.522876760999907 ], [ 28.861695110000142, -2.522727927999938 ], [ 28.861761097, -2.522656348999874 ], [ 28.86176838199998, -2.522649020999893 ], [ 28.861775728000055, -2.522641108999949 ], [ 28.861862547000044, -2.52255428999996 ], [ 28.861951291000139, -2.522496264999972 ], [ 28.862023783000097, -2.522448865999934 ], [ 28.862110602000087, -2.522355845999869 ], [ 28.862133854000035, -2.522309342999961 ], [ 28.862150698, -2.522275652999895 ], [ 28.862154012000133, -2.522269026999879 ], [ 28.862160743000061, -2.522224596999934 ], [ 28.862182504000145, -2.522080977999963 ], [ 28.862185019000094, -2.52206438199994 ], [ 28.86219122000017, -2.521996166999941 ], [ 28.862265636000132, -2.521890742999858 ], [ 28.862274512000113, -2.521860566999919 ], [ 28.862296643000093, -2.521785319999935 ], [ 28.86237067400009, -2.521653121999918 ], [ 28.862374573000125, -2.521646158999943 ], [ 28.862383462000082, -2.52163028599989 ], [ 28.862394422000079, -2.521624104999887 ], [ 28.862521762000142, -2.521552290999921 ], [ 28.862540343000035, -2.521459737999976 ], [ 28.862544698000079, -2.521438042999876 ], [ 28.862581906000173, -2.521326418999877 ], [ 28.862643920000153, -2.521233397999936 ], [ 28.862730739000142, -2.521208592999926 ], [ 28.862805513000126, -2.521208592999926 ], [ 28.862817558000131, -2.521208592999926 ], [ 28.862842364000016, -2.521096967999881 ], [ 28.862860968000177, -2.520991544999958 ], [ 28.862875991000067, -2.520959351999977 ], [ 28.86290437700012, -2.520898523999904 ], [ 28.862910340000155, -2.520892561999972 ], [ 28.86295768400015, -2.520845217999863 ], [ 28.862984995000033, -2.52081790699998 ], [ 28.863093873000139, -2.520750505999843 ], [ 28.863115224000069, -2.520737288999896 ], [ 28.863141656000096, -2.520702722999886 ], [ 28.863195842000152, -2.520631865999974 ], [ 28.863319869, -2.520445824999854 ], [ 28.863381882999988, -2.520359004999932 ], [ 28.863468701999977, -2.520228776999943 ], [ 28.863494181000078, -2.520142146999945 ], [ 28.863499709000166, -2.520123352999974 ], [ 28.863499709000166, -2.520075480999935 ], [ 28.863499709000166, -2.520017929999881 ], [ 28.863561722000043, -2.51990010399993 ], [ 28.863567505000105, -2.519892151999954 ], [ 28.863611333000165, -2.519831888999931 ], [ 28.863722958000096, -2.519819485999903 ], [ 28.863815978000105, -2.51973886899998 ], [ 28.863863177000042, -2.519653051999967 ], [ 28.86388419300016, -2.519614840999907 ], [ 28.863915227000064, -2.519466934999969 ], [ 28.863924073000078, -2.519424772999912 ], [ 28.86393879700006, -2.519408959999964 ], [ 28.863989617000186, -2.519354383999939 ], [ 28.864014422000025, -2.519224154999847 ], [ 28.864064033000147, -2.519137335999858 ], [ 28.864132248000033, -2.519044314999974 ], [ 28.864212866000116, -2.518982301999927 ], [ 28.864318289000039, -2.518982301999927 ], [ 28.864406945000098, -2.518970480999883 ], [ 28.864529136000158, -2.518945092999957 ], [ 28.864590046000046, -2.518888867999976 ], [ 28.864609754000071, -2.518870676999825 ], [ 28.86469620500003, -2.518784224999933 ], [ 28.864758586000164, -2.518697038999846 ], [ 28.864820155000189, -2.51864494199998 ], [ 28.864839204000077, -2.518628823999961 ], [ 28.864870211000039, -2.518517198999973 ], [ 28.864913621000085, -2.518424177999918 ], [ 28.864913621000085, -2.518420363999951 ], [ 28.864913621000085, -2.518387623999899 ], [ 28.864913621000085, -2.518343560999881 ], [ 28.864879157000075, -2.518289949999826 ], [ 28.864857808000181, -2.518256740999902 ], [ 28.864845406000029, -2.518163720999951 ], [ 28.864814399000068, -2.518058297999914 ], [ 28.864826801, -2.517952873999889 ], [ 28.864870211000039, -2.51784124999989 ], [ 28.864907581000125, -2.517729345999953 ], [ 28.864975634000132, -2.517611798999951 ], [ 28.865074856000035, -2.517568389999894 ], [ 28.86518648100008, -2.517506375999915 ], [ 28.865202477000025, -2.517487179999932 ], [ 28.865210626000078, -2.517477401999827 ], [ 28.86524849500006, -2.517431958999964 ], [ 28.865353918000039, -2.517320334999965 ], [ 28.865391642000134, -2.5172700359999 ], [ 28.865409730000181, -2.517245917999958 ], [ 28.865439381000044, -2.51723273999994 ], [ 28.865465542000038, -2.517221112999948 ], [ 28.865470945000027, -2.517201302999979 ], [ 28.865484147000018, -2.517152897999893 ], [ 28.865512058000149, -2.517059859999904 ], [ 28.865521355000112, -2.517028870999923 ], [ 28.865577167000083, -2.516898641999887 ], [ 28.865582080000081, -2.516834778999964 ], [ 28.865583368000159, -2.516818023999974 ], [ 28.865588256000024, -2.516804446999913 ], [ 28.865639181000063, -2.516662989999929 ], [ 28.865639181000063, -2.516629525999917 ], [ 28.865639181000063, -2.516588572999979 ], [ 28.865671944000042, -2.516532874999939 ], [ 28.865701194000167, -2.516483149999885 ], [ 28.86578181200008, -2.516365323999935 ], [ 28.865812819000041, -2.516284705999908 ], [ 28.865912041000115, -2.516166879999844 ], [ 28.865936846000125, -2.516055255999845 ], [ 28.865961508, -2.516033494999817 ], [ 28.86604227000015, -2.515962234999961 ], [ 28.866104283000027, -2.515850610999962 ], [ 28.866228311000157, -2.515745186999936 ], [ 28.866365188000032, -2.515729393999948 ], [ 28.866389546000107, -2.515726582999889 ], [ 28.866444040000147, -2.515714007999918 ], [ 28.866470164000191, -2.515707978999956 ], [ 28.866513574000066, -2.515658367999947 ], [ 28.866575587000114, -2.515645964999976 ], [ 28.866702910000072, -2.515642428999968 ], [ 28.86679883700009, -2.5156397639999 ], [ 28.866860304000113, -2.515617117999909 ], [ 28.866890064000131, -2.515606153999897 ], [ 28.866916663000097, -2.515596353999968 ], [ 28.867015885000114, -2.515534340999977 ], [ 28.867152315000055, -2.515528138999912 ], [ 28.867175124000084, -2.515524065999955 ], [ 28.867325953000034, -2.51549713299994 ], [ 28.867340077000108, -2.515498178999849 ], [ 28.867493390000107, -2.515509534999978 ], [ 28.867518535000158, -2.515499476999935 ], [ 28.867555404000086, -2.515484729999969 ], [ 28.867778653000187, -2.515379306999932 ], [ 28.86793988800008, -2.515335896999829 ], [ 28.868006006000087, -2.515298429999916 ], [ 28.868125929000144, -2.515230473999964 ], [ 28.868194289000087, -2.515139327999975 ], [ 28.868200346000151, -2.515131251999946 ], [ 28.868251914000155, -2.515031552999972 ], [ 28.868293366000046, -2.514951411999903 ], [ 28.868367783000053, -2.514827384999933 ], [ 28.868442199000185, -2.514715759999945 ], [ 28.86851041400007, -2.514622739999879 ], [ 28.868603435000011, -2.514566926999976 ], [ 28.868712474000063, -2.514492581999946 ], [ 28.868727516999968, -2.514482325999893 ], [ 28.868739865000123, -2.51447390699991 ], [ 28.868820483000036, -2.51437468499995 ], [ 28.868894899000168, -2.514287865999961 ], [ 28.868994121000185, -2.514250657999924 ], [ 28.869118148000098, -2.514157636999926 ], [ 28.869266981000067, -2.514039810999975 ], [ 28.869293950000042, -2.514018931999942 ], [ 28.869410105000156, -2.513929005999955 ], [ 28.869419013000027, -2.513922108999907 ], [ 28.869459224000025, -2.513890977999893 ], [ 28.869639063000079, -2.513779353999894 ], [ 28.869806499999981, -2.513692533999915 ], [ 28.869943376000151, -2.51356054699994 ], [ 28.869980139000063, -2.513525096999842 ], [ 28.870004424000058, -2.513516649999929 ], [ 28.87012277000008, -2.513475485999891 ], [ 28.870265402000143, -2.513363861999892 ], [ 28.870352221000132, -2.513320451999959 ], [ 28.870385526000121, -2.513283446999935 ], [ 28.870463845000131, -2.513196424999933 ], [ 28.870575470000063, -2.513134410999953 ], [ 28.870580415000177, -2.513135171999977 ], [ 28.870656088000146, -2.513146813999867 ], [ 28.870663608000029, -2.513135822999971 ], [ 28.870736706000059, -2.513028987999917 ], [ 28.870767200000103, -2.512976315999822 ], [ 28.870778150000092, -2.512957400999937 ], [ 28.870804921000115, -2.512911161999909 ], [ 28.870910344000038, -2.512842946999967 ], [ 28.870930801000043, -2.512835865999932 ], [ 28.871069910000074, -2.512787712999909 ], [ 28.871071579000159, -2.512787134999883 ], [ 28.871190618000128, -2.512764460999961 ], [ 28.871201807999967, -2.512762328999941 ], [ 28.871204791000139, -2.512759345999882 ], [ 28.871301030000041, -2.512663106999923 ], [ 28.871412483000086, -2.512556720999896 ], [ 28.871437460000152, -2.512532877999888 ], [ 28.871450246000109, -2.512508469999943 ], [ 28.87150567499998, -2.512402649999956 ], [ 28.871573890000036, -2.512278621999826 ], [ 28.871588533000079, -2.512238355999955 ], [ 28.871598696000149, -2.512210406999941 ], [ 28.87159249399997, -2.512104983999848 ], [ 28.8716483070001, -2.512067775999981 ], [ 28.871692286000098, -2.512043786999925 ], [ 28.871716522000099, -2.512030567999886 ], [ 28.871737824000093, -2.512010785999962 ], [ 28.871807912000065, -2.511945700999888 ], [ 28.871888923000085, -2.511870473999977 ], [ 28.871976979000067, -2.511776311999938 ], [ 28.87204241500018, -2.511662888999922 ], [ 28.87207, -2.511615075999885 ], [ 28.872194027000091, -2.511478645999887 ], [ 28.872535101999972, -2.511149972999874 ], [ 28.872665331, -2.511001139999905 ], [ 28.872788106000144, -2.510774019999928 ], [ 28.872789358000091, -2.510771689999842 ], [ 28.872792503000085, -2.510767365999925 ], [ 28.872888580000108, -2.510635259999901 ], [ 28.873074621000114, -2.510443016999886 ], [ 28.873235857000168, -2.510349996999935 ], [ 28.873366086000033, -2.510306586999889 ], [ 28.873471509000126, -2.510213566999937 ], [ 28.873552127000039, -2.510101941999949 ], [ 28.873638946000028, -2.50995310899998 ], [ 28.87368855700015, -2.509785671999964 ], [ 28.873711775000118, -2.509733878999953 ], [ 28.873769175000064, -2.50960583299991 ], [ 28.873802604000048, -2.509571164999898 ], [ 28.873866930000077, -2.509504456999878 ], [ 28.873936612000136, -2.509432193999942 ], [ 28.873991964000083, -2.509394285999917 ], [ 28.874004032000016, -2.509386019999852 ], [ 28.874073042000077, -2.509339173999876 ], [ 28.874146246000066, -2.509290192999913 ], [ 28.874236575000168, -2.509230095999897 ], [ 28.874277687000188, -2.509202743999879 ], [ 28.874432721000062, -2.509140729999899 ], [ 28.874465772000065, -2.509135398999888 ], [ 28.874624963000144, -2.509109722999881 ], [ 28.874767595000037, -2.509029104999968 ], [ 28.874916428, -2.508985695999968 ], [ 28.875050518000137, -2.508979145999945 ], [ 28.875251302000038, -2.508979493999959 ], [ 28.875387732000149, -2.508917480999969 ], [ 28.875440657000127, -2.508878989999914 ], [ 28.875465059000021, -2.508889326999963 ], [ 28.875798669000119, -2.508956899999873 ], [ 28.876101338000183, -2.509039920999896 ], [ 28.876445279000166, -2.509067594999976 ], [ 28.876899282000124, -2.509081431999959 ], [ 28.877367042000117, -2.509067594999976 ], [ 28.877724741000122, -2.508929225999964 ], [ 28.878096198000037, -2.508915388999981 ], [ 28.878343836000113, -2.508887714999901 ], [ 28.878605231000165, -2.508832366999968 ], [ 28.878866626000047, -2.508735508999962 ], [ 28.879128022000145, -2.508597139999949 ], [ 28.879623297000023, -2.508486443999914 ], [ 28.880008512000188, -2.508292726999969 ], [ 28.880627606000076, -2.507960640999954 ], [ 28.881177912000112, -2.507614717999843 ], [ 28.881631915000128, -2.507379489999835 ], [ 28.882319798000083, -2.507199609999873 ], [ 28.882980165000106, -2.507116587999917 ], [ 28.883324107000135, -2.507116587999917 ], [ 28.883805624000104, -2.507075076999968 ], [ 28.884397204000038, -2.507005892999928 ], [ 28.884947510000075, -2.506867522999926 ], [ 28.885525331000053, -2.506770664999976 ], [ 28.885883030000059, -2.506659968999884 ], [ 28.886447094000175, -2.506424740999876 ], [ 28.887148735000039, -2.506051142999979 ], [ 28.887726556000189, -2.505760566999925 ], [ 28.888290620000134, -2.505414642999881 ], [ 28.888565773000039, -2.50513790399998 ], [ 28.888840926000171, -2.504736631999833 ], [ 28.888992260000066, -2.504418381999869 ], [ 28.889019776000055, -2.503837228999942 ], [ 28.889212383000086, -2.503380608999976 ], [ 28.889446263000082, -2.502785618999951 ], [ 28.889625112000033, -2.502135279999891 ], [ 28.889748931000099, -2.501457266999921 ], [ 28.890010327000027, -2.500682394999956 ], [ 28.890216692000138, -2.49994903399994 ], [ 28.890423055999975, -2.499243344999968 ], [ 28.890615664000109, -2.498496145999979 ], [ 28.890780755000037, -2.497652086999949 ], [ 28.89089081700007, -2.496904885999925 ], [ 28.891000878, -2.496088499999871 ], [ 28.891069666000192, -2.495631876999937 ], [ 28.891221, -2.495064557999967 ], [ 28.891496153000048, -2.494580259999964 ], [ 28.891881368000043, -2.493929916999889 ], [ 28.892115248000039, -2.493404107999822 ], [ 28.892280340000184, -2.492988995999951 ], [ 28.892362886000114, -2.49256004599988 ], [ 28.892404159000023, -2.492089583999928 ], [ 28.892555493000145, -2.491799004999962 ], [ 28.892789373000141, -2.491522262999979 ], [ 28.892940707000037, -2.491287031999889 ], [ 28.893009495000058, -2.490968778999957 ], [ 28.893092041000102, -2.49052599099997 ], [ 28.893078284000126, -2.490193899999952 ], [ 28.892940707000037, -2.489142278999964 ], [ 28.892783616000088, -2.488741580999942 ], [ 28.892769247000047, -2.488597059999904 ], [ 28.892729720000091, -2.488199513999973 ], [ 28.892040967000185, -2.485012934999929 ], [ 28.890302151000185, -2.478832076999936 ], [ 28.886785771000064, -2.472425872999906 ], [ 28.880590668000025, -2.466280664999942 ], [ 28.874085453000134, -2.459827843999847 ], [ 28.871277650000025, -2.445707337999977 ], [ 28.871640288000037, -2.437135768999894 ], [ 28.871682425000074, -2.436139789999913 ], [ 28.872079880000172, -2.426745275999963 ], [ 28.881735480000089, -2.396008913999935 ], [ 28.892750129000092, -2.382373080999969 ], [ 28.905396188000054, -2.37341113899987 ], [ 28.906730261, -2.372465711999894 ], [ 28.912927358000047, -2.370835728999964 ], [ 28.92141518800014, -2.372281615999952 ], [ 28.930621750000171, -2.372075061999908 ], [ 28.935550168000077, -2.372075061999908 ], [ 28.937911701000189, -2.373383243999967 ], [ 28.941866076000053, -2.374734678999971 ], [ 28.946545935000131, -2.375477935999925 ], [ 28.951472103000071, -2.374858554999832 ], [ 28.955659344000026, -2.373619791999829 ], [ 28.958245582000131, -2.373000409999918 ], [ 28.960708666000187, -2.371761644999935 ], [ 28.963294904000122, -2.370522878999907 ], [ 28.966449299000089, -2.368740711999976 ], [ 28.973160779000125, -2.361989832999882 ], [ 28.990609267000139, -2.344035286999883 ], [ 29.006052184000112, -2.315993450999883 ], [ 29.011084412000059, -2.303835163999963 ], [ 29.011974320000149, -2.297345158999974 ], [ 29.017091287000142, -2.291078917999926 ], [ 29.027325222000059, -2.288169581999966 ], [ 29.044455939000159, -2.289512352999964 ], [ 29.060886488000108, -2.297527950999893 ], [ 29.080361230000108, -2.294448267999883 ], [ 29.099480108000023, -2.283932636999964 ], [ 29.108972845000039, -2.270193770999924 ], [ 29.120403801000066, -2.248992629999975 ], [ 29.137567692000118, -2.214917682999953 ], [ 29.148599411000134, -2.196615699999882 ], [ 29.160892552000178, -2.16176274999998 ], [ 29.165201341999989, -2.139806657999884 ], [ 29.173350208000102, -2.107062748999965 ], [ 29.173125207000055, -2.08887364799989 ], [ 29.173183157000096, -2.036366712999893 ], [ 29.169997187999968, -2.013245802999904 ], [ 29.169464073000029, -1.985439958999905 ], [ 29.16929046100006, -1.976384712999959 ], [ 29.168815229000131, -1.957736911999973 ], [ 29.166914304000159, -1.943870462999882 ], [ 29.165488608000146, -1.928091258999928 ], [ 29.165963839000142, -1.903704927999968 ], [ 29.166914304000159, -1.886012661999928 ], [ 29.171666619000177, -1.865929330999904 ], [ 29.177844630000038, -1.842020298999898 ], [ 29.185923567000145, -1.812372649999929 ], [ 29.194952967000063, -1.794679462999966 ], [ 29.21397276600004, -1.758157123999922 ], [ 29.242660533, -1.703019726999969 ], [ 29.242363362000049, -1.70012311399995 ], [ 29.242312512000069, -1.700143445999913 ], [ 29.242375060000086, -1.700046496999903 ], [ 29.242292760000055, -1.69924430999987 ], [ 29.243514240000025, -1.691175391999877 ], [ 29.246870179000155, -1.683356804999903 ], [ 29.248362360000044, -1.680380329999934 ], [ 29.25238284, -1.662287057999947 ], [ 29.256055920000165, -1.658982432999949 ], [ 29.261891160000175, -1.64300961299989 ], [ 29.282802840000045, -1.637062018999927 ], [ 29.291279400000121, -1.630507988999966 ], [ 29.313780480000048, -1.590961216999972 ], [ 29.326023720000023, -1.579945447999876 ], [ 29.335812840000131, -1.557197208999924 ], [ 29.349186480000185, -1.546236570999952 ], [ 29.377913400000125, -1.527895443999967 ], [ 29.399919628000134, -1.528968776999932 ], [ 29.443576680000092, -1.529936758999895 ], [ 29.456668800000159, -1.522446225999943 ], [ 29.466463320000173, -1.513633397999854 ], [ 29.485959840000191, -1.476577468999892 ], [ 29.499414953000155, -1.461472350999941 ], [ 29.511800280000045, -1.447568114999967 ], [ 29.523168360000057, -1.427527085999884 ], [ 29.530193040000086, -1.420868084999938 ], [ 29.543881818999978, -1.420958042999928 ], [ 29.552848920000031, -1.421687533999886 ], [ 29.558268216999977, -1.415720961999966 ], [ 29.568364111000108, -1.404796729999816 ], [ 29.570983608, -1.402059728999916 ], [ 29.575161000000151, -1.397694940999941 ], [ 29.589359040000033, -1.395106298999963 ], [ 29.595829320000178, -1.39514882199984 ], [ 29.600949960000037, -1.391159276999872 ], [ 29.600922240000045, -1.389147384999944 ], [ 29.609027280000078, -1.367072673999928 ], [ 29.609200405000081, -1.359942128999876 ], [ 29.609850086000108, -1.338148814999954 ], [ 29.603067120000048, -1.309277350999878 ], [ 29.600101440000174, -1.276684685999896 ], [ 29.60059716000012, -1.268082285999924 ], [ 29.601205920000041, -1.2639449589999 ], [ 29.604428280000036, -1.256300406999969 ], [ 29.607427440000038, -1.246705988999963 ], [ 29.611162799999988, -1.241020244999902 ], [ 29.604469320000078, -1.224882098999842 ], [ 29.60114442500003, -1.221890493999922 ], [ 29.599720200000036, -1.218918090999921 ], [ 29.589067800000066, -1.210288110999898 ], [ 29.587837320000062, -1.208102726999925 ], [ 29.587785840000095, -1.204385155999887 ], [ 29.588521680000042, -1.198688688999937 ], [ 29.5938147600001, -1.185870738999938 ], [ 29.5951662, -1.162425849999977 ], [ 29.593297440000129, -1.148514835999947 ], [ 29.58933312, -1.134590237999873 ], [ 29.587524480000127, -1.125022962999935 ], [ 29.589103440000031, -1.102258724999956 ], [ 29.592138240000111, -1.095083867999961 ], [ 29.59430650000013, -1.075263901999961 ], [ 29.595033360000059, -1.06209292099993 ], [ 29.593757314000129, -1.050519271999917 ], [ 29.592637200000183, -1.040359872999943 ], [ 29.591730720000157, -1.005171450999967 ], [ 29.593775880000067, -0.98724902899994 ], [ 29.595017520000169, -0.988257105999935 ], [ 29.597315400000184, -0.988640585999974 ], [ 29.599670160000187, -0.987669270999902 ], [ 29.60079731999997, -0.985632572999975 ], [ 29.60083404, -0.983473152999977 ], [ 29.600872920000029, -0.981174250999857 ], [ 29.596753440000043, -0.97683107499995 ], [ 29.596638240000118, -0.974714717999973 ], [ 29.60004672000008, -0.974526760999879 ], [ 29.600673120000181, -0.97329828699992 ], [ 29.60082468000013, -0.971602351999934 ], [ 29.600364240000033, -0.96990695799991 ], [ 29.598984720000146, -0.968674516999897 ], [ 29.597452560000193, -0.968136234999974 ], [ 29.596196160000147, -0.967071567999881 ], [ 29.595803400000136, -0.966406599999914 ], [ 29.595701483000141, -0.959050536999939 ], [ 29.595552479999981, -0.94829582999995 ], [ 29.593914480000024, -0.937487060999956 ], [ 29.595382920000191, -0.933640486999934 ], [ 29.594092320000129, -0.933151036999902 ], [ 29.59434648000007, -0.932472366999889 ], [ 29.592786961000058, -0.93002673999996 ], [ 29.592324, -0.926990921999959 ], [ 29.588372135000157, -0.909883849999915 ], [ 29.592837360000033, -0.90353848899997 ], [ 29.593636200000049, -0.903843946999928 ], [ 29.597028098000067, -0.903868999999872 ], [ 29.598443280000083, -0.903879447999941 ], [ 29.599323480000066, -0.902511103999871 ], [ 29.601817920000087, -0.904136428999891 ], [ 29.615066280000065, -0.901205832999892 ], [ 29.627593838000053, -0.904839052999932 ], [ 29.628143280000074, -0.901962 ], [ 29.62885122, -0.899983008999868 ], [ 29.629159200000117, -0.899688092999895 ], [ 29.629323720000059, -0.899338662999867 ], [ 29.630079720000083, -0.898872636999954 ], [ 29.630221200000051, -0.898573665999891 ], [ 29.630532600000038, -0.898318125999879 ], [ 29.630790720000107, -0.897774247999905 ], [ 29.631149640000103, -0.897452749999957 ], [ 29.631299040000044, -0.897138821999931 ], [ 29.63165814000007, -0.896950138999955 ], [ 29.632015439999975, -0.896643538999967 ], [ 29.632205880000129, -0.8962444309999 ], [ 29.632701240000074, -0.895560978999924 ], [ 29.633230080000146, -0.894454028999917 ], [ 29.633514840000089, -0.894269490999932 ], [ 29.633857560000024, -0.89424624399993 ], [ 29.634018120000121, -0.893911410999976 ], [ 29.634407280000175, -0.893695516999969 ], [ 29.634655320000093, -0.89358738999988 ], [ 29.634921840000118, -0.89338501199984 ], [ 29.635029360000146, -0.892932950999921 ], [ 29.635044480000147, -0.892506298999876 ], [ 29.635317720000046, -0.89193899299994 ], [ 29.634706800000117, -0.890938095999957 ], [ 29.633321880000096, -0.890300506999893 ], [ 29.632894560000068, -0.890318257999922 ], [ 29.63227932000018, -0.891005675999963 ], [ 29.631901320000168, -0.891065505999961 ], [ 29.631606840000131, -0.890785276999964 ], [ 29.631271860000084, -0.890523788999872 ], [ 29.630946240000185, -0.890308345999927 ], [ 29.630904480000083, -0.890003877999959 ], [ 29.630633040000191, -0.889877729999967 ], [ 29.630834821000121, -0.889618313999847 ], [ 29.631302641000104, -0.889364935999936 ], [ 29.631476520000149, -0.888986400999954 ], [ 29.630589121000185, -0.888577139999938 ], [ 29.630614500000092, -0.888301955999907 ], [ 29.630754, -0.887995415999967 ], [ 29.630679840000141, -0.887705093999898 ], [ 29.630834460000131, -0.887364312999864 ], [ 29.630666880000149, -0.886779884999896 ], [ 29.630929860000037, -0.886519567999869 ], [ 29.63080044000003, -0.88627015599991 ], [ 29.630567036000059, -0.886232331999906 ], [ 29.630469599999969, -0.886216541999943 ], [ 29.630196900000158, -0.886116974999936 ], [ 29.629927980000105, -0.885876751999888 ], [ 29.629517400000054, -0.88584115999987 ], [ 29.629189620000147, -0.885924147999901 ], [ 29.628869760000157, -0.885686898999893 ], [ 29.629009080000117, -0.885371707999923 ], [ 29.629217880000169, -0.885190413999851 ], [ 29.62946160000007, -0.884390632999953 ], [ 29.629934640000158, -0.884273224999902 ], [ 29.630169720000026, -0.884050030999902 ], [ 29.630476080000165, -0.883362340999952 ], [ 29.63082393000019, -0.883609366999963 ], [ 29.631081240000128, -0.883245202999944 ], [ 29.631271501000185, -0.882874191999974 ], [ 29.631093480000118, -0.882648881999955 ], [ 29.630750040000123, -0.882441817999961 ], [ 29.630646000000183, -0.882139240999891 ], [ 29.631041997000182, -0.881247356999893 ], [ 29.631089520000103, -0.881140323999944 ], [ 29.631146761000139, -0.880742504999887 ], [ 29.630693880000081, -0.880798100999868 ], [ 29.630489220000186, -0.880584368999962 ], [ 29.63025432000012, -0.880218176999961 ], [ 29.630049840000083, -0.879839010999831 ], [ 29.63040516000018, -0.879955607999875 ], [ 29.630643659999976, -0.880069050999964 ], [ 29.630536020000136, -0.879699885999969 ], [ 29.630225520000067, -0.8792001569999 ], [ 29.629980180000189, -0.878943443999958 ], [ 29.629494180000108, -0.878872710999815 ], [ 29.629295820000038, -0.878433262999977 ], [ 29.629010880000067, -0.878181415999904 ], [ 29.628885240000159, -0.877817205999975 ], [ 29.628904320000174, -0.877299004999884 ], [ 29.628617671000143, -0.877060583999878 ], [ 29.628397351000046, -0.876571171999899 ], [ 29.628666360000182, -0.876418937999915 ], [ 29.628906840000184, -0.876254223999979 ], [ 29.629159920000177, -0.876081038999928 ], [ 29.629275480000103, -0.8758103589999 ], [ 29.629195920000143, -0.875560043999883 ], [ 29.629211040000143, -0.875248725999882 ], [ 29.629003320000152, -0.87498102099994 ], [ 29.62875, -0.875291524999966 ], [ 29.6285923800001, -0.875728993999928 ], [ 29.628302760000111, -0.875771252999868 ], [ 29.628165600000159, -0.875453898999979 ], [ 29.628239670000028, -0.875126226999896 ], [ 29.628160152000021, -0.874813466999967 ], [ 29.628070560000083, -0.87449354599994 ], [ 29.628234540000165, -0.874256430999935 ], [ 29.627808931, -0.874172856999962 ], [ 29.627881740000078, -0.873743679999961 ], [ 29.628008640000132, -0.873441552999964 ], [ 29.627825760000064, -0.873219982999899 ], [ 29.627079840000192, -0.872615909999922 ], [ 29.627199720000135, -0.872326667999971 ], [ 29.627527050000083, -0.87242830799994 ], [ 29.627916120000123, -0.872456059999934 ], [ 29.628141661000029, -0.872580226999901 ], [ 29.628406081000037, -0.872527513999898 ], [ 29.628740700000094, -0.871729081999831 ], [ 29.629160640000066, -0.871571305999908 ], [ 29.629385280000179, -0.871249535999937 ], [ 29.630231640000034, -0.87121826799995 ], [ 29.63031390000009, -0.8709109159999 ], [ 29.630302560000189, -0.870603291999942 ], [ 29.630235421000066, -0.870257102999972 ], [ 29.630006460000061, -0.869922717999941 ], [ 29.629985760000125, -0.869529583999906 ], [ 29.62943761400004, -0.868964293999966 ], [ 29.629260736000163, -0.868788568999889 ], [ 29.62903590000019, -0.868595809999931 ], [ 29.62864728, -0.868374148999976 ], [ 29.628486181000085, -0.868039402999898 ], [ 29.628589321000106, -0.867764577999878 ], [ 29.629985040000065, -0.867729976999954 ], [ 29.630237400000112, -0.867671857999937 ], [ 29.630236140000193, -0.867286382999964 ], [ 29.63013516, -0.86672150499993 ], [ 29.629911780000043, -0.866249526999866 ], [ 29.629517040000053, -0.865906941999924 ], [ 29.629493640000078, -0.865316563999954 ], [ 29.629342440000187, -0.864378554999973 ], [ 29.628937800000074, -0.86372275899987 ], [ 29.628312535000134, -0.863375647999931 ], [ 29.628176759999974, -0.863009384999827 ], [ 29.628171, -0.862711401999945 ], [ 29.627826840000182, -0.862661662999926 ], [ 29.627381700000115, -0.862517852999929 ], [ 29.627141220000112, -0.862134719999915 ], [ 29.627162010000063, -0.861404179999965 ], [ 29.627021790000185, -0.860845495999911 ], [ 29.626864920000173, -0.860471349999955 ], [ 29.626851600000123, -0.860084206999829 ], [ 29.626785361000088, -0.859623356999975 ], [ 29.627076960000124, -0.858882589999951 ], [ 29.627165340000147, -0.858501257999933 ], [ 29.627141041000186, -0.857933584999955 ], [ 29.627259120000076, -0.857632628999909 ], [ 29.627501040000027, -0.857016117999876 ], [ 29.627942733000054, -0.856719188999932 ], [ 29.628158400000075, -0.856414564999966 ], [ 29.628218341000149, -0.856159112999933 ], [ 29.6281846440001, -0.855848033999962 ], [ 29.628169981000042, -0.855712663999952 ], [ 29.628247320000128, -0.855339770999933 ], [ 29.62855449000017, -0.854906626999878 ], [ 29.628821391000145, -0.854227302999902 ], [ 29.628960120000158, -0.853874815999973 ], [ 29.629157400000111, -0.853675227999872 ], [ 29.629165680000085, -0.853336155999955 ], [ 29.629077660000121, -0.85307862999997 ], [ 29.629003500000181, -0.852666030999956 ], [ 29.629314360000137, -0.852506091999942 ], [ 29.629411920000052, -0.852258297999867 ], [ 29.629730340000094, -0.851807402999953 ], [ 29.629869738000082, -0.851452224999889 ], [ 29.629987560000075, -0.851152686999967 ], [ 29.629926000000125, -0.850868128999878 ], [ 29.63013444000012, -0.850487606999934 ], [ 29.630158200000153, -0.850012923999884 ], [ 29.630381759999977, -0.849728276999883 ], [ 29.630494080000062, -0.849442096999837 ], [ 29.630603520000079, -0.849162945999922 ], [ 29.630567520000113, -0.848839461999887 ], [ 29.630694960000142, -0.848514174999877 ], [ 29.630631240000014, -0.847824856999978 ], [ 29.631220200000087, -0.847518493999928 ], [ 29.631492360000038, -0.847317373999886 ], [ 29.631466530000068, -0.846797050999896 ], [ 29.631853321000165, -0.846663978999914 ], [ 29.632193639999969, -0.846606249999923 ], [ 29.632528896, -0.846512062999977 ], [ 29.632605300000137, -0.846490596999956 ], [ 29.63279736000004, -0.846274295999933 ], [ 29.632780080000032, -0.845910984999875 ], [ 29.632893120000119, -0.845624984999915 ], [ 29.633095000000139, -0.845435 ], [ 29.633130900000083, -0.845343489999891 ], [ 29.633251820000169, -0.845224541999926 ], [ 29.633403, -0.845183 ], [ 29.63343924000003, -0.845091730999968 ], [ 29.63362230000007, -0.844629751999832 ], [ 29.633661, -0.844531 ], [ 29.633649301000105, -0.844184262999931 ], [ 29.633639309000159, -0.843899773999908 ], [ 29.633628600000065, -0.843594872999915 ], [ 29.633756040000151, -0.84313766899993 ], [ 29.634066720000078, -0.843003049999879 ], [ 29.634224940000024, -0.842603063999832 ], [ 29.634270000000186, -0.842488999999887 ], [ 29.634167160000061, -0.842198212999904 ], [ 29.634040440000035, -0.841840667999975 ], [ 29.634229980999976, -0.841503125999964 ], [ 29.634564240000032, -0.841327417999878 ], [ 29.634722070000123, -0.841270212999859 ], [ 29.634907319999968, -0.841203069999892 ], [ 29.635178400000029, -0.840947344999961 ], [ 29.635691850000057, -0.839653766999959 ], [ 29.635956, -0.839382 ], [ 29.63599, -0.839296 ], [ 29.635921440000061, -0.839033468999958 ], [ 29.635762860000057, -0.838786034999941 ], [ 29.636003520000088, -0.838605099999882 ], [ 29.636178000000143, -0.83851 ], [ 29.636247239999989, -0.838336354999853 ], [ 29.636412751000137, -0.838040009999929 ], [ 29.636502000000121, -0.837958 ], [ 29.636609760000169, -0.837687267999968 ], [ 29.636742600000161, -0.837353329999871 ], [ 29.637018000000182, -0.837250788999825 ], [ 29.637134280000055, -0.836959020999927 ], [ 29.637882720000164, -0.837278000999959 ], [ 29.638667160000068, -0.837094902999979 ], [ 29.638884240000039, -0.836564351999868 ], [ 29.639129400000115, -0.836416215999975 ], [ 29.639292, -0.836202 ], [ 29.639302318000034, -0.836058753999964 ], [ 29.639476890000083, -0.835674496999957 ], [ 29.639597504000108, -0.835622495999928 ], [ 29.639733000000149, -0.835601 ], [ 29.63989700000019, -0.835503 ], [ 29.63998700000019, -0.835379 ], [ 29.639962, -0.835231 ], [ 29.639856000000179, -0.8351 ], [ 29.63958096000016, -0.83503607199998 ], [ 29.639409120000153, -0.83475493799989 ], [ 29.639601359000153, -0.834596373999943 ], [ 29.639757000000145, -0.834549 ], [ 29.639814, -0.83444999999989 ], [ 29.639757000000145, -0.834327 ], [ 29.639577, -0.834261 ], [ 29.639500290000058, -0.834195160999968 ], [ 29.63929608, -0.833872907999933 ], [ 29.639364479999983, -0.833619555999917 ], [ 29.639422000000138, -0.833562 ], [ 29.639593000000104, -0.833496 ], [ 29.639642, -0.833405999999854 ], [ 29.639618, -0.833307 ], [ 29.63947, -0.833240999999873 ], [ 29.639321797000093, -0.833230220999951 ], [ 29.639206296000054, -0.833182553999904 ], [ 29.639188021000052, -0.832867549999889 ], [ 29.639196141000184, -0.832842409999955 ], [ 29.639395, -0.832614999999862 ], [ 29.639413000000104, -0.832501 ], [ 29.639364000000171, -0.832435 ], [ 29.639043880000145, -0.832414235999863 ], [ 29.638836720000029, -0.832370194999953 ], [ 29.638701600000047, -0.832114492999949 ], [ 29.638952280000183, -0.831907785999874 ], [ 29.639524500000107, -0.831639716999973 ], [ 29.639701980000041, -0.831423188999906 ], [ 29.639610795000067, -0.83112072799986 ], [ 29.639993701000094, -0.830904350999901 ], [ 29.640123600000095, -0.830573160999961 ], [ 29.640399660000014, -0.830660519999981 ], [ 29.640530880000085, -0.830953729999976 ], [ 29.640747780000083, -0.831093485999929 ], [ 29.641000681000094, -0.830920660999936 ], [ 29.640913020000085, -0.830562978999978 ], [ 29.640898080000056, -0.830188537999902 ], [ 29.640800790000185, -0.829735657999834 ], [ 29.640409740000166, -0.829329272999871 ], [ 29.640167100000156, -0.829110943999922 ], [ 29.64018024100011, -0.828763533999961 ], [ 29.64058542000015, -0.828553763999935 ], [ 29.640263650000179, -0.828338308999946 ], [ 29.639984323000022, -0.828182843999969 ], [ 29.640014084000086, -0.827927147999958 ], [ 29.640196361000164, -0.827485651999893 ], [ 29.639829361000182, -0.827461314999937 ], [ 29.639739606000148, -0.827614749999952 ], [ 29.639634664000141, -0.827794147999953 ], [ 29.639338418000136, -0.827623868999979 ], [ 29.639377253000077, -0.827321896999933 ], [ 29.639523230000179, -0.827014539999936 ], [ 29.639460050000082, -0.826414874999955 ], [ 29.639700528000105, -0.825749069999915 ], [ 29.639525389000084, -0.825403373999848 ], [ 29.639611969000157, -0.825089933999948 ], [ 29.63962168900008, -0.82480357299994 ], [ 29.639216871000144, -0.824870957999849 ], [ 29.639268360000074, -0.824563850999937 ], [ 29.639494954000156, -0.824400477999916 ], [ 29.639851005000025, -0.824440799999877 ], [ 29.640029621000053, -0.823954620999871 ], [ 29.640378629000168, -0.823962906999952 ], [ 29.640463425000064, -0.82396447799988 ], [ 29.640666873000043, -0.823699334999901 ], [ 29.640599794000082, -0.823407446999909 ], [ 29.640705994000143, -0.823153342999944 ], [ 29.640839061000065, -0.822480126999892 ], [ 29.64070740000011, -0.821970434999912 ], [ 29.640148841000155, -0.821691678999969 ], [ 29.639907000000107, -0.821326999999883 ], [ 29.63940328800004, -0.821151781999959 ], [ 29.639168278000113, -0.821199943999943 ], [ 29.638852826000118, -0.821363923999911 ], [ 29.638571760000161, -0.821338854999965 ], [ 29.638610957000083, -0.820783356999925 ], [ 29.638854539000192, -0.820469038999875 ], [ 29.639671097000075, -0.820201463999922 ], [ 29.639557967000144, -0.819733854999868 ], [ 29.63954860900003, -0.819331411999883 ], [ 29.639244406000046, -0.819332461999977 ], [ 29.638730034000105, -0.819778044999964 ], [ 29.63882681900003, -0.818742756999939 ], [ 29.638334362000023, -0.817613534999964 ], [ 29.639014737000139, -0.817823479999902 ], [ 29.639359980000165, -0.817627456999958 ], [ 29.639434, -0.817365999999879 ], [ 29.638894141000094, -0.81689713499992 ], [ 29.638524296000128, -0.816818667999826 ], [ 29.638126642000088, -0.816903769999954 ], [ 29.634844096000108, -0.809898228999941 ], [ 29.631972633000089, -0.803794398999969 ], [ 29.632401269000013, -0.803551327999969 ], [ 29.633035000000177, -0.803642 ], [ 29.633202, -0.803223628999945 ], [ 29.633038380000073, -0.802882343999954 ], [ 29.632784168000171, -0.802656855999942 ], [ 29.63266848, -0.802434642999913 ], [ 29.632541220000178, -0.802073309999969 ], [ 29.632646063000038, -0.801675940999928 ], [ 29.632818501000088, -0.801440431999936 ], [ 29.632774941000037, -0.801134063999882 ], [ 29.63247218500004, -0.800790752999887 ], [ 29.631955000000119, -0.800367 ], [ 29.631946680000169, -0.799987488999932 ], [ 29.631965885000056, -0.799650735999876 ], [ 29.632551164000063, -0.799540664999938 ], [ 29.632762081000067, -0.799250493999978 ], [ 29.632923000000119, -0.798777 ], [ 29.632855320000033, -0.798480339999969 ], [ 29.632724901000188, -0.798239612999907 ], [ 29.632911739000178, -0.797888641999918 ], [ 29.633396000000175, -0.797541 ], [ 29.633326560000114, -0.797286588999953 ], [ 29.63299129700016, -0.796954490999894 ], [ 29.631841132000147, -0.796928731999913 ], [ 29.627369796000039, -0.791240100999971 ], [ 29.627621280000028, -0.79092224599998 ], [ 29.627672240000152, -0.790761497999881 ], [ 29.627712657000075, -0.790614913999946 ], [ 29.627665200000138, -0.790278240999953 ], [ 29.628064044999974, -0.790066620999937 ], [ 29.628138059999969, -0.789789763999977 ], [ 29.628060491000042, -0.789365557999929 ], [ 29.628478708000102, -0.789412611999921 ], [ 29.628879120000192, -0.789330301999939 ], [ 29.629054080000117, -0.788893096999914 ], [ 29.629379520000043, -0.788808364999852 ], [ 29.629446660000099, -0.789090342999827 ], [ 29.629318771000044, -0.789530621999916 ], [ 29.629680480000047, -0.789565034999953 ], [ 29.629970340000057, -0.789407719999872 ], [ 29.629955700000096, -0.789056372999937 ], [ 29.629870200000141, -0.788777667999966 ], [ 29.63007336000004, -0.78857162099996 ], [ 29.630486520000147, -0.788325504999932 ], [ 29.630865240000048, -0.788135555999872 ], [ 29.631146761000139, -0.787929522999946 ], [ 29.631117120000113, -0.78762716499989 ], [ 29.630856600000016, -0.78748839799988 ], [ 29.630497320000131, -0.787354136999966 ], [ 29.630246760000034, -0.787186173999942 ], [ 29.630121480000128, -0.786900530999901 ], [ 29.630064420000053, -0.78635861999993 ], [ 29.62994964000012, -0.785834368999872 ], [ 29.629771260000098, -0.785563262999915 ], [ 29.629344240000137, -0.785447082999895 ], [ 29.629072800000074, -0.785586029999934 ], [ 29.629006200000049, -0.786039575999894 ], [ 29.629208160000076, -0.786378577999869 ], [ 29.629236240000068, -0.78679186099987 ], [ 29.629002600000092, -0.786968472999945 ], [ 29.62865196000007, -0.786884671999928 ], [ 29.628459540000108, -0.786400878999871 ], [ 29.628475380000168, -0.785954527999877 ], [ 29.628634320000174, -0.785540074999972 ], [ 29.628504601000031, -0.785190213999954 ], [ 29.628279719999966, -0.784829749999972 ], [ 29.628416880000145, -0.784506350999948 ], [ 29.628690121000091, -0.784340280999913 ], [ 29.628941220000172, -0.784627545999967 ], [ 29.629229160000193, -0.7847600959999 ], [ 29.629435500000056, -0.784479948999831 ], [ 29.629422857000179, -0.784422855999878 ], [ 29.629315834000067, -0.78393961099988 ], [ 29.629242832000102, -0.783575353999936 ], [ 29.629224359999967, -0.78347046499988 ], [ 29.629200601000036, -0.783081375999927 ], [ 29.629400760000181, -0.782606504999876 ], [ 29.629643400000191, -0.782352758999934 ], [ 29.629741141000181, -0.782037514999956 ], [ 29.629381320000164, -0.781369 ], [ 29.629307880000169, -0.780862544999934 ], [ 29.629449720000139, -0.780555635999917 ], [ 29.629516230000149, -0.780181188999961 ], [ 29.629205820000038, -0.779983686999969 ], [ 29.628898199999981, -0.780001468999899 ], [ 29.628498510000156, -0.78022601899994 ], [ 29.628221288000134, -0.778870731999973 ], [ 29.627985780000188, -0.777719378999905 ], [ 29.628446040000085, -0.777808045999961 ], [ 29.628763320000189, -0.777695470999902 ], [ 29.628781020000076, -0.777313259999971 ], [ 29.628481140000133, -0.776983101999917 ], [ 29.628549720000137, -0.776721696999971 ], [ 29.628903960000116, -0.776034528999958 ], [ 29.629286640000146, -0.775726717999873 ], [ 29.630131200000051, -0.775647061999962 ], [ 29.630480520000162, -0.775568306999844 ], [ 29.630500560000087, -0.775293564999913 ], [ 29.630297520000113, -0.774974671999928 ], [ 29.630230560000086, -0.774689026999908 ], [ 29.630441160000146, -0.774104761999979 ], [ 29.631011401000137, -0.773910938999848 ], [ 29.631009960000085, -0.773583273999918 ], [ 29.630915760000107, -0.773193042999935 ], [ 29.630865960999984, -0.772834230999933 ], [ 29.630721960000074, -0.772553812999888 ], [ 29.630851200000109, -0.772245895999902 ], [ 29.631147840000153, -0.772385669999949 ], [ 29.631398580000109, -0.772494881999933 ], [ 29.631850201000077, -0.77229290199989 ], [ 29.632111741000074, -0.771838619999869 ], [ 29.631904920000068, -0.771567302999927 ], [ 29.631397680000021, -0.771410512999978 ], [ 29.631007890000092, -0.771121489999871 ], [ 29.63066544000003, -0.769004699999869 ], [ 29.631071520000035, -0.768479186999912 ], [ 29.63139840000008, -0.76832503299994 ], [ 29.631672, -0.768529917999956 ], [ 29.632045680000033, -0.768554516999927 ], [ 29.632166280000035, -0.768197415999964 ], [ 29.631841560000169, -0.767954662999955 ], [ 29.631203280000136, -0.767578188999892 ], [ 29.630935800000032, -0.767452396999886 ], [ 29.630581200000165, -0.767473571999858 ], [ 29.630284920000179, -0.76742977899994 ], [ 29.63020860000006, -0.767001672999868 ], [ 29.630471280000108, -0.766729303999909 ], [ 29.630551320000166, -0.766427138999973 ], [ 29.630364390000182, -0.766233675999956 ], [ 29.630517480000037, -0.765998581999952 ], [ 29.630767860000162, -0.765737986999966 ], [ 29.630745840000088, -0.76542620999993 ], [ 29.630463299999974, -0.764990984999883 ], [ 29.630531160000089, -0.764597613999911 ], [ 29.63020860000006, -0.764418882999962 ], [ 29.629759200000024, -0.764525842999944 ], [ 29.629521450000027, -0.763788301999853 ], [ 29.629473120000114, -0.763318833999904 ], [ 29.629885740000191, -0.763327754999921 ], [ 29.630287080000187, -0.763110547999815 ], [ 29.630145285000083, -0.762670860999947 ], [ 29.630462670000099, -0.762484290999964 ], [ 29.630763899999977, -0.762582689999931 ], [ 29.630806920000168, -0.762299552999934 ], [ 29.631101040000033, -0.76204523499996 ], [ 29.630966520000072, -0.761738354999977 ], [ 29.630385540000134, -0.761874613999964 ], [ 29.630340601000057, -0.761592947999929 ], [ 29.630556360000071, -0.761359416999881 ], [ 29.630637046000174, -0.761008667999874 ], [ 29.630192400000169, -0.761235516999932 ], [ 29.629922040000167, -0.76151944999998 ], [ 29.629719360000081, -0.76169948699993 ], [ 29.629366920000052, -0.761612622999962 ], [ 29.629447560000131, -0.76134049399991 ], [ 29.629635660000076, -0.761024301999953 ], [ 29.629896480000184, -0.760830297999973 ], [ 29.630250900000192, -0.760624487999905 ], [ 29.630172240000093, -0.760378130999868 ], [ 29.62998396100005, -0.759993905999977 ], [ 29.630085480000162, -0.759676992999914 ], [ 29.630371320000052, -0.759721325999976 ], [ 29.630543580000051, -0.759409278999897 ], [ 29.630783940000072, -0.759077662999914 ], [ 29.630644290000077, -0.758717601999876 ], [ 29.630160900000192, -0.75867966699991 ], [ 29.630466181000145, -0.758452951999914 ], [ 29.630760330000044, -0.758310655999935 ], [ 29.630829630000107, -0.757806540999979 ], [ 29.63046834000005, -0.7578068709999 ], [ 29.630120221000141, -0.757751093999843 ], [ 29.629775025000185, -0.757722213999955 ], [ 29.629323001000046, -0.757905900999958 ], [ 29.628968041000178, -0.757859854999936 ], [ 29.628768240000056, -0.757564402999947 ], [ 29.628967472000056, -0.757372068999928 ], [ 29.629084680000176, -0.757258917999877 ], [ 29.629389420000166, -0.757014902999856 ], [ 29.629488780000031, -0.75665807099989 ], [ 29.629643400000191, -0.7563845009999 ], [ 29.629752931000098, -0.756074209999895 ], [ 29.629363680000154, -0.756166165999957 ], [ 29.629105200000083, -0.755957022999894 ], [ 29.629091362000167, -0.755637598999954 ], [ 29.629078327000059, -0.755336559999876 ], [ 29.629083320000063, -0.755200683999931 ], [ 29.629135441000187, -0.754839129999937 ], [ 29.629116360000125, -0.754519062999918 ], [ 29.62897434000007, -0.754225847999919 ], [ 29.629127791000087, -0.753774265999937 ], [ 29.62928520100013, -0.753485150999836 ], [ 29.629203300000029, -0.753157514999884 ], [ 29.629311480000069, -0.752842252999926 ], [ 29.629601821000051, -0.752618121999944 ], [ 29.63020860000006, -0.752039080999907 ], [ 29.630120671000157, -0.751693623999927 ], [ 29.630024640000101, -0.751337581999962 ], [ 29.63011608000005, -0.751081040999964 ], [ 29.630324520000045, -0.750618780999901 ], [ 29.630652227999974, -0.750371628999972 ], [ 29.630959200000177, -0.750534258999949 ], [ 29.631299521000187, -0.750519359999942 ], [ 29.631452939999974, -0.750247710999929 ], [ 29.631551580000178, -0.749933049999925 ], [ 29.631751381000072, -0.749622804999831 ], [ 29.631672, -0.749271468999893 ], [ 29.631342600000096, -0.74854392799989 ], [ 29.631063241000163, -0.748273463999908 ], [ 29.630911680000168, -0.747816775999979 ], [ 29.631366541000034, -0.747777368999891 ], [ 29.631666960000132, -0.747668065999903 ], [ 29.63206638000014, -0.747595572999955 ], [ 29.632397040000114, -0.747274438999966 ], [ 29.632250880000129, -0.746911148999914 ], [ 29.63202138000014, -0.74676850599991 ], [ 29.631826561000082, -0.746944248999966 ], [ 29.631520981000051, -0.746912815999963 ], [ 29.631499200000064, -0.746630487999937 ], [ 29.63175606100009, -0.746528544999876 ], [ 29.6318833200001, -0.746297865999964 ], [ 29.631862711000053, -0.745902645999934 ], [ 29.631550680000089, -0.74573522299994 ], [ 29.631446867000136, -0.745537153999976 ], [ 29.631272220000142, -0.745214931999897 ], [ 29.631040920000032, -0.745066672999883 ], [ 29.630675520000125, -0.745001823999928 ], [ 29.630450520000181, -0.74484476299989 ], [ 29.630382300000065, -0.744529335999914 ], [ 29.630479320000063, -0.744023717999937 ], [ 29.63026120800015, -0.743619308999939 ], [ 29.630382480000037, -0.742514897999968 ], [ 29.629703925000115, -0.739134264999848 ], [ 29.629789069000083, -0.738754190999941 ], [ 29.629896659999986, -0.738350854999965 ], [ 29.630151360000127, -0.738299400999949 ], [ 29.630279700000074, -0.738075209999977 ], [ 29.630084760000102, -0.737881744999925 ], [ 29.629766160000031, -0.7379703229999 ], [ 29.62948284100014, -0.737938242999917 ], [ 29.629206720000127, -0.737798213999952 ], [ 29.628747720000149, -0.735955475999901 ], [ 29.629028160000075, -0.73569514999997 ], [ 29.62961370000005, -0.735829952999893 ], [ 29.630041740000138, -0.736269056999902 ], [ 29.630285400000048, -0.736412359999974 ], [ 29.630471760000148, -0.73609370399987 ], [ 29.630583720000175, -0.73569514999997 ], [ 29.630517840000095, -0.73521747999996 ], [ 29.630430947000093, -0.734901387999912 ], [ 29.630289600000026, -0.734387210999898 ], [ 29.630226911000079, -0.734158936999961 ], [ 29.630202840000095, -0.734071286999949 ], [ 29.630167380000046, -0.733748604999903 ], [ 29.630248560000155, -0.733457100999942 ], [ 29.630430810000178, -0.733167487999879 ], [ 29.630506320000165, -0.732744964999938 ], [ 29.63060334000005, -0.732386719999965 ], [ 29.630549160000157, -0.732101492999959 ], [ 29.630306160000146, -0.731811880999885 ], [ 29.630035860000135, -0.731371755999817 ], [ 29.629690560000029, -0.731253021999919 ], [ 29.629574235000064, -0.730934867999906 ], [ 29.629913400000135, -0.730658478999942 ], [ 29.630224561000034, -0.730484267999941 ], [ 29.629934100000071, -0.730291912999974 ], [ 29.629655280000122, -0.730062884999938 ], [ 29.62980927100017, -0.729745263999973 ], [ 29.630100240000161, -0.729616271999873 ], [ 29.630465160000142, -0.729586054999857 ], [ 29.630387250000126, -0.729271662999963 ], [ 29.629914300000053, -0.72927358599992 ], [ 29.629590480000104, -0.729158514999938 ], [ 29.629507939000064, -0.728915049999955 ], [ 29.629364920000057, -0.72849320399996 ], [ 29.629148237000152, -0.727862947999938 ], [ 29.629018555000073, -0.727499331999866 ], [ 29.628150636000157, -0.725065766999933 ], [ 29.627555682000093, -0.723397569999918 ], [ 29.627214607000042, -0.722441226999933 ], [ 29.626455240000041, -0.720287938999945 ], [ 29.627008728000135, -0.714818488999924 ], [ 29.627226360000066, -0.712667890999967 ], [ 29.626041240000063, -0.705781865999825 ], [ 29.628069480000192, -0.70117489699993 ], [ 29.631925440000032, -0.697475874999952 ], [ 29.632995360000052, -0.685983023999881 ], [ 29.6366274, -0.682745895999915 ], [ 29.636613877000059, -0.680562916999975 ], [ 29.636566200000118, -0.672866890999956 ], [ 29.639766240000029, -0.673537855999939 ], [ 29.641353480000078, -0.671920008999905 ], [ 29.64231630400019, -0.668446488999962 ], [ 29.643139440000084, -0.665476908999892 ], [ 29.645307765000155, -0.662270259999957 ], [ 29.647663200000068, -0.65878689699997 ], [ 29.648022140000137, -0.655567118999954 ], [ 29.648712581000154, -0.649373714999967 ], [ 29.649175200000116, -0.645223920999968 ], [ 29.649953911000182, -0.643887340999868 ], [ 29.651657774, -0.640962826999953 ], [ 29.655091040000059, -0.635069955999882 ], [ 29.659113360000163, -0.628166023999938 ], [ 29.659538520000126, -0.623109865999822 ], [ 29.658947399000169, -0.621567208999977 ], [ 29.657623326000135, -0.618111761999899 ], [ 29.656337818000168, -0.61475695199988 ], [ 29.655312666999976, -0.612081595999939 ], [ 29.651986264000186, -0.60340048899991 ], [ 29.649790440000061, -0.597669864999887 ], [ 29.660991480000121, -0.594049883999958 ], [ 29.665722240000036, -0.590223002999949 ], [ 29.672323885000083, -0.578990550999947 ], [ 29.679271200000187, -0.567169928999874 ], [ 29.679249240000161, -0.563265893999812 ], [ 29.674446480000142, -0.555583972999955 ], [ 29.668602240000098, -0.555188016999978 ], [ 29.668108320000101, -0.554993913999908 ], [ 29.665476360000127, -0.551174937999917 ], [ 29.665680480000105, -0.547268007999946 ], [ 29.667656086000136, -0.542333595999878 ], [ 29.669275440000035, -0.538288979999891 ], [ 29.668997520000119, -0.530480867999927 ], [ 29.670997320000026, -0.521969863999971 ], [ 29.668684320000125, -0.516930912999953 ], [ 29.669573520000029, -0.513249964999943 ], [ 29.66748444000018, -0.507750886999872 ], [ 29.674525158000051, -0.499552233999907 ], [ 29.677000320000047, -0.49666801199993 ], [ 29.676984480000158, -0.494140866999885 ], [ 29.674177200000088, -0.491678963999959 ], [ 29.683941361000166, -0.462432263999972 ], [ 29.683475, -0.455346 ], [ 29.683714564000127, -0.446649862999948 ], [ 29.680421990000184, -0.445702199999971 ], [ 29.680386660000124, -0.445693395999967 ], [ 29.680417960000057, -0.445611361999909 ], [ 29.693465322000065, -0.389857588999917 ], [ 29.704359608000175, -0.343304306999926 ], [ 29.722182788000111, -0.267142593999949 ], [ 29.734734727000159, -0.213505276999911 ], [ 29.746221892000165, -0.164417987999968 ], [ 29.743948053000054, -0.13869477999998 ], [ 29.742284988, -0.119881063999912 ], [ 29.741770916000121, -0.11024595799995 ], [ 29.749253767000084, -0.098915030999876 ], [ 29.752992671000186, -0.085617929999955 ], [ 29.757067451000182, -0.07673492899994 ], [ 29.757395767000162, -0.071509050999907 ], [ 29.757820560000084, -0.068083888999922 ], [ 29.757736545000114, -0.067308691999926 ], [ 29.757759840000176, -0.06728005899987 ], [ 29.758058000000176, -0.066381 ], [ 29.754273960000091, -0.056079605999969 ], [ 29.749562642000171, -0.053520995999975 ], [ 29.745737698000028, -0.048141015999931 ], [ 29.74448016000008, -0.041125780999892 ], [ 29.746669293000139, -0.036682708999876 ], [ 29.753499051000176, -0.030088487999876 ], [ 29.760192565000125, -0.025384324999948 ], [ 29.76059540000017, -0.021563905999869 ], [ 29.760163046000059, -0.017250547999936 ], [ 29.756945, -0.01327 ], [ 29.746093000000144, 0.002576000000147 ], [ 29.739630387000034, 0.009533653 ], [ 29.736447313999975, 0.019941982000091 ], [ 29.733759000000134, 0.044314299000064 ], [ 29.732070635000127, 0.053580734000036 ], [ 29.73103500000019, 0.065071 ], [ 29.73424486600004, 0.070731163 ], [ 29.740889160000165, 0.075525034000066 ], [ 29.74809278400005, 0.080225156000154 ], [ 29.748887652000064, 0.088066945000151 ], [ 29.74798518800003, 0.098389327000177 ], [ 29.74801428000012, 0.106835958000147 ], [ 29.751042960000063, 0.112593881 ], [ 29.763256841000157, 0.127593074 ], [ 29.769470370000136, 0.131932722999977 ], [ 29.781967317000181, 0.143004541000039 ], [ 29.790376920000142, 0.150289891999989 ], [ 29.804150791000154, 0.156871080999963 ], [ 29.807358689000182, 0.157715590000123 ], [ 29.814444360000152, 0.15959677799998 ], [ 29.826096419000123, 0.166154352000092 ], [ 29.831859, 0.172344130999988 ], [ 29.839431960000127, 0.183876885000132 ], [ 29.845337040000061, 0.20583483900009 ], [ 29.854189671000029, 0.266789383000059 ], [ 29.861377695000044, 0.301998606000154 ], [ 29.873506000000191, 0.337300000000141 ], [ 29.873236979000069, 0.356979416000058 ], [ 29.878781972000127, 0.37431359500016 ], [ 29.883032066000055, 0.385608243000149 ], [ 29.887581315000148, 0.391282596000053 ], [ 29.898660500000119, 0.395824742000173 ], [ 29.918247070000177, 0.400060495000048 ], [ 29.928986419000125, 0.403393838000113 ], [ 29.938494482000181, 0.404961330000106 ], [ 29.952729, 0.406069000000116 ], [ 29.959504566000192, 0.407350051000151 ], [ 29.962999800000034, 0.410602372000028 ], [ 29.978425147999985, 0.449434540000141 ], [ 29.992317311000079, 0.482026968000127 ], [ 29.992670034000184, 0.498925706000023 ], [ 29.991353000000117, 0.531020000000183 ], [ 29.98869, 0.543041 ], [ 29.981680932000074, 0.552602569999976 ], [ 29.97606960000013, 0.567401518 ], [ 29.969125096000027, 0.583269272 ], [ 29.964555, 0.593783 ], [ 29.960229557000048, 0.608884988999989 ], [ 29.95855, 0.615406000000178 ], [ 29.949667740000052, 0.629766817000075 ], [ 29.94380424000019, 0.634119327000178 ], [ 29.929650622999986, 0.641191315000185 ], [ 29.910837240000092, 0.654379029000097 ], [ 29.911966628000073, 0.662879963000023 ], [ 29.918861600000184, 0.686076963 ], [ 29.922067349000145, 0.691584868 ], [ 29.932842240000184, 0.699606080000024 ], [ 29.938104360000011, 0.706259990000092 ], [ 29.942468280000128, 0.718661097000052 ], [ 29.939958346000139, 0.733604914000068 ], [ 29.941352243999972, 0.745092955000189 ], [ 29.948244480000028, 0.751974022000127 ], [ 29.95078824, 0.768516041 ], [ 29.959904906000077, 0.775620953999976 ], [ 29.961769319999974, 0.779525154999988 ], [ 29.960321040000053, 0.786934051000173 ], [ 29.968189815000187, 0.807550988000116 ], [ 29.971659000000102, 0.814439000000164 ], [ 29.986526520000098, 0.828427118999969 ], [ 29.988333287000103, 0.833019900000124 ], [ 29.986774200000184, 0.837161042000105 ], [ 29.988603360000184, 0.838306124000155 ], [ 29.988153360000069, 0.841984118000028 ], [ 29.991127320000089, 0.8442769830001 ], [ 29.998892520000084, 0.845179135000137 ], [ 29.998967397000172, 0.845416667000052 ], [ 30.000000240000077, 0.848693128000036 ], [ 30.001100400000155, 0.849253053000041 ], [ 30.002470200000175, 0.849741072000029 ], [ 30.006042517000083, 0.852298971000039 ], [ 30.007707480000079, 0.853491140000187 ], [ 30.008785320000072, 0.854353103000165 ], [ 30.009487003000118, 0.854290714000058 ], [ 30.015646200000049, 0.853743079000139 ], [ 30.01885895200013, 0.859683507000113 ], [ 30.019233259000089, 0.860375001000136 ], [ 30.019897440000079, 0.86160200900008 ], [ 30.022423803000095, 0.861221675000024 ], [ 30.026991240000086, 0.860534064999968 ], [ 30.028114440000138, 0.862155084000108 ], [ 30.028811219000147, 0.86291674500012 ], [ 30.031725240000071, 0.866102113000068 ], [ 30.035895288000177, 0.867039944000112 ], [ 30.036358440000129, 0.867144105000136 ], [ 30.038537012000063, 0.868291603000046 ], [ 30.040386218000151, 0.869265618000099 ], [ 30.044531520000078, 0.871449031000168 ], [ 30.051101520000145, 0.872293148000097 ], [ 30.052911324000149, 0.872077989000161 ], [ 30.063425400000028, 0.870828018000054 ], [ 30.067692480000119, 0.877539138000031 ], [ 30.071239013000024, 0.880690781000112 ], [ 30.072668400000055, 0.881961011000044 ], [ 30.089608807000104, 0.887816238000028 ], [ 30.096539280000172, 0.890211662000127 ], [ 30.098958469000081, 0.891162728000154 ], [ 30.104522280000083, 0.893350051000027 ], [ 30.105995341000039, 0.893480854000131 ], [ 30.110456520000071, 0.893876990000024 ], [ 30.112991280000017, 0.891838074000077 ], [ 30.115357914000072, 0.894553959000177 ], [ 30.116466360000175, 0.895825980000154 ], [ 30.121343280000076, 0.895589001000189 ], [ 30.122128815000167, 0.895416668000053 ], [ 30.122719200000063, 0.89528714700009 ], [ 30.123163167000087, 0.895101705 ], [ 30.129432480000048, 0.892483053000035 ], [ 30.134045623000077, 0.89178786399998 ], [ 30.136526280000112, 0.891414036000185 ], [ 30.143573095000079, 0.886073094000039 ], [ 30.144590280000102, 0.885302146000186 ], [ 30.148885440000015, 0.889255999000056 ], [ 30.153318782000042, 0.899985450000088 ], [ 30.15422639999997, 0.902182038000092 ], [ 30.155850570999974, 0.902517238000087 ], [ 30.161291400000152, 0.90364012800012 ], [ 30.164461200000062, 0.906203091000179 ], [ 30.166673400000093, 0.912661130000117 ], [ 30.171667320000154, 0.9157030880001 ], [ 30.173448240000027, 0.919859103000135 ], [ 30.171751200000131, 0.928800051000053 ], [ 30.173052240000118, 0.935018009000089 ], [ 30.178198440000131, 0.944956016 ], [ 30.183378480000101, 0.949344106000183 ], [ 30.18865427999998, 0.949668121000059 ], [ 30.191374440000175, 0.951767013 ], [ 30.194059320000122, 0.95685105900003 ], [ 30.194622360000153, 0.967886107000027 ], [ 30.197328480000067, 0.971133092000173 ], [ 30.207327480000117, 0.976070058000118 ], [ 30.211172280000085, 0.979560135000099 ], [ 30.214307519999977, 0.985339016000182 ], [ 30.224483280000129, 0.994873030000122 ], [ 30.226255200000026, 0.999948000000131 ], [ 30.22271352000007, 1.010478148000061 ], [ 30.2258304, 1.017865126 ], [ 30.227813280000134, 1.019656004000069 ], [ 30.231451440000058, 1.026200142999983 ], [ 30.235155480000117, 1.042555114999971 ], [ 30.241378440000062, 1.058480037000095 ], [ 30.242716188000088, 1.07029037 ], [ 30.243713824000167, 1.079104530000109 ], [ 30.243879360000051, 1.080567053000095 ], [ 30.245882400000028, 1.085414108000123 ], [ 30.247467480000068, 1.086811027000124 ], [ 30.252945240000145, 1.087331087000166 ], [ 30.257471520000024, 1.091288120000115 ], [ 30.267062981000038, 1.111122741000145 ], [ 30.271101480000141, 1.119474097000136 ], [ 30.271100865, 1.119475549000072 ], [ 30.280751923000082, 1.125281730999973 ], [ 30.284718496000096, 1.127668061000065 ], [ 30.285859551999977, 1.129171161000102 ], [ 30.290348161000054, 1.135083943000097 ], [ 30.301037251000025, 1.139798102000157 ], [ 30.306666195000162, 1.147673996000094 ], [ 30.314390949000028, 1.151897549000012 ], [ 30.32004859500006, 1.157013839000058 ], [ 30.323475270000131, 1.156822058000103 ], [ 30.329478311000116, 1.151373428000113 ], [ 30.332671083000093, 1.151868085000103 ], [ 30.336287274000085, 1.155585007000127 ], [ 30.340178144000163, 1.176079976000096 ], [ 30.358684972, 1.197426028000052 ], [ 30.362995745000092, 1.200460452000129 ], [ 30.389153220000139, 1.190866404000133 ], [ 30.395539147000136, 1.191856043000087 ], [ 30.408276063000073, 1.197510504000093 ], [ 30.418818120000083, 1.194409035000092 ], [ 30.424762783000119, 1.194243977000099 ], [ 30.446157880000158, 1.202521008000076 ], [ 30.458244844000149, 1.20472009100007 ], [ 30.46857552400013, 1.210623773 ], [ 30.470719081000084, 1.211207528000102 ], [ 30.472795642000051, 1.21177303800016 ], [ 30.491308421000156, 1.209986494000134 ], [ 30.506021022000027, 1.208566680000104 ], [ 30.510843290000082, 1.208097682000187 ], [ 30.540628661000085, 1.246280667000121 ], [ 30.559297264000122, 1.277782656000056 ], [ 30.578740846000017, 1.310091644000067 ], [ 30.590147449000142, 1.330622867000045 ], [ 30.600011801000107, 1.348378097000023 ], [ 30.60521227300012, 1.357738628000163 ], [ 30.620824933000165, 1.390836616000058 ], [ 30.632497676000071, 1.411027607000108 ], [ 30.657957108, 1.444999594000137 ], [ 30.699956155000052, 1.493999573000167 ], [ 30.700956132000101, 1.495999571000084 ], [ 30.799953800000083, 1.572999530000061 ], [ 30.812953486000083, 1.582999523000126 ], [ 30.818947365000156, 1.58499753000018 ], [ 30.818953340000178, 1.584999521999976 ], [ 30.845952679999982, 1.608999509000057 ], [ 30.854952457000081, 1.614999505000185 ], [ 30.89895135900008, 1.649999484000034 ], [ 30.951950006, 1.692999459000077 ], [ 30.972949460000052, 1.707999449000056 ], [ 30.986941908000176, 1.718763147000118 ], [ 30.99894877700018, 1.727999437000165 ], [ 31.025948060000076, 1.749999424000123 ], [ 31.034947818999967, 1.758999418000144 ], [ 31.046947499000055, 1.776999409000098 ], [ 31.077607000000114, 1.816419811000173 ], [ 31.08194655300008, 1.82199938500014 ], [ 31.143944840000131, 1.900999342000091 ], [ 31.149944672000061, 1.908999337000068 ], [ 31.160944361000077, 1.919999330000053 ], [ 31.176508918000138, 1.934771321000085 ], [ 31.244941941000093, 2.016999272000135 ], [ 31.249126631000138, 2.024710764000133 ], [ 31.260259495000014, 2.045226257000024 ], [ 31.304940172000045, 2.11899921600002 ], [ 31.30494017400008, 2.123999215000083 ], [ 31.305220572000167, 2.128813423000167 ], [ 31.305193008, 2.131584393000082 ], [ 31.304940190000082, 2.156999203000055 ], [ 31.277300040000171, 2.175199997 ], [ 31.256709177000062, 2.188728885000103 ], [ 31.233341363000193, 2.204076917000123 ], [ 31.221418590000042, 2.211907758000109 ], [ 31.203, 2.223999904000152 ], [ 31.201999920000048, 2.226999946000035 ], [ 31.199852050000118, 2.276403239000047 ], [ 31.199324334000153, 2.288541018000046 ], [ 31.199000040000158, 2.295999917000188 ], [ 31.190000040000143, 2.295999917000188 ], [ 31.185246142000096, 2.294217248000052 ], [ 31.182000120000112, 2.293000018000043 ], [ 31.169193654000082, 2.287083024000026 ], [ 31.161999960000117, 2.284000107000111 ], [ 31.154000040000085, 2.283000073000153 ], [ 31.14, 2.285999992000143 ], [ 31.137000120000039, 2.284999959000061 ], [ 31.127000040000041, 2.269000066000046 ], [ 31.124000160000151, 2.269000066000046 ], [ 31.113118943000188, 2.276616878000027 ], [ 31.101191224000161, 2.285340736000137 ], [ 31.092000120000137, 2.293000018000043 ], [ 31.078000080000095, 2.301000032000104 ], [ 31.075999920000186, 2.303000073000135 ], [ 31.075999920000186, 2.311243736000165 ], [ 31.075999920000186, 2.312808213000039 ], [ 31.074418130000026, 2.321345911000151 ], [ 31.073000040000124, 2.328999990999989 ], [ 31.071207701000048, 2.335273234999988 ], [ 31.070634245000065, 2.337280342999975 ], [ 31.06900008000008, 2.342999939000038 ], [ 31.065670599000043, 2.349246258 ], [ 31.065624483000136, 2.349332774000061 ], [ 31.057003800000132, 2.365505591000158 ], [ 31.035441960000128, 2.38544966 ], [ 31.031602009000096, 2.38486961000018 ], [ 31.021794720000173, 2.383388151000077 ], [ 31.001044498000113, 2.397831902000121 ], [ 30.995300323000095, 2.402526901000158 ], [ 30.984382986000185, 2.408828927000059 ], [ 30.970998518000101, 2.407044331 ], [ 30.961000080000076, 2.40599992 ], [ 30.948000120000074, 2.397999976000165 ], [ 30.94400016000003, 2.393000031999975 ], [ 30.938000040000077, 2.37500000700004 ], [ 30.940047663000144, 2.359983534000037 ], [ 30.940999920000138, 2.352999996000108 ], [ 30.936999960000094, 2.339999963000139 ], [ 30.93099984000014, 2.335999983000079 ], [ 30.92399285800019, 2.337297902000103 ], [ 30.918779938000171, 2.338263502000075 ], [ 30.914561963000153, 2.339001637000138 ], [ 30.897877532000166, 2.341921369000147 ], [ 30.885999840000068, 2.343999930000052 ], [ 30.881000160000099, 2.346000090000189 ], [ 30.878905611999983, 2.349498251000171 ], [ 30.87493680100016, 2.356126645000074 ], [ 30.872115201000099, 2.361769898000091 ], [ 30.858000120000099, 2.389999984000099 ], [ 30.834000000000117, 2.4260001130001 ], [ 30.803000040000029, 2.430000008000036 ], [ 30.794633822000037, 2.433637480000073 ], [ 30.793030336000072, 2.434334643999989 ], [ 30.792889011, 2.434396089000018 ], [ 30.782688012000051, 2.438831272000073 ], [ 30.77499996, 2.441000061000068 ], [ 30.768999840000049, 2.439999962000172 ], [ 30.760999920000188, 2.437000020000085 ], [ 30.755000160000066, 2.437000020000085 ], [ 30.753000000000156, 2.439000042000032 ], [ 30.747999960000186, 2.453000114000019 ], [ 30.746999880000033, 2.460999908000076 ], [ 30.746315762000052, 2.466474464000044 ], [ 30.746000160000051, 2.469000013000027 ], [ 30.746999880000033, 2.480999990000043 ], [ 30.751905430000193, 2.488767022000161 ], [ 30.75839308500008, 2.499038955000174 ], [ 30.75900012000011, 2.500000073000137 ], [ 30.760999920000188, 2.511999945000184 ], [ 30.759685384000136, 2.534786404000045 ], [ 30.75917240400014, 2.543678407000073 ], [ 30.759113478000074, 2.544699827000045 ], [ 30.758253315000047, 2.559609755 ], [ 30.755110573000081, 2.576409707000039 ], [ 30.755000160000066, 2.576999931000046 ], [ 30.755000160000066, 2.587999991000174 ], [ 30.755576413000085, 2.589440743000182 ], [ 30.756999959999973, 2.592999905000113 ], [ 30.773000160000095, 2.609000034000189 ], [ 30.791129167000065, 2.659359192000124 ], [ 30.791259977000038, 2.65985564500005 ], [ 30.791193599000053, 2.659871109999983 ], [ 30.79134332700005, 2.659954080000091 ], [ 30.800476084000081, 2.685322455000062 ], [ 30.800476440000125, 2.685323445000165 ], [ 30.804000120000183, 2.696999994 ], [ 30.816, 2.722000008000123 ], [ 30.817000080000071, 2.72699991200011 ], [ 30.82899996000009, 2.755999946000088 ], [ 30.839000040000087, 2.76800001800018 ], [ 30.848000040000102, 2.772999906000166 ], [ 30.861000000000161, 2.790999977000126 ], [ 30.870000000000175, 2.800999895000075 ], [ 30.870000000000175, 2.801999881000029 ], [ 30.87900000000019, 2.822999949000121 ], [ 30.881000160000099, 2.832999950000044 ], [ 30.88655903200015, 2.85559420800007 ], [ 30.88976190000011, 2.868612192000171 ], [ 30.89043684, 2.871355451 ], [ 30.888881640000136, 2.882821509000166 ], [ 30.867824657000028, 2.907537883999964 ], [ 30.866379218000077, 2.909224232000099 ], [ 30.863999880000051, 2.912000124999963 ], [ 30.861000000000161, 2.91999993200011 ], [ 30.852807075000044, 2.943759419000173 ], [ 30.845999880000193, 2.96199995000012 ], [ 30.827999880000164, 2.978000039000165 ], [ 30.816, 2.996000061000188 ], [ 30.812000040000044, 3.00000002500002 ], [ 30.804999840000107, 3.001000014000056 ], [ 30.795999840000093, 3.006999927000095 ], [ 30.787999920000061, 3.009999870000058 ], [ 30.783979992000184, 3.013816036000151 ], [ 30.78079890600003, 3.016360935000137 ], [ 30.780680491000112, 3.016404616000102 ], [ 30.78, 3.017000067000083 ], [ 30.774675388000162, 3.024260751000099 ], [ 30.770251864000102, 3.030292669000175 ], [ 30.770242383000095, 3.030284927000082 ], [ 30.770244414, 3.030302827000128 ], [ 30.768999840000049, 3.031999922000125 ], [ 30.763000080000154, 3.048000052000077 ], [ 30.765999959999988, 3.05399988 ], [ 30.771230629000172, 3.059230567000156 ], [ 30.771620154000175, 3.059620092000159 ], [ 30.771837050000158, 3.059836989000075 ], [ 30.777000120000139, 3.065000049000048 ], [ 30.778999920000047, 3.068000008000183 ], [ 30.786887323000087, 3.09993985400007 ], [ 30.795840013000145, 3.13619237000006 ], [ 30.801273824000191, 3.158195113000033 ], [ 30.803126558000031, 3.165697151000131 ], [ 30.804650068000115, 3.171566110000128 ], [ 30.810056880000047, 3.190092944000071 ], [ 30.815463691000048, 3.20861944000012 ], [ 30.817591053000172, 3.215908772000034 ], [ 30.822911373000011, 3.234138440000038 ], [ 30.82899996000009, 3.255000105000136 ], [ 30.832999920000134, 3.264000088000046 ], [ 30.840602366000155, 3.271602472000097 ], [ 30.843000000000131, 3.274000074000014 ], [ 30.845092493000152, 3.274443906000158 ], [ 30.845204952000131, 3.274543135000101 ], [ 30.845280013000036, 3.27448368000006 ], [ 30.863737814, 3.278398695000078 ], [ 30.870739440000079, 3.279883779000045 ], [ 30.885000120000143, 3.31099994900012 ], [ 30.886999920000051, 3.315999985000133 ], [ 30.886999920000051, 3.31836434700017 ], [ 30.886999920000051, 3.319795418000183 ], [ 30.886999920000051, 3.329999915000144 ], [ 30.890000160000113, 3.339999947000081 ], [ 30.891361122000092, 3.341687360000037 ], [ 30.902919533000158, 3.356018139000128 ], [ 30.902937770000165, 3.356040750000147 ], [ 30.902983304000031, 3.356096997000066 ], [ 30.911000040000033, 3.366000014000122 ], [ 30.913165197000012, 3.371196355999984 ], [ 30.91491931000013, 3.375406179000038 ], [ 30.914928736000036, 3.375428801000169 ], [ 30.91600008, 3.37799998800017 ], [ 30.921438069000089, 3.384525710000105 ], [ 30.92168021100008, 3.384816284000181 ], [ 30.93295914700019, 3.398351142000081 ], [ 30.935999880000168, 3.402000024000188 ], [ 30.935796092000146, 3.407604902000116 ], [ 30.935586411000145, 3.413371837000057 ], [ 30.934645345000092, 3.438901995000151 ], [ 30.934268476000057, 3.449125857000183 ], [ 30.933721616000128, 3.463961155 ], [ 30.933000000000106, 3.481999945000041 ], [ 30.929000040000062, 3.495999948000133 ], [ 30.922999920000109, 3.498000006999973 ], [ 30.913999920000094, 3.503999982000039 ], [ 30.908999880000124, 3.505000004000181 ], [ 30.897, 3.501999935000185 ], [ 30.87399996, 3.484999899000115 ], [ 30.867999840000039, 3.481000078000022 ], [ 30.862000080000143, 3.481000078000022 ], [ 30.854000160000055, 3.485999941000102 ], [ 30.846999960000119, 3.496999978000133 ], [ 30.846263531000034, 3.505100126000116 ], [ 30.845999880000193, 3.508000063000168 ], [ 30.84999984000018, 3.524000035000086 ], [ 30.854246408, 3.533767095000144 ], [ 30.859999920000178, 3.546999944000163 ], [ 30.862000080000143, 3.553999926000074 ], [ 30.862000080000143, 3.554269745000113 ], [ 30.862000080000143, 3.56299995300003 ], [ 30.859999920000178, 3.566000003000056 ], [ 30.857000040000116, 3.569000041000152 ], [ 30.813999840000122, 3.579999979999968 ], [ 30.807, 3.582999973000142 ], [ 30.799000080000042, 3.590000038000142 ], [ 30.791000160000124, 3.602999909000118 ], [ 30.786000120000153, 3.620999975000132 ], [ 30.786000120000153, 3.647000069000057 ], [ 30.78600011900005, 3.647999934000097 ], [ 30.783999960000017, 3.656999917000178 ], [ 30.777999840000064, 3.669000052000172 ], [ 30.771000000000186, 3.674999968000122 ], [ 30.760999919000085, 3.671999924000033 ], [ 30.755000160000066, 3.665999988000124 ], [ 30.749532123, 3.648988422000173 ], [ 30.746925941000029, 3.640880235000111 ], [ 30.746000160000051, 3.637999985000022 ], [ 30.744886898000175, 3.636218803000077 ], [ 30.741000120000081, 3.630000053000174 ], [ 30.737800840000034, 3.626800820000028 ], [ 30.735000000000127, 3.624000011000021 ], [ 30.728000160000022, 3.622000048000189 ], [ 30.71900016, 3.620999975000132 ], [ 30.706964090000156, 3.624678647000053 ], [ 30.696999840000103, 3.627999923000061 ], [ 30.687000120000164, 3.633999938000102 ], [ 30.674000160000162, 3.636999930000115 ], [ 30.666999960000055, 3.636000053000089 ], [ 30.643999920000169, 3.622000048000189 ], [ 30.641999553000119, 3.620499738000035 ], [ 30.63494236400004, 3.615206704000116 ], [ 30.633298841, 3.613974024000129 ], [ 30.623000040000079, 3.607000096000036 ], [ 30.602662161000183, 3.598714329000074 ], [ 30.601417628000149, 3.598275042000068 ], [ 30.5985382020001, 3.596967919000178 ], [ 30.598314112000025, 3.596866193000096 ], [ 30.598442406000174, 3.596995167000102 ], [ 30.596000040000035, 3.596000126000092 ], [ 30.593418972, 3.594709447000184 ], [ 30.593312492000109, 3.594595697000159 ], [ 30.592000080000048, 3.593999923000069 ], [ 30.573000001000139, 3.592000072000076 ], [ 30.570044293000024, 3.592591164000112 ], [ 30.562999920000038, 3.593999921000091 ], [ 30.558999960000051, 3.596000126000092 ], [ 30.557818142000144, 3.595928258000015 ], [ 30.540992400000107, 3.594905051000183 ], [ 30.559779882999976, 3.617449971000042 ], [ 30.565468440000188, 3.624276110000039 ], [ 30.564853200000073, 3.638994103000016 ], [ 30.569307480000077, 3.651235139000164 ], [ 30.569382592000068, 3.655236198000182 ], [ 30.569454360000123, 3.659059155000023 ], [ 30.565439280000078, 3.670289105000165 ], [ 30.563352360000067, 3.67256702100002 ], [ 30.573616320000042, 3.688719460000186 ], [ 30.579865199999972, 3.701538212000173 ], [ 30.578600474000154, 3.711146498000062 ], [ 30.57419575800003, 3.744608853000045 ], [ 30.574195563000103, 3.744609578000166 ], [ 30.571505948000038, 3.765042153000138 ], [ 30.567120029000137, 3.782358227000032 ], [ 30.562345199000163, 3.801209765000181 ], [ 30.558400005000067, 3.816786019000062 ], [ 30.555716400000108, 3.82738079000012 ], [ 30.526117200000158, 3.848592871000108 ], [ 30.516202440000143, 3.845537508000177 ], [ 30.498856920000037, 3.841321733000143 ], [ 30.484106979999979, 3.83355028200009 ], [ 30.471562440000184, 3.826940755000066 ], [ 30.453019920000031, 3.831149588000017 ], [ 30.449411056000031, 3.834686020000049 ], [ 30.44562948000015, 3.838391682000065 ], [ 30.430316160000189, 3.87098365900016 ], [ 30.425366520000068, 3.871071949000168 ], [ 30.415464, 3.870601906000104 ], [ 30.403866240000184, 3.86620158400018 ], [ 30.379074480000043, 3.895165675999976 ], [ 30.374137080000082, 3.897838937000131 ], [ 30.351931560000082, 3.912454246000152 ], [ 30.34307929300013, 3.916175634000012 ], [ 30.340760819000138, 3.917150290000052 ], [ 30.335876280000036, 3.919203682000102 ], [ 30.319743370000083, 3.932421355000145 ], [ 30.304928698000026, 3.933219153000039 ], [ 30.304920358000061, 3.933232125000075 ], [ 30.304907324000055, 3.93322023900015 ], [ 30.303169286000127, 3.933313819000091 ], [ 30.291403320000029, 3.935507686000165 ], [ 30.285890640000105, 3.947239587000126 ], [ 30.26613492000007, 3.956639874000132 ], [ 30.264187645000163, 3.956442178000145 ], [ 30.26416542000004, 3.956469344000084 ], [ 30.259944720000192, 3.956103894000023 ], [ 30.259909998000182, 3.956007891000183 ], [ 30.259761770000182, 3.955992843 ], [ 30.253739448000147, 3.952336528000103 ], [ 30.252387225000064, 3.951212436000162 ], [ 30.252343799000073, 3.951244302000134 ], [ 30.24566496000017, 3.946017121000068 ], [ 30.238244775, 3.939533547999986 ], [ 30.238201234000087, 3.939419644000168 ], [ 30.236415198000088, 3.937934902000052 ], [ 30.228267240000037, 3.930815346000031 ], [ 30.214018080000187, 3.92719120300012 ], [ 30.202262640000129, 3.927400676000104 ], [ 30.201696720000029, 3.938398199000119 ], [ 30.206613209000125, 3.958452646000069 ], [ 30.207363555000029, 3.961576910000076 ], [ 30.19752324000018, 3.971434291999969 ], [ 30.196491336000065, 3.981610705000094 ], [ 30.195750600000054, 3.988915609000173 ], [ 30.195320265000078, 3.99128756600004 ], [ 30.195319844000153, 3.991289887000164 ], [ 30.192075701000192, 4.009171015000106 ], [ 30.192075029000137, 4.009174721000079 ], [ 30.190927680000186, 4.015498606999984 ], [ 30.186408600000163, 4.018110528000022 ], [ 30.180890108000085, 4.023289355000145 ], [ 30.173363939000069, 4.030352272000016 ], [ 30.173758072999988, 4.039922028000092 ], [ 30.174414073000094, 4.055859778000013 ], [ 30.180156823000118, 4.092268653000076 ], [ 30.16909119800016, 4.107328028000097 ], [ 30.168470880000143, 4.107016107000106 ], [ 30.160323164000147, 4.106765448999965 ], [ 30.157066218000125, 4.106705212000065 ], [ 30.155165698000076, 4.106606778000071 ], [ 30.153214428000126, 4.1070209720001 ], [ 30.134878764000177, 4.110420087000023 ], [ 30.128582880000124, 4.11160351500007 ], [ 30.112698229000046, 4.116486872999985 ], [ 30.10912260900011, 4.117609546000097 ], [ 30.108502448000081, 4.117776778000064 ], [ 30.097864337000146, 4.124394630000154 ], [ 30.093249281, 4.127265597000132 ], [ 30.092441096000016, 4.127761964000058 ], [ 30.082271675000186, 4.131046270000184 ], [ 30.057248519999973, 4.139366839000047 ], [ 30.056756581000059, 4.139887192 ], [ 30.056713607000063, 4.139881419000176 ], [ 30.046220182000184, 4.149975884000071 ], [ 30.039042591000054, 4.156880507000153 ], [ 30.039043049000099, 4.156912742000088 ], [ 30.038770823000164, 4.157141903000081 ], [ 30.029968073000077, 4.192512902999965 ], [ 30.029504812000027, 4.193188995000128 ], [ 30.029471681000075, 4.193179993000115 ], [ 30.02650712000019, 4.197164221999969 ], [ 30.019861422000076, 4.206095651000112 ], [ 30.019407296000168, 4.206705964999969 ], [ 30.017057040000054, 4.209864544000084 ], [ 30.009848170000112, 4.21352991100008 ], [ 30.007180800000185, 4.214886137 ], [ 29.999393823000105, 4.216545403000168 ], [ 29.979055698000138, 4.220878528000128 ], [ 29.96983219800012, 4.232995653000046 ], [ 29.969631837000122, 4.235013836000121 ], [ 29.969605549000107, 4.235029442000041 ], [ 29.968668787000013, 4.243433792000133 ], [ 29.967385763000095, 4.254944549000129 ], [ 29.967395584000087, 4.255108933000088 ], [ 29.967162448000181, 4.25694777800004 ], [ 29.978400948000115, 4.278067278000094 ], [ 29.978914198000155, 4.298098528000139 ], [ 29.978889933000175, 4.298321904000147 ], [ 29.978919975000167, 4.298324898000033 ], [ 29.979162, 4.307771182000067 ], [ 29.976975139000047, 4.309421242000155 ], [ 29.959432823000043, 4.322657653000135 ], [ 29.948353198000177, 4.334805778000089 ], [ 29.928987947000053, 4.346233903000041 ], [ 29.914730947000123, 4.355752903000166 ], [ 29.897725697000169, 4.357993653000108 ], [ 29.886262822, 4.355399903000091 ], [ 29.873170572000163, 4.353139528000042 ], [ 29.864592322000021, 4.351800903000026 ], [ 29.84856019700004, 4.363390653000124 ], [ 29.843952072000036, 4.370255402999987 ], [ 29.843285413000046, 4.370606878000046 ], [ 29.843268425000076, 4.370658027000104 ], [ 29.833771320000039, 4.376250303000063 ], [ 29.831294885000034, 4.377034590000051 ], [ 29.831008200000042, 4.377125383000021 ], [ 29.830963817000168, 4.377103021000096 ], [ 29.83079119700011, 4.377194028000076 ], [ 29.822534322000024, 4.37606002800004 ], [ 29.816122322000069, 4.379755028000091 ], [ 29.815967730000068, 4.379885239000089 ], [ 29.815964892000011, 4.379963764000081 ], [ 29.810264760000052, 4.387522172000047 ], [ 29.810035558000095, 4.392696738000097 ], [ 29.809475324000061, 4.405344693000018 ], [ 29.809399816000052, 4.405638060000058 ], [ 29.809412949000148, 4.407565454 ], [ 29.809375116000126, 4.407607006000092 ], [ 29.809040311000047, 4.415165488000184 ], [ 29.808979121000164, 4.416546902999983 ], [ 29.808974743000135, 4.417465057000129 ], [ 29.809024890000103, 4.419213615000047 ], [ 29.809238488, 4.426661458000126 ], [ 29.809918338000159, 4.450366311000096 ], [ 29.810012040000061, 4.453633407999973 ], [ 29.812642156000095, 4.476171508000164 ], [ 29.813219676000074, 4.481120326000166 ], [ 29.813506500000187, 4.484410634000085 ], [ 29.813609368000186, 4.484459610000044 ], [ 29.814550163000149, 4.492521244000045 ], [ 29.815204320000191, 4.498126635000119 ], [ 29.815183322000053, 4.503646028000048 ], [ 29.815140197000119, 4.51495302800015 ], [ 29.816217547000065, 4.516870879000123 ], [ 29.816332069000111, 4.516832316000034 ], [ 29.826985320000063, 4.533630264000067 ], [ 29.832573522000075, 4.547908752000012 ], [ 29.83891315700015, 4.564106890000176 ], [ 29.838905330000102, 4.564318332000084 ], [ 29.840793572, 4.568911153000045 ], [ 29.83541794700011, 4.572582153000042 ], [ 29.834809693000068, 4.572848548000138 ], [ 29.83475950899998, 4.573031658 ], [ 29.833692480000082, 4.57375998700013 ], [ 29.823916899000096, 4.577666106000152 ], [ 29.823770621000108, 4.577683267000054 ], [ 29.82269344700012, 4.578155028000083 ], [ 29.810556447000067, 4.588307028000031 ], [ 29.798815105000074, 4.595261066000035 ], [ 29.792230200000176, 4.599161115000072 ], [ 29.789680432000068, 4.60239381800011 ], [ 29.771893822000095, 4.605513153000174 ], [ 29.756406947000073, 4.604248278000057 ], [ 29.733165447000147, 4.60535540300009 ], [ 29.693116447000079, 4.63883977800009 ], [ 29.650113697000052, 4.665701903000013 ], [ 29.593496822000077, 4.669076028000063 ], [ 29.581552822000049, 4.676236903000017 ], [ 29.556528197000091, 4.676135153000132 ], [ 29.537452447000021, 4.678460528000073 ], [ 29.520143947, 4.686200403000043 ], [ 29.494528197000136, 4.684894528000086 ], [ 29.475528447000158, 4.667393653000033 ], [ 29.468488697000168, 4.638525528000059 ], [ 29.474545947000024, 4.610726278000129 ], [ 29.475159822000137, 4.607909278000136 ], [ 29.472367909000127, 4.602959794000014 ], [ 29.472426410000082, 4.60278396800004 ], [ 29.463919560000193, 4.586832988000083 ], [ 29.455572082000174, 4.573171711000157 ], [ 29.455563621000067, 4.573168536000139 ], [ 29.455485072000101, 4.573029277999979 ], [ 29.426213142000165, 4.526856341000155 ], [ 29.426064674000145, 4.526894817000141 ], [ 29.412982080000177, 4.507304731000147 ], [ 29.410240635000093, 4.504657120000047 ], [ 29.405699602000027, 4.500271498000075 ], [ 29.396039760000122, 4.490942161000078 ], [ 29.39153452700009, 4.486591029000124 ], [ 29.390818833000026, 4.485899813000117 ], [ 29.389236480000136, 4.484371578000093 ], [ 29.375101216000132, 4.469180057000131 ], [ 29.369015636000029, 4.462639636000176 ], [ 29.359186153000053, 4.450772359000155 ], [ 29.349655743000028, 4.439191392 ], [ 29.344151520000139, 4.432502800000123 ], [ 29.337959444000091, 4.423162789000116 ], [ 29.326971572000105, 4.406588778000014 ], [ 29.310343572000079, 4.39209627800011 ], [ 29.309341407000034, 4.392050474000087 ], [ 29.309313333000034, 4.392092005000052 ], [ 29.300214600000061, 4.39205487900017 ], [ 29.285550082000157, 4.395174292999968 ], [ 29.282494707000069, 4.395721829000024 ], [ 29.280514290000042, 4.396076727000036 ], [ 29.279986404000056, 4.396171326000172 ], [ 29.276405948000104, 4.396812958000112 ], [ 29.275608774999966, 4.396955815000126 ], [ 29.275385125000128, 4.396995893000053 ], [ 29.273382, 4.39735486100011 ], [ 29.262106385000095, 4.383842410000057 ], [ 29.258748119000074, 4.379817889000037 ], [ 29.25873307400019, 4.3797240130001 ], [ 29.256774447, 4.377452653000091 ], [ 29.253843696999979, 4.364818403000129 ], [ 29.252734826000165, 4.364452125000184 ], [ 29.252733328000033, 4.364405906000172 ], [ 29.245328334000192, 4.361655548000158 ], [ 29.240754120000076, 4.359956592000117 ], [ 29.234057952000114, 4.358085067000047 ], [ 29.233348319000072, 4.357886730000075 ], [ 29.214565200000038, 4.352636973000131 ], [ 29.205193282000153, 4.354778556000099 ], [ 29.19955965500003, 4.356065896000075 ], [ 29.199322668000036, 4.356096592000085 ], [ 29.199060002000181, 4.356180073000189 ], [ 29.198214241000073, 4.356906189000028 ], [ 29.198179311000047, 4.356890763000024 ], [ 29.185347963000083, 4.367245223000168 ], [ 29.180532240000161, 4.371131310000123 ], [ 29.175763547000031, 4.375999442000023 ], [ 29.174647223000079, 4.377139040000145 ], [ 29.174646625000037, 4.377139651000107 ], [ 29.173520197000073, 4.378289528000153 ], [ 29.161014197000043, 4.391056028000037 ], [ 29.150623822000171, 4.401662903000044 ], [ 29.145322821999969, 4.414006902999972 ], [ 29.145272117000161, 4.41411839400007 ], [ 29.145273918000044, 4.414121046000105 ], [ 29.142230900000129, 4.421207164000066 ], [ 29.141504748999978, 4.422864551000146 ], [ 29.140326746000142, 4.42521790700016 ], [ 29.139495088000103, 4.426879347000124 ], [ 29.139459714000168, 4.426898726000047 ], [ 29.139204322000182, 4.427460278000126 ], [ 29.130146072000116, 4.429325528000106 ], [ 29.124893197000119, 4.430407028000047 ], [ 29.116480447000185, 4.428485528000067 ], [ 29.108819572000016, 4.426735528000052 ], [ 29.100942697000107, 4.42637240300013 ], [ 29.100800457000105, 4.426383260000023 ], [ 29.100781749000134, 4.426364884000122 ], [ 29.094522120000136, 4.426076241000146 ], [ 29.09343627700008, 4.426945335000084 ], [ 29.091940977000149, 4.428142150999975 ], [ 29.091691358, 4.428341942000088 ], [ 29.088545400000157, 4.430859914000052 ], [ 29.091620970000065, 4.43949544100002 ], [ 29.09186371800007, 4.440177022 ], [ 29.093075704000171, 4.443579982000017 ], [ 29.093073864000189, 4.443655313000136 ], [ 29.093261447000145, 4.444101278000176 ], [ 29.093836697000143, 4.449512653 ], [ 29.088453572000162, 4.454899653000041 ], [ 29.079516197000089, 4.454863278000118 ], [ 29.068782197000132, 4.457223528000043 ], [ 29.061022697000112, 4.460797903000127 ], [ 29.054452697000045, 4.46497790300009 ], [ 29.047272822000082, 4.472761403 ], [ 29.046494261000078, 4.473762901999976 ], [ 29.046441290000018, 4.473744763000184 ], [ 29.040364744000158, 4.481001012000092 ], [ 29.03548349600004, 4.487836908000077 ], [ 29.03541985600009, 4.488008279000155 ], [ 29.034698322000111, 4.488936403000025 ], [ 29.028137447000177, 4.490712403000089 ], [ 29.024080160000096, 4.489367859000026 ], [ 29.024049188000049, 4.489276449999977 ], [ 29.006667400000026, 4.483196585000087 ], [ 29.000170799999978, 4.480983082000023 ], [ 28.99874789200004, 4.481284562999974 ], [ 28.994899512000131, 4.482099944000026 ], [ 28.991822072000048, 4.482752028 ], [ 28.988411197000175, 4.482399528000144 ], [ 28.966764072000103, 4.480162778000022 ], [ 28.96646875, 4.480146382000044 ], [ 28.966456448000031, 4.480131059000144 ], [ 28.955490840000095, 4.478998022000098 ], [ 28.94621924400019, 4.478960277000056 ], [ 28.94612894200003, 4.479017126999963 ], [ 28.945017197000141, 4.478955403000043 ], [ 28.942873887000076, 4.479048578000175 ], [ 28.942819123000163, 4.478946435000182 ], [ 28.936685199000124, 4.478984041000103 ], [ 28.931191365000132, 4.479330977000188 ], [ 28.927555669000071, 4.479560570999979 ], [ 28.926027229000056, 4.479657092000082 ], [ 28.923184540000136, 4.479836608000028 ], [ 28.920469510000032, 4.480008061999968 ], [ 28.920448850000128, 4.480023444000039 ], [ 28.919736697000076, 4.480054403000167 ], [ 28.883932197000036, 4.494331653000017 ], [ 28.86368794700013, 4.490643278000107 ], [ 28.83032632100003, 4.489305403000174 ], [ 28.818377571000099, 4.49767002800013 ], [ 28.818640821000031, 4.506835778000152 ], [ 28.826395196000135, 4.515090153000017 ], [ 28.822731571000133, 4.523379028000079 ], [ 28.822969446000172, 4.534887028000128 ], [ 28.821138446000191, 4.540643028000147 ], [ 28.818292001000145, 4.543961400000114 ], [ 28.81540836, 4.547323110999969 ], [ 28.81340542800001, 4.55160342 ], [ 28.812170950000052, 4.554241514000182 ], [ 28.811404938000067, 4.555878485000164 ], [ 28.810365161000107, 4.55810048900014 ], [ 28.809913320000078, 4.559066069000096 ], [ 28.80703252800015, 4.563145217000113 ], [ 28.806895769000107, 4.563338864000059 ], [ 28.805634867000038, 4.565124270000183 ], [ 28.805115261000026, 4.565860017000034 ], [ 28.805023505000065, 4.565989942000044 ], [ 28.80500785400011, 4.565989735000073 ], [ 28.804872196000076, 4.566204153000058 ], [ 28.799141446000192, 4.566669028000092 ], [ 28.786987446000182, 4.571282028000041 ], [ 28.78667602600018, 4.571027140000069 ], [ 28.786668562000102, 4.571036689000039 ], [ 28.776419280000084, 4.563150718000145 ], [ 28.770866439000088, 4.557984412000053 ], [ 28.76928407600019, 4.556512156999986 ], [ 28.761310445999982, 4.549093403000086 ], [ 28.761302803000149, 4.549088970000184 ], [ 28.761301230000129, 4.549084951999987 ], [ 28.758904200000018, 4.546854740000015 ], [ 28.757176568000091, 4.546692777000032 ], [ 28.757170194000082, 4.546692180000093 ], [ 28.754096396000136, 4.546404016000054 ], [ 28.751671496000029, 4.546176685000148 ], [ 28.750759348000088, 4.546091173000036 ], [ 28.750743438000029, 4.546089681000069 ], [ 28.750034308000124, 4.546023201000082 ], [ 28.74995197800007, 4.546015483000133 ], [ 28.749951027000066, 4.546015063000084 ], [ 28.744755199000053, 4.545507324000084 ], [ 28.739045880000106, 4.544811959000015 ], [ 28.735432522000053, 4.544371871000067 ], [ 28.731030976000056, 4.543835785999988 ], [ 28.73098768300008, 4.543809148000094 ], [ 28.7276364, 4.543422344000078 ], [ 28.719015120000051, 4.538579770000126 ], [ 28.715423246000057, 4.531844013000182 ], [ 28.713616578000142, 4.528455987000143 ], [ 28.713621170000181, 4.528391990000102 ], [ 28.713395196000135, 4.528040778000161 ], [ 28.704267696000045, 4.499759153000014 ], [ 28.704325321000113, 4.484735528000158 ], [ 28.702587196000081, 4.471807403000128 ], [ 28.694684196000082, 4.458595528000046 ], [ 28.694197883000072, 4.457913358000098 ], [ 28.694190061000143, 4.457769598000084 ], [ 28.690521903000047, 4.451637373000153 ], [ 28.681201731000158, 4.439458907000017 ], [ 28.680923107000183, 4.439292079000097 ], [ 28.67918544600002, 4.436854528000083 ], [ 28.661439571000187, 4.426180528000145 ], [ 28.661247449000086, 4.426133553000057 ], [ 28.661204143000077, 4.426039029000037 ], [ 28.659567960000118, 4.425054886000055 ], [ 28.650163101000089, 4.423208190000025 ], [ 28.644162377999976, 4.422029913000188 ], [ 28.643993947000183, 4.42199684000002 ], [ 28.640813400000184, 4.421372320000046 ], [ 28.6382282510001, 4.421138195000083 ], [ 28.637331950000089, 4.421134071000097 ], [ 28.634322571000041, 4.420703403 ], [ 28.627920474000121, 4.420043619000126 ], [ 28.627769708000073, 4.420191011000099 ], [ 28.619966520000162, 4.419484310000144 ], [ 28.617819552000128, 4.419002642000066 ], [ 28.617810509000037, 4.41900061299998 ], [ 28.61564678700006, 4.418515186000036 ], [ 28.61559859100015, 4.418466993000095 ], [ 28.611598611000147, 4.417502007000166 ], [ 28.611482918000036, 4.417581028000029 ], [ 28.603595160000054, 4.415811419000079 ], [ 28.603438794000056, 4.415533465000181 ], [ 28.603100196000128, 4.41545177800009 ], [ 28.593196946000148, 4.408256153000082 ], [ 28.592546957000138, 4.40408542300014 ], [ 28.592671091000113, 4.403946026000028 ], [ 28.590886080000075, 4.389314125000055 ], [ 28.590082446000054, 4.388271403000147 ], [ 28.582288946, 4.378159653000125 ], [ 28.571734946000049, 4.37703790300003 ], [ 28.571730792000039, 4.377037566000126 ], [ 28.558763280000051, 4.375659444000121 ], [ 28.552908327000068, 4.375541826000187 ], [ 28.550915951000093, 4.375501802000031 ], [ 28.547126792000029, 4.37542568300006 ], [ 28.546998183000142, 4.375423100000091 ], [ 28.54617805100014, 4.375406624000163 ], [ 28.541162534000023, 4.375305869000101 ], [ 28.539995760000068, 4.37528243100013 ], [ 28.539573844000188, 4.37518604600001 ], [ 28.53759610700007, 4.374734187000058 ], [ 28.523922446000142, 4.371610653000062 ], [ 28.51174732100003, 4.361342778000051 ], [ 28.509888164000131, 4.357025375000148 ], [ 28.509850491000122, 4.357052993000082 ], [ 28.503586244000076, 4.34288537599997 ], [ 28.501768400000117, 4.338675842000043 ], [ 28.497030432000145, 4.327077776000181 ], [ 28.49700928599998, 4.326944690000175 ], [ 28.496964208000179, 4.326915665000172 ], [ 28.495815429000061, 4.324103541 ], [ 28.495732318000023, 4.323822555000049 ], [ 28.494916571000147, 4.321903153000051 ], [ 28.493532366000068, 4.319759854000097 ], [ 28.493549286000075, 4.319733538000037 ], [ 28.493520487000069, 4.319727412000077 ], [ 28.490275834000101, 4.314703411000096 ], [ 28.48811279, 4.311354148000021 ], [ 28.483079310000107, 4.306039056000088 ], [ 28.481363246000058, 4.304226972000095 ], [ 28.481271293000191, 4.30419613600003 ], [ 28.480397985000025, 4.303207739000015 ], [ 28.464923736000173, 4.298636113000157 ], [ 28.456977517000041, 4.290935556000079 ], [ 28.456947483000022, 4.290952001000107 ], [ 28.453644589000135, 4.287770037000087 ], [ 28.445650731000057, 4.285757343000171 ], [ 28.445552793000104, 4.285682446000123 ], [ 28.440005361000146, 4.284335862999967 ], [ 28.440004917000124, 4.284335837000128 ], [ 28.437870109000016, 4.283798333000107 ], [ 28.417506759000048, 4.282948814000065 ], [ 28.416795315000172, 4.28291913400011 ], [ 28.414490269000055, 4.28282297100003 ], [ 28.392630172000111, 4.295355651000136 ], [ 28.385376701999974, 4.299514148000014 ], [ 28.384507311999982, 4.300425040999983 ], [ 28.384437277000188, 4.300412158000086 ], [ 28.37048841100011, 4.313746404000085 ], [ 28.367640229000187, 4.316469060000088 ], [ 28.361309235000192, 4.324730112999987 ], [ 28.361080235000088, 4.333476989000019 ], [ 28.359018235000178, 4.336239988000102 ], [ 28.35353902900016, 4.337659962000032 ], [ 28.351912189000188, 4.338082103000033 ], [ 28.348625171000037, 4.338244952000082 ], [ 28.347093493000102, 4.338320840000165 ], [ 28.337925110000128, 4.338774988000068 ], [ 28.331505235000179, 4.336015113000087 ], [ 28.327294110000139, 4.336207989000059 ], [ 28.321417360000112, 4.336477113000115 ], [ 28.316601110000022, 4.332333989000119 ], [ 28.309036235000178, 4.33164498800005 ], [ 28.301241110000149, 4.33348711300016 ], [ 28.296099235000042, 4.333189988000186 ], [ 28.296098113000141, 4.333189853000079 ], [ 28.289318269000148, 4.332798049000189 ], [ 28.278426473000081, 4.329354249000176 ], [ 28.272581150000065, 4.327506051000171 ], [ 28.265246149000063, 4.328888046000031 ], [ 28.255386110000188, 4.327968094000141 ], [ 28.254559460000166, 4.328047713000046 ], [ 28.238648986000044, 4.329580115 ], [ 28.231313985000043, 4.333953864000136 ], [ 28.231313156000056, 4.333954188000178 ], [ 28.218931070000167, 4.337407108000036 ], [ 28.202237433000107, 4.345174939000174 ], [ 28.202175773000135, 4.345355012000027 ], [ 28.200131235000129, 4.34615498900007 ], [ 28.198418164000032, 4.348205237000059 ], [ 28.198468454000079, 4.348271536000141 ], [ 28.183834381000111, 4.366899591000163 ], [ 28.17018984800012, 4.382217788000105 ], [ 28.169790539000076, 4.382466694000072 ], [ 28.167271110000058, 4.385481864000155 ], [ 28.156509610000114, 4.395054488000142 ], [ 28.145778485000164, 4.422270364000099 ], [ 28.139975235000122, 4.434053739000092 ], [ 28.131386235000036, 4.439863989000173 ], [ 28.130876543000113, 4.440074887000037 ], [ 28.130927746000168, 4.440174255000045 ], [ 28.129819549000047, 4.440923933000079 ], [ 28.125424790000125, 4.442499762000182 ], [ 28.125117019000186, 4.442458024000132 ], [ 28.122361360000184, 4.443598239000039 ], [ 28.114621485000043, 4.442063989000076 ], [ 28.102724485000124, 4.436907114000178 ], [ 28.093054221000102, 4.435840460000065 ], [ 28.085750509000093, 4.435034891999976 ], [ 28.080193140000063, 4.43687843500004 ], [ 28.080192776000047, 4.436878556000124 ], [ 28.076801629000045, 4.438003497000068 ], [ 28.070068742000103, 4.444543153000041 ], [ 28.068122489000132, 4.446433538000065 ], [ 28.066634869000154, 4.447878452000054 ], [ 28.051049996000188, 4.45862360600006 ], [ 28.047866777000138, 4.460818290000077 ], [ 28.04755024200017, 4.460912657 ], [ 28.038920985000175, 4.466985988999966 ], [ 28.033873110000059, 4.476882114000148 ], [ 28.032834110000067, 4.482856114000072 ], [ 28.032398751000187, 4.486367091999966 ], [ 28.032458826000095, 4.486449403000108 ], [ 28.03251119000015, 4.487386992000154 ], [ 28.029298823000033, 4.51212567000016 ], [ 28.029170488000148, 4.512401064000017 ], [ 28.027210110000112, 4.528209864000132 ], [ 28.028354985000078, 4.534654989000046 ], [ 28.026291110000102, 4.538106989000028 ], [ 28.015629552000121, 4.54544617800002 ], [ 28.014591109999969, 4.54616101300013 ], [ 28.010586609000029, 4.547202484000024 ], [ 28.010531796, 4.547216740000124 ], [ 28.008400189000156, 4.547771118000185 ], [ 27.996711770000161, 4.546866126000111 ], [ 27.996328630999983, 4.546714089000034 ], [ 27.9934939850001, 4.546616988999972 ], [ 27.987989985000183, 4.548916989000077 ], [ 27.980880985000113, 4.544542114000024 ], [ 27.978840180000134, 4.545052924000174 ], [ 27.978790801, 4.544972548000089 ], [ 27.964138189000039, 4.547989943000061 ], [ 27.958207227000116, 4.550027096000179 ], [ 27.957999359000155, 4.55026932100003 ], [ 27.95616536000017, 4.550728364000065 ], [ 27.9554849270001, 4.551077360000022 ], [ 27.955404995000038, 4.550989599000104 ], [ 27.953552030000139, 4.551626049000049 ], [ 27.949731279000105, 4.553801677000081 ], [ 27.945720330000142, 4.556085601000063 ], [ 27.944183030000147, 4.556960973 ], [ 27.929789165000159, 4.549724099000059 ], [ 27.923951448000025, 4.546789021 ], [ 27.919958734999966, 4.545083887000146 ], [ 27.917247238000073, 4.544261637000147 ], [ 27.916192015999968, 4.543941646000064 ], [ 27.91515548000018, 4.543627320000155 ], [ 27.905405270000131, 4.540670602000148 ], [ 27.876308989000051, 4.539214990000119 ], [ 27.867602105000174, 4.544612219000044 ], [ 27.867571287000089, 4.544709592000174 ], [ 27.838457109999979, 4.562676989000067 ], [ 27.83482161000012, 4.562949364000133 ], [ 27.834634792000088, 4.562996175000023 ], [ 27.83461506000009, 4.562964862 ], [ 27.82928507000014, 4.563364085000103 ], [ 27.82739669800003, 4.56466571500016 ], [ 27.827277187, 4.564839758000062 ], [ 27.827068235000127, 4.564892114000145 ], [ 27.818272360000037, 4.570954989000029 ], [ 27.812538110000048, 4.57095198900015 ], [ 27.80827048499998, 4.568733739000095 ], [ 27.808261906999974, 4.568726554000136 ], [ 27.808260621000045, 4.568728621000048 ], [ 27.805889029000127, 4.567495959000041 ], [ 27.802645442000085, 4.568522347000055 ], [ 27.802501623000182, 4.568513026000062 ], [ 27.797173110000074, 4.57025398900015 ], [ 27.786843985000132, 4.586360989000013 ], [ 27.781818360000102, 4.607775239000148 ], [ 27.777878269000098, 4.624565357000051 ], [ 27.778238324000142, 4.625530163000121 ], [ 27.779252988999986, 4.628249069000049 ], [ 27.778723735000085, 4.630473614000152 ], [ 27.77810314900006, 4.633082045000037 ], [ 27.776302286000032, 4.635548933000052 ], [ 27.771217110000066, 4.642515115000037 ], [ 27.769394195000189, 4.643400761000123 ], [ 27.763645189000044, 4.646193999000104 ], [ 27.767105076, 4.651888028000087 ], [ 27.77148562900004, 4.659097154000051 ], [ 27.791049110000188, 4.685011615000064 ], [ 27.790913401000068, 4.686746151000079 ], [ 27.791042348000133, 4.686786749000021 ], [ 27.791017069000077, 4.693422606000127 ], [ 27.78939383900007, 4.707139941999969 ], [ 27.78929075700006, 4.70748527600017 ], [ 27.789169485000173, 4.709035240000162 ], [ 27.788997485000152, 4.754091365000136 ], [ 27.788145450000115, 4.756141839000179 ], [ 27.788045313000055, 4.756150254000033 ], [ 27.785794963000058, 4.761016157000029 ], [ 27.781787749000102, 4.769680818000097 ], [ 27.776512863000107, 4.774477176000119 ], [ 27.775760491000028, 4.775161291000188 ], [ 27.775210549000178, 4.775661341000159 ], [ 27.76588509700008, 4.775623292000091 ], [ 27.760415271000113, 4.775600975000145 ], [ 27.760414601000036, 4.775600972000063 ], [ 27.758527790000187, 4.775593273000027 ], [ 27.746477261000109, 4.773848028000145 ], [ 27.746387560000016, 4.77370498 ], [ 27.732920985000192, 4.771884740000019 ], [ 27.731737217000159, 4.771976654000184 ], [ 27.731659891000163, 4.771879572000159 ], [ 27.727021838000155, 4.771860698000182 ], [ 27.72338782900016, 4.771845910000025 ], [ 27.712926501000027, 4.773309199000039 ], [ 27.712853762000123, 4.773442863000071 ], [ 27.710868735000076, 4.773596990000158 ], [ 27.710109123000109, 4.775352947000044 ], [ 27.709965280000063, 4.77540129800002 ], [ 27.706665829000144, 4.7819898730001 ], [ 27.706377701000122, 4.783552931000088 ], [ 27.706494301000191, 4.783709084000179 ], [ 27.706241110000121, 4.784294365000164 ], [ 27.706170469000028, 4.785433425000122 ], [ 27.705991277000123, 4.785649221000028 ], [ 27.705448670000067, 4.788592770000093 ], [ 27.705424953000147, 4.794806669000081 ], [ 27.705240486000093, 4.79709488400016 ], [ 27.70541585, 4.797191873000088 ], [ 27.705405109000139, 4.800005849000058 ], [ 27.704813793000028, 4.80322003800012 ], [ 27.704737890000047, 4.80332929900004 ], [ 27.704694363000101, 4.803869214000031 ], [ 27.70443465, 4.805280918000108 ], [ 27.70432988400006, 4.805850389000113 ], [ 27.703222426000082, 4.811870077000094 ], [ 27.702755149000041, 4.81440998700009 ], [ 27.701488209000047, 4.818978024000103 ], [ 27.700912856000116, 4.821052489000067 ], [ 27.700457270000072, 4.822695121000095 ], [ 27.703432349000138, 4.831212027000106 ], [ 27.70175752800003, 4.836839338000061 ], [ 27.701862745000142, 4.836942261000104 ], [ 27.699524149000069, 4.845480059000067 ], [ 27.695314364000183, 4.852636261000157 ], [ 27.695314027000052, 4.852636279000137 ], [ 27.684364110000104, 4.871247990000086 ], [ 27.676643235000142, 4.874993115000052 ], [ 27.672434235000026, 4.873311990000104 ], [ 27.670710301000042, 4.873415903000136 ], [ 27.670692150000036, 4.873332493000134 ], [ 27.653851309000117, 4.873530059000132 ], [ 27.644369157000142, 4.87066998 ], [ 27.64408377400008, 4.870711731000029 ], [ 27.641021485000124, 4.869660241000076 ], [ 27.640391503000046, 4.869556589000183 ], [ 27.640368719000094, 4.869463333999988 ], [ 27.637795309000182, 4.868687119000185 ], [ 27.62739207300001, 4.867250234000039 ], [ 27.621048842, 4.866374111000141 ], [ 27.621048110000118, 4.86637399 ], [ 27.610264235000045, 4.867516991000173 ], [ 27.600634235000143, 4.861757115000046 ], [ 27.589851235000026, 4.860596991000136 ], [ 27.566891485000156, 4.873323115000062 ], [ 27.562083360000145, 4.884114740000086 ], [ 27.553430369000125, 4.892562564000059 ], [ 27.553520062000189, 4.892679109000028 ], [ 27.546283262000031, 4.899836307000157 ], [ 27.544452418000105, 4.901565493000078 ], [ 27.543865731000153, 4.90190029300004 ], [ 27.536964735000083, 4.90863749000016 ], [ 27.530469735000167, 4.926025741000103 ], [ 27.527332860000058, 4.93442336600009 ], [ 27.510877735000065, 4.938595991000113 ], [ 27.49112523500014, 4.943604866000044 ], [ 27.490204360000064, 4.947977116000118 ], [ 27.485839984000108, 4.95257599100006 ], [ 27.478256234000014, 4.965457991000108 ], [ 27.478256020000174, 4.965458209000133 ], [ 27.470450029000119, 4.971896043000072 ], [ 27.465540064000038, 4.978132679000055 ], [ 27.465535097000043, 4.978406119000113 ], [ 27.464476110000078, 4.979483991000109 ], [ 27.463587729000039, 4.98688971100006 ], [ 27.463439369000014, 4.987058946000104 ], [ 27.462397190000047, 4.994672947000083 ], [ 27.460328989000061, 4.997433016000116 ], [ 27.455494189000092, 4.999998094000091 ], [ 27.451767829000119, 5.005023457000107 ], [ 27.448477488000094, 5.009460771000079 ], [ 27.444278117000181, 5.015123949000042 ], [ 27.443469008000136, 5.016215089000127 ], [ 27.441880767999976, 5.018356938000125 ], [ 27.440647557000034, 5.020020001000148 ], [ 27.440344309000125, 5.020428949000063 ], [ 27.441483553000069, 5.031236200000137 ], [ 27.441644332000124, 5.031635299000015 ], [ 27.442164109000089, 5.03769211600013 ], [ 27.446513984000035, 5.047592116000033 ], [ 27.446390860000122, 5.050378366000189 ], [ 27.446279984000171, 5.052884990999985 ], [ 27.442597235000051, 5.063468115999967 ], [ 27.438231109000071, 5.070828990999985 ], [ 27.435364578000133, 5.073796643000037 ], [ 27.433662819000119, 5.075558460000082 ], [ 27.433312082000157, 5.075921572000084 ], [ 27.431568229000163, 5.077726952000091 ], [ 27.425645737000082, 5.081251195000107 ], [ 27.42543097000015, 5.08137899400009 ], [ 27.420699419000073, 5.08419454 ], [ 27.419308417000082, 5.085022265000021 ], [ 27.41457802900004, 5.087837103000027 ], [ 27.394144069000049, 5.096102967000036 ], [ 27.38584000700007, 5.097760083000026 ], [ 27.38313240400015, 5.098300398000049 ], [ 27.382401332000029, 5.098446287000172 ], [ 27.373486189, 5.100225088000172 ], [ 27.360859189000109, 5.105275068000026 ], [ 27.349624569000127, 5.108336025000085 ], [ 27.34932588800018, 5.108417402000157 ], [ 27.344706484000085, 5.109675989000095 ], [ 27.340658149000035, 5.110778983000046 ], [ 27.335877445000108, 5.113241273000028 ], [ 27.333080149000125, 5.114682010000138 ], [ 27.327018356999986, 5.120428645000175 ], [ 27.326650111999982, 5.120777744000179 ], [ 27.324350149000054, 5.122958115000188 ], [ 27.323064509000062, 5.123672888000101 ], [ 27.318152029000032, 5.126404052000112 ], [ 27.309842566000043, 5.127836663000096 ], [ 27.308529901000043, 5.128062976000081 ], [ 27.308529455000041, 5.128063052000073 ], [ 27.306215149000025, 5.128462055000114 ], [ 27.293637819000139, 5.133824786000048 ], [ 27.290602309000178, 5.135119062000172 ], [ 27.290599581000095, 5.135119800000041 ], [ 27.274930437000023, 5.139356282000108 ], [ 27.268562030000055, 5.141078106000123 ], [ 27.262289242000122, 5.142250469000032 ], [ 27.259420847000172, 5.142786562000083 ], [ 27.257546030000071, 5.143136959 ], [ 27.24594829800003, 5.147275516000036 ], [ 27.244773744000042, 5.147694645 ], [ 27.244537397999977, 5.147925704000045 ], [ 27.23183123400014, 5.152313117000062 ], [ 27.196003234000102, 5.172061117000112 ], [ 27.181756984000117, 5.184931117000076 ], [ 27.158054234000076, 5.199241117000156 ], [ 27.142943984, 5.20421399200012 ], [ 27.119999234000147, 5.206072242 ], [ 27.107410109000057, 5.20633774200013 ], [ 27.078680109000061, 5.204128992000165 ], [ 27.073500109000122, 5.202723117000119 ], [ 27.066749984000182, 5.200890992000154 ], [ 27.050924109000164, 5.193274992000056 ], [ 27.029131069000186, 5.18703109900008 ], [ 27.018752989000177, 5.181305108000174 ], [ 27.010938342000088, 5.174937160000127 ], [ 27.009860308999976, 5.174058695000042 ], [ 27.009682669000028, 5.173913940000034 ], [ 27.007451895000031, 5.172104512000089 ], [ 27.001152360000106, 5.166971118000049 ], [ 26.98532820000014, 5.158894113000088 ], [ 26.979593400000113, 5.157504109000058 ], [ 26.970098395999969, 5.152102558000138 ], [ 26.966755445000047, 5.148740154000109 ], [ 26.955057195000052, 5.144810029000098 ], [ 26.947952195000028, 5.138586029000066 ], [ 26.935108196000158, 5.134194154000056 ], [ 26.932134240000153, 5.127746081000055 ], [ 26.935892662000072, 5.12169107200009 ], [ 26.936046320000173, 5.121307029000036 ], [ 26.934900570000025, 5.119465029000025 ], [ 26.927561445000038, 5.117843029000085 ], [ 26.926476708999985, 5.115835937000099 ], [ 26.926386379000178, 5.115872729000159 ], [ 26.925111360000074, 5.113734994000083 ], [ 26.923309105000101, 5.110184579000077 ], [ 26.923312188000068, 5.109980576000169 ], [ 26.921557070000176, 5.106733029000111 ], [ 26.912231320000046, 5.088361029000055 ], [ 26.912245320000125, 5.080076029000054 ], [ 26.908651945000088, 5.076581029000067 ], [ 26.908384608000063, 5.07642887500009 ], [ 26.908392276000029, 5.076328489000105 ], [ 26.905372200000045, 5.0733911210001 ], [ 26.90178359500004, 5.072438346000013 ], [ 26.90159056300007, 5.072562052000137 ], [ 26.901014444999987, 5.072234154 ], [ 26.894813445000125, 5.074525029000085 ], [ 26.891144320000024, 5.073599029000036 ], [ 26.888628338000046, 5.068070891000048 ], [ 26.891391240000189, 5.063013075000072 ], [ 26.889791445000071, 5.059098029000154 ], [ 26.8842923200001, 5.053336154000135 ], [ 26.884994304000088, 5.045511989000147 ], [ 26.880865200000073, 5.044354070000168 ], [ 26.878807440000116, 5.040668020000169 ], [ 26.876259094000147, 5.04011664300009 ], [ 26.876249232000021, 5.040082210000037 ], [ 26.875595445000044, 5.039973029000123 ], [ 26.872163320000027, 5.033753029000081 ], [ 26.868302570000139, 5.035036904000037 ], [ 26.861787695000146, 5.037203279000096 ], [ 26.856321415000082, 5.039021144000174 ], [ 26.854480440000088, 5.042241039000032 ], [ 26.848280211000031, 5.044992085000104 ], [ 26.850105320000125, 5.051209029000063 ], [ 26.845968195000012, 5.054654154000104 ], [ 26.838986491000014, 5.055921979000118 ], [ 26.838972555000112, 5.055986086000189 ], [ 26.83518048000019, 5.056708074000028 ], [ 26.831505240000183, 5.059233062000033 ], [ 26.829210195000087, 5.058769029000132 ], [ 26.825782320000087, 5.049788029000069 ], [ 26.825781843000129, 5.049787921000075 ], [ 26.821197360000156, 5.047709054000109 ], [ 26.818022569999982, 5.048038779000137 ], [ 26.80811532000007, 5.049068029000182 ], [ 26.806278195, 5.050446154000099 ], [ 26.803739445000133, 5.058726029000127 ], [ 26.797773195000104, 5.058486029000164 ], [ 26.793863320000185, 5.06308315400014 ], [ 26.792249320000053, 5.067222904000175 ], [ 26.793157320000034, 5.072517029000039 ], [ 26.783745445000136, 5.075493029000086 ], [ 26.789013320000151, 5.081485029000078 ], [ 26.786480445000109, 5.086084029000119 ], [ 26.781435320000185, 5.083544154000037 ], [ 26.774191445000099, 5.085017029000142 ], [ 26.771335203000035, 5.085598078000146 ], [ 26.770641480000108, 5.088128158000075 ], [ 26.77099782900018, 5.088742546000105 ], [ 26.771026020000136, 5.088736374000121 ], [ 26.7722434800001, 5.090661998000087 ], [ 26.772171586000013, 5.090766242000029 ], [ 26.772197548000065, 5.090811004000159 ], [ 26.771320320000143, 5.093653029000052 ], [ 26.772235822000027, 5.096628979000059 ], [ 26.772448515000121, 5.097320445999969 ], [ 26.772627580000119, 5.097902588000181 ], [ 26.773374240000066, 5.100329986000133 ], [ 26.772453320000068, 5.101709029000119 ], [ 26.766493195000123, 5.098707029000025 ], [ 26.757768320000082, 5.100533029000133 ], [ 26.753872320000141, 5.097304154000085 ], [ 26.749960194999971, 5.103511154000103 ], [ 26.740783445000091, 5.101883029000135 ], [ 26.732536195000023, 5.094735154000148 ], [ 26.726558302, 5.100248113000021 ], [ 26.725181400000167, 5.100015124000038 ], [ 26.724534218000088, 5.097544095000103 ], [ 26.723131200000125, 5.092187143000046 ], [ 26.721525240000119, 5.09172399800002 ], [ 26.71794553400008, 5.09931880400012 ], [ 26.717914322000183, 5.099438986000109 ], [ 26.717840195000178, 5.09954202900002 ], [ 26.710949569000036, 5.102521154000044 ], [ 26.710433444000046, 5.099605154000187 ], [ 26.709360569000012, 5.093543029000159 ], [ 26.701885194000113, 5.090274029000057 ], [ 26.701884667000172, 5.090273879000051 ], [ 26.697206520000066, 5.088228147000052 ], [ 26.694576360000042, 5.087950172000092 ], [ 26.69392249800012, 5.087881067000126 ], [ 26.693160633000105, 5.087800547000029 ], [ 26.692211665000059, 5.087700256000176 ], [ 26.690553360000081, 5.087524990000077 ], [ 26.687793240000133, 5.09097201700007 ], [ 26.689394561000029, 5.093967083999985 ], [ 26.688928319000183, 5.096957154000108 ], [ 26.681358319000026, 5.096254029000136 ], [ 26.679987359999984, 5.093489150000039 ], [ 26.680330120000121, 5.092804292000039 ], [ 26.680412674000024, 5.09263934300003 ], [ 26.680879314000094, 5.091706964000025 ], [ 26.682979320000129, 5.087510988000133 ], [ 26.681152320000137, 5.08405515200019 ], [ 26.676105569000072, 5.082205028999965 ], [ 26.66969144400008, 5.077360029000033 ], [ 26.662119444000041, 5.076425154000049 ], [ 26.655464520000123, 5.076182985000173 ], [ 26.652935538000122, 5.078710114999978 ], [ 26.650398319000033, 5.085609029000068 ], [ 26.645580319000032, 5.084911154000167 ], [ 26.640983569000184, 5.088583029000119 ], [ 26.638244319000023, 5.081444154000167 ], [ 26.630897318999985, 5.082811154000126 ], [ 26.627460444000121, 5.080273029000182 ], [ 26.631189444000086, 5.073258654000028 ], [ 26.633449319000135, 5.06900715400019 ], [ 26.632592246000172, 5.066064305000111 ], [ 26.632309323000129, 5.065093017000038 ], [ 26.628870240000083, 5.063475164000067 ], [ 26.625190319000126, 5.067380904000061 ], [ 26.621288280000158, 5.067834103 ], [ 26.620367400000134, 5.070133033000161 ], [ 26.621965444000011, 5.073818022000125 ], [ 26.621496319000016, 5.078881154000044 ], [ 26.614608444000055, 5.080248154000174 ], [ 26.621021194000036, 5.086934029000076 ], [ 26.619413444000088, 5.088082029000077 ], [ 26.609619819000045, 5.084442154000044 ], [ 26.601986194, 5.081605029000059 ], [ 26.599474264000037, 5.075386011000091 ], [ 26.5964922, 5.073770084000103 ], [ 26.592361194000148, 5.074682029000144 ], [ 26.590431562, 5.080131406000078 ], [ 26.589592440000047, 5.082501078000064 ], [ 26.585231394000175, 5.082031907000044 ], [ 26.585008200000175, 5.078810041999986 ], [ 26.583404209000037, 5.077656245000185 ], [ 26.578348200000164, 5.08132812100007 ], [ 26.575138443000071, 5.080862029000059 ], [ 26.572975944000063, 5.07592127900017 ], [ 26.571710569000118, 5.073030154000151 ], [ 26.571949228000051, 5.068658083000173 ], [ 26.574707160000173, 5.067052114000035 ], [ 26.575630200000148, 5.064523028000053 ], [ 26.574484280000036, 5.063370155000143 ], [ 26.564386319, 5.063579029000039 ], [ 26.560938194000073, 5.066794154000036 ], [ 26.559770400000104, 5.076459084000021 ], [ 26.557247160000031, 5.076454058000138 ], [ 26.555643319000126, 5.075070154000173 ], [ 26.554281444000139, 5.067932154000061 ], [ 26.550388444000077, 5.064013029000023 ], [ 26.554531319000148, 5.058497029000023 ], [ 26.54879544400012, 5.057104904000028 ], [ 26.544224069000109, 5.049041154000179 ], [ 26.540327069000114, 5.046502154000052 ], [ 26.53848431900002, 5.049950029000172 ], [ 26.543747520000068, 5.0573252800001 ], [ 26.543735280000078, 5.062848095000106 ], [ 26.541660361000083, 5.067906694000044 ], [ 26.541660013000069, 5.067906876000109 ], [ 26.533859444000086, 5.067201029000046 ], [ 26.531803444000161, 5.063054029000114 ], [ 26.533422444000166, 5.056844154000089 ], [ 26.526794319000032, 5.044173029000035 ], [ 26.522566406000067, 5.044787918000168 ], [ 26.518989240000053, 5.045308074000047 ], [ 26.515306442000167, 5.05036315500007 ], [ 26.512991228000089, 5.047944912000105 ], [ 26.511289673000078, 5.046167658000115 ], [ 26.509124520000057, 5.043906152000034 ], [ 26.503839319000178, 5.047808154000109 ], [ 26.502908399999967, 5.053790098000036 ], [ 26.499691440000106, 5.055854082000053 ], [ 26.494873200000029, 5.055384090000075 ], [ 26.492822279999984, 5.048475988000121 ], [ 26.490762328000073, 5.046400163000101 ], [ 26.488008319000016, 5.046394029000112 ], [ 26.483177444000091, 5.052368154000135 ], [ 26.484061986000086, 5.05445117700009 ], [ 26.485916400000065, 5.058818006000024 ], [ 26.484764313000028, 5.061576965000086 ], [ 26.478574194000089, 5.058573154000158 ], [ 26.470533193999984, 5.063158154000121 ], [ 26.467938272000083, 5.060544573000129 ], [ 26.466182280000055, 5.058775998000101 ], [ 26.463657447000173, 5.058541021999986 ], [ 26.463657194000064, 5.058540904000154 ], [ 26.459974444000181, 5.064057029000139 ], [ 26.455841319000058, 5.065659029000187 ], [ 26.452841444000057, 5.073017029000027 ], [ 26.454902319000155, 5.074862154000016 ], [ 26.460869444000139, 5.075565154000117 ], [ 26.461782319000065, 5.077178029000038 ], [ 26.459116387000108, 5.082244375000016 ], [ 26.45834119, 5.08371752700009 ], [ 26.456943239999987, 5.086374121000119 ], [ 26.456934319000084, 5.090286154000069 ], [ 26.45899019400008, 5.095124154000189 ], [ 26.45714952000003, 5.096960019999983 ], [ 26.450954184000068, 5.096256911000182 ], [ 26.444313319000116, 5.090490028999966 ], [ 26.440868520000095, 5.091173072000117 ], [ 26.438793480000186, 5.095541157000127 ], [ 26.439868069, 5.09819252900013 ], [ 26.442901444000086, 5.10567615400015 ], [ 26.441861194000182, 5.110327029000132 ], [ 26.441049194000129, 5.113957029000119 ], [ 26.433712444000093, 5.110949029000096 ], [ 26.424068319000128, 5.113000029000148 ], [ 26.424068201000125, 5.113000272000079 ], [ 26.421770160000165, 5.115066038000123 ], [ 26.421972313000083, 5.117285404000086 ], [ 26.422088570000028, 5.118561378000095 ], [ 26.422441318999972, 5.122433154000021 ], [ 26.418083319000175, 5.120812029000092 ], [ 26.413034319000076, 5.121261154000024 ], [ 26.411882319000142, 5.123560029000089 ], [ 26.41485019400011, 5.130471029000091 ], [ 26.41415656900017, 5.133000154 ], [ 26.405435160000025, 5.132751144 ], [ 26.403375240000116, 5.129985018000127 ], [ 26.401787275000117, 5.122617127000069 ], [ 26.399494444000027, 5.121232029 ], [ 26.39858056900016, 5.124322654000025 ], [ 26.397498359000167, 5.127982925000083 ], [ 26.397182472000054, 5.129051077000042 ], [ 26.39327832000015, 5.129962041000056 ], [ 26.390749325000058, 5.132259139000098 ], [ 26.393722194000077, 5.136638028999982 ], [ 26.39094336, 5.14744802600012 ], [ 26.388416520000192, 5.148823155000116 ], [ 26.385984664000091, 5.148620072000085 ], [ 26.38598371400019, 5.148619993000182 ], [ 26.379926280000063, 5.148114141000065 ], [ 26.377489313000183, 5.146360788000038 ], [ 26.373510360000182, 5.14349799300004 ], [ 26.366398200000049, 5.142791128000113 ], [ 26.361116280000033, 5.144620038000085 ], [ 26.358185976000016, 5.148367133000079 ], [ 26.353750320000188, 5.154039136000108 ], [ 26.351223444000027, 5.155415154000139 ], [ 26.342062194000164, 5.146879029000047 ], [ 26.336634819000096, 5.148584529000118 ], [ 26.336237948000189, 5.148578567000129 ], [ 26.336176654000099, 5.148728446 ], [ 26.333336160000101, 5.149621018000175 ], [ 26.328289319000021, 5.148459154000136 ], [ 26.325771444000168, 5.145231154000044 ], [ 26.327169360000028, 5.136259135000103 ], [ 26.324417520000054, 5.136023091000084 ], [ 26.318893320000029, 5.142684149000047 ], [ 26.317955457000153, 5.151658173000044 ], [ 26.315883360000043, 5.153264075000038 ], [ 26.312673240000152, 5.152565118000041 ], [ 26.310848400000168, 5.147499004000053 ], [ 26.311546440000029, 5.144278094000015 ], [ 26.309715480000023, 5.141973151 ], [ 26.306505360000187, 5.140355146000161 ], [ 26.303291280000167, 5.140808022000158 ], [ 26.301683519999983, 5.141724007 ], [ 26.301683553000089, 5.141724343000021 ], [ 26.301347069000144, 5.148469279000153 ], [ 26.301201444000071, 5.151388154000188 ], [ 26.297292194000136, 5.154372154000157 ], [ 26.295212069000058, 5.160810029000174 ], [ 26.291540444000077, 5.160342154000091 ], [ 26.287256463000119, 5.157959575000064 ], [ 26.287218212000028, 5.158103483000048 ], [ 26.283060360000093, 5.155950043000075 ], [ 26.282133444000181, 5.159860154 ], [ 26.284138069, 5.161968029000093 ], [ 26.287397204000115, 5.165395161000106 ], [ 26.285553360000165, 5.169303071000172 ], [ 26.282564280000088, 5.170907002000092 ], [ 26.282563824000079, 5.170906890000083 ], [ 26.257091400000093, 5.169926982 ], [ 26.254564200000061, 5.171531989000016 ], [ 26.253868320000038, 5.174982145000058 ], [ 26.256564813000125, 5.179388943000163 ], [ 26.26049627000009, 5.185814074 ], [ 26.254287360000092, 5.191092020000099 ], [ 26.254053318999979, 5.192703154000185 ], [ 26.253811441000039, 5.197995150000168 ], [ 26.249450400000114, 5.198445113000162 ], [ 26.245784537000077, 5.195674996000037 ], [ 26.243290444000081, 5.183472154000071 ], [ 26.238235319000012, 5.185301154000058 ], [ 26.23661019400015, 5.192661154000064 ], [ 26.233983322000029, 5.195972934000167 ], [ 26.23223736000017, 5.198174094000024 ], [ 26.23440219400004, 5.200355279000121 ], [ 26.239563319000126, 5.205555154000024 ], [ 26.237489319000133, 5.208542029000171 ], [ 26.232274224000037, 5.207298650000041 ], [ 26.229692520000128, 5.20668313800013 ], [ 26.22473858, 5.206848014000059 ], [ 26.224539337000124, 5.206953863000024 ], [ 26.22326431900018, 5.206897029000118 ], [ 26.221229319000031, 5.194005029000152 ], [ 26.218008319000148, 5.197448904000055 ], [ 26.21592719400013, 5.204118029000085 ], [ 26.209718194000118, 5.208476154000152 ], [ 26.214680319000081, 5.211766654000087 ], [ 26.218425194000076, 5.214250029000141 ], [ 26.21544889900008, 5.217630056000075 ], [ 26.212992839000094, 5.220419229000015 ], [ 26.211752280000042, 5.221828046000155 ], [ 26.211174945000153, 5.224231604000067 ], [ 26.210592360000192, 5.226657008000018 ], [ 26.21112693300006, 5.230851305000044 ], [ 26.211258876999977, 5.231247392000057 ], [ 26.211267319000171, 5.231953029000067 ], [ 26.209621694000134, 5.234532654000077 ], [ 26.208042479000142, 5.237008122000134 ], [ 26.202991320000081, 5.237225100000103 ], [ 26.200245240000072, 5.234228097000027 ], [ 26.200245261000191, 5.234227818000079 ], [ 26.198479819000113, 5.227794779000135 ], [ 26.196832444000165, 5.221792154000013 ], [ 26.194426444000044, 5.220175029000075 ], [ 26.190647194000121, 5.217635154000163 ], [ 26.186744444000169, 5.217855154000063 ], [ 26.184442319000027, 5.219921154000133 ], [ 26.191539444000057, 5.227072154000098 ], [ 26.187853319000169, 5.233507154000165 ], [ 26.186914319000095, 5.241558154000188 ], [ 26.184618319000037, 5.241553028999988 ], [ 26.180042444000037, 5.235789154000145 ], [ 26.174308444000076, 5.233934154000167 ], [ 26.169042194000099, 5.229087904000096 ], [ 26.164222194000047, 5.228846029000067 ], [ 26.162172069000178, 5.230437029000086 ], [ 26.160083319000023, 5.232058029000086 ], [ 26.157776443999978, 5.237575029000027 ], [ 26.15942956900011, 5.242928654000082 ], [ 26.163465444000167, 5.255999154000051 ], [ 26.160934319000091, 5.258524029000171 ], [ 26.146705319000148, 5.257798154000056 ], [ 26.140953239999988, 5.263077071000112 ], [ 26.13636036000014, 5.263986055000032 ], [ 26.134300457000109, 5.262140018000139 ], [ 26.13500631900007, 5.255008154000166 ], [ 26.13387131900015, 5.250633154000184 ], [ 26.130659444000059, 5.250164154000117 ], [ 26.128608444000179, 5.243716029000097 ], [ 26.122650569000086, 5.240249029000097 ], [ 26.121093694000137, 5.235094154000024 ], [ 26.12014632000006, 5.231957049000073 ], [ 26.116708319999987, 5.229878030000066 ], [ 26.112116493000144, 5.231246253000052 ], [ 26.107738200000142, 5.236989094000137 ], [ 26.103836520000073, 5.238543137000022 ], [ 26.103145320000124, 5.23881898500008 ], [ 26.100336114000186, 5.238561379000089 ], [ 26.099162694000086, 5.238453775000096 ], [ 26.099157576000039, 5.23845330600011 ], [ 26.092819439999971, 5.237872094000181 ], [ 26.090986320000184, 5.236486036000088 ], [ 26.090534223000191, 5.233493574000079 ], [ 26.090534162000097, 5.23349316000008 ], [ 26.092607319000081, 5.230967154000155 ], [ 26.100883443999976, 5.225235029000089 ], [ 26.101351443999988, 5.222245154000063 ], [ 26.097480444000155, 5.214017029000047 ], [ 26.099552194000182, 5.20820202900012 ], [ 26.098180194000179, 5.205897028999971 ], [ 26.092670444000078, 5.206573154000068 ], [ 26.086456444000191, 5.213462029000141 ], [ 26.076816443999974, 5.213206029000048 ], [ 26.071094194000125, 5.207438029000116 ], [ 26.070429194000155, 5.198462029000154 ], [ 26.067915319000065, 5.194083154000111 ], [ 26.06309531900007, 5.194300154000132 ], [ 26.053894444000036, 5.202101029000175 ], [ 26.053634160000172, 5.213377002000072 ], [ 26.05019220000014, 5.213368028000048 ], [ 26.04652657400004, 5.210826244999964 ], [ 26.046526319000122, 5.210826154000074 ], [ 26.041498194000042, 5.202989029000094 ], [ 26.038286194000023, 5.202290029000153 ], [ 26.027715241000124, 5.206865134000054 ], [ 26.023359240000048, 5.205472003000182 ], [ 26.019851686999971, 5.205580527000109 ], [ 26.017588550000085, 5.205650548000108 ], [ 26.017437498000163, 5.205786221000039 ], [ 26.016473569000084, 5.205685029000051 ], [ 26.010959319, 5.20820090400008 ], [ 26.008651444000122, 5.212798029000055 ], [ 26.01102566100019, 5.220376306000105 ], [ 26.011610280000127, 5.22224102000007 ], [ 26.011303314000145, 5.223064986 ], [ 26.011303194000106, 5.223066154000094 ], [ 26.009296109000047, 5.228448043000185 ], [ 26.006538240000054, 5.230282025 ], [ 26.001030194000123, 5.229807154000071 ], [ 25.997568944000079, 5.224888904000125 ], [ 25.997259227000143, 5.224593672000026 ], [ 25.99728384600013, 5.224483873999986 ], [ 25.996000320000121, 5.222660096000084 ], [ 25.992565185000046, 5.220119152000166 ], [ 25.989341444000047, 5.223792154000137 ], [ 25.985166444000072, 5.239660029000049 ], [ 25.977144319000104, 5.235266029000115 ], [ 25.969741522000163, 5.226666074000093 ], [ 25.966621440000097, 5.223041123000087 ], [ 25.962753557000099, 5.209487084000102 ], [ 25.962753430000134, 5.209486637000168 ], [ 25.961166360000107, 5.203925057000106 ], [ 25.961862246000123, 5.200475063000113 ], [ 25.966240200000186, 5.194504018000146 ], [ 25.963953480000157, 5.19173601100016 ], [ 25.95913344000013, 5.192183107000062 ], [ 25.953802411000026, 5.199538946000189 ], [ 25.953733798000087, 5.199733003000176 ], [ 25.953436444000033, 5.20004390400004 ], [ 25.950145319000114, 5.204585029000157 ], [ 25.94980502300001, 5.204631568000025 ], [ 25.949817452000104, 5.204671092000069 ], [ 25.942337280000061, 5.206635037000126 ], [ 25.939912707000076, 5.20602025400018 ], [ 25.939880168000116, 5.205988895000132 ], [ 25.939820694, 5.205997029000116 ], [ 25.939691141000026, 5.205994044000136 ], [ 25.939684890000137, 5.205962489000058 ], [ 25.937750520000122, 5.205472003000182 ], [ 25.929625416000022, 5.205498531000046 ], [ 25.923763899000107, 5.205517669000074 ], [ 25.922058426000092, 5.205523236999966 ], [ 25.919599111000139, 5.205531267000083 ], [ 25.906709221000142, 5.205489691000025 ], [ 25.906697501000053, 5.205452180000066 ], [ 25.904230855000037, 5.20539299800015 ], [ 25.898884789000022, 5.205421231000059 ], [ 25.898821719000125, 5.205464250000148 ], [ 25.894800360000033, 5.205451183000037 ], [ 25.892300520000163, 5.206379816000037 ], [ 25.890278497999986, 5.209267299000146 ], [ 25.890278570000191, 5.209271490000049 ], [ 25.883775319000051, 5.218669903999967 ], [ 25.872839970000086, 5.219411052 ], [ 25.868513579000137, 5.219704692000164 ], [ 25.863930279000158, 5.219764151 ], [ 25.863821742000141, 5.219700753000097 ], [ 25.861969444000181, 5.219758154000147 ], [ 25.854530569000076, 5.215830154000059 ], [ 25.847072319000119, 5.21189190400014 ], [ 25.845018444000061, 5.208434154000031 ], [ 25.845724444000041, 5.202453029000139 ], [ 25.842991444000063, 5.195311154000137 ], [ 25.839096569000105, 5.192998154000065 ], [ 25.835899319000077, 5.186775029000046 ], [ 25.831991180999978, 5.189526135000108 ], [ 25.832381491000149, 5.19178764600008 ], [ 25.832666520000032, 5.19343913900002 ], [ 25.831283400000132, 5.195507153000108 ], [ 25.82940366400004, 5.19671141300006 ], [ 25.824846240000113, 5.199631134000185 ], [ 25.824068189000116, 5.201357467000093 ], [ 25.823357628, 5.202934048000088 ], [ 25.821842400000037, 5.20629599800003 ], [ 25.821530370000175, 5.209157763000121 ], [ 25.821602328000097, 5.209325838000098 ], [ 25.821462694000104, 5.20977790400002 ], [ 25.820663444000047, 5.217109154000184 ], [ 25.817909444000065, 5.217100904 ], [ 25.811493444000178, 5.213630029000171 ], [ 25.808963444000085, 5.215234154000086 ], [ 25.808492444000024, 5.21937515400009 ], [ 25.811095444000102, 5.222568529000057 ], [ 25.816953319000106, 5.229755154000031 ], [ 25.817329819000179, 5.233345279 ], [ 25.817846319000068, 5.238272154000072 ], [ 25.820818194000026, 5.242884028999981 ], [ 25.820120160000045, 5.245873054000128 ], [ 25.817363319000094, 5.24632515400009 ], [ 25.811324692000085, 5.244471091000037 ], [ 25.80979716000013, 5.244002087000126 ], [ 25.807774795000057, 5.242929080000067 ], [ 25.802581336000117, 5.240173575000085 ], [ 25.802583196000114, 5.240094696000028 ], [ 25.799917319000087, 5.238760029000048 ], [ 25.796276193999972, 5.236829029000148 ], [ 25.791458319000071, 5.236124029000052 ], [ 25.79007519400011, 5.23773002900009 ], [ 25.79052744400002, 5.240264154000045 ], [ 25.798994319000087, 5.248573154000098 ], [ 25.800817319000089, 5.253180904000146 ], [ 25.799501569000142, 5.259839779000117 ], [ 25.799463556000092, 5.259924182000134 ], [ 25.79948114400014, 5.25994372800011 ], [ 25.798954320000064, 5.262610105000022 ], [ 25.796723360000044, 5.266101043000049 ], [ 25.796669579000138, 5.266127823000147 ], [ 25.796581944000081, 5.266322404000164 ], [ 25.792495194000139, 5.272717154000077 ], [ 25.787674444000061, 5.273394029000031 ], [ 25.770029444000102, 5.263676154000052 ], [ 25.772108443999969, 5.25954002900005 ], [ 25.775646675000075, 5.26003470400002 ], [ 25.782201359999988, 5.260951137000063 ], [ 25.784961569000018, 5.259118029000092 ], [ 25.785888359000182, 5.256358927000065 ], [ 25.783378200000016, 5.251519123000037 ], [ 25.780862566999986, 5.250284782000108 ], [ 25.775356444000124, 5.247583029000111 ], [ 25.770782569000175, 5.242047154000147 ], [ 25.770537650000051, 5.241998352000167 ], [ 25.770531249000157, 5.24198818300016 ], [ 25.768657336999979, 5.241548630000068 ], [ 25.767967531000124, 5.241386826000053 ], [ 25.765302907000091, 5.240761799000097 ], [ 25.763204091000148, 5.240348939000057 ], [ 25.758267398000157, 5.239433924000082 ], [ 25.757537347000095, 5.239298609000173 ], [ 25.754856837000148, 5.238801777000106 ], [ 25.754007975999968, 5.238644440000144 ], [ 25.751040669000076, 5.238094449000187 ], [ 25.751011408000011, 5.238107585000023 ], [ 25.749679320000155, 5.237842122000188 ], [ 25.749223200000074, 5.236690094999972 ], [ 25.746665739000093, 5.248247228000139 ], [ 25.74636084399998, 5.249625028000082 ], [ 25.746150752, 5.25057442100001 ], [ 25.746082534000095, 5.25098342800004 ], [ 25.745966319000161, 5.251408029000061 ], [ 25.743165330000124, 5.255871534000164 ], [ 25.74171092, 5.258189247000189 ], [ 25.740200520000087, 5.260596156000133 ], [ 25.739956443000096, 5.264968029000102 ], [ 25.735822194000036, 5.265875904000154 ], [ 25.730238006000036, 5.264108440000086 ], [ 25.728483240000173, 5.26355301000018 ], [ 25.725191559000052, 5.264916779000089 ], [ 25.724571858, 5.265173525000023 ], [ 25.724413679000122, 5.265239060000056 ], [ 25.724412907999977, 5.26523937900015 ], [ 25.720211520000191, 5.266980041000124 ], [ 25.718134330999987, 5.270195112000124 ], [ 25.719038194000063, 5.274800029 ], [ 25.713976319000039, 5.279618029000062 ], [ 25.712953676999973, 5.288576423000166 ], [ 25.712895189000108, 5.289088778 ], [ 25.712558280000053, 5.29204007900006 ], [ 25.711176852000165, 5.293933036000112 ], [ 25.710802792000095, 5.294445607000114 ], [ 25.710409670000104, 5.294984045000092 ], [ 25.708872240000062, 5.297091012000067 ], [ 25.70427324000002, 5.299379047000116 ], [ 25.696856077000177, 5.300550907000115 ], [ 25.69620665400015, 5.300653511000064 ], [ 25.695621946000074, 5.300745891000076 ], [ 25.694599942000082, 5.30090736 ], [ 25.691412240000147, 5.301410993000047 ], [ 25.68635136000006, 5.304847144 ], [ 25.679693069000109, 5.30528727900014 ], [ 25.674392569000133, 5.312174029000062 ], [ 25.669803318999982, 5.311240029000089 ], [ 25.66499931900006, 5.306393154000034 ], [ 25.66086944400007, 5.306149028999982 ], [ 25.662168404000056, 5.316087655000047 ], [ 25.662487319000036, 5.318527778999965 ], [ 25.662885480000057, 5.321574148000082 ], [ 25.662348394000048, 5.323594770999989 ], [ 25.661901201000035, 5.325277193000147 ], [ 25.661761243, 5.32580373899998 ], [ 25.66173751000008, 5.325815038000144 ], [ 25.661724444000072, 5.325942029000089 ], [ 25.658733319000135, 5.328004154000041 ], [ 25.650921944000174, 5.32745765400017 ], [ 25.644964319000053, 5.327041154000142 ], [ 25.644916604000116, 5.32697885500005 ], [ 25.644900079000081, 5.326979754000035 ], [ 25.644523056000082, 5.326619435000168 ], [ 25.643123613000171, 5.325281991000168 ], [ 25.64061552000004, 5.322885005000103 ], [ 25.637191193000149, 5.316891904000101 ], [ 25.637201193000067, 5.313670029000036 ], [ 25.642042194000112, 5.307242154000107 ], [ 25.639990189000059, 5.302863151999986 ], [ 25.634485440000162, 5.301695065999979 ], [ 25.632374301000027, 5.302683059000117 ], [ 25.631790522000131, 5.302956261000134 ], [ 25.630577280000125, 5.303524046000177 ], [ 25.630163775000085, 5.304085407000173 ], [ 25.628040313000042, 5.306968114000028 ], [ 25.627493568000034, 5.315010029000064 ], [ 25.627492382000128, 5.315012134000142 ], [ 25.62731928, 5.317552014000171 ], [ 25.624225193000086, 5.321044509000046 ], [ 25.624104693000049, 5.321024431000126 ], [ 25.623863193000147, 5.321453029000054 ], [ 25.611783443000036, 5.320734529000163 ], [ 25.607936513000027, 5.320505624000134 ], [ 25.60343724, 5.320237986000166 ], [ 25.601822280000135, 5.322762982000029 ], [ 25.603472265000164, 5.324798111000121 ], [ 25.603491628000086, 5.324806150000143 ], [ 25.603491818000066, 5.32482215400006 ], [ 25.604169342000034, 5.325529992000156 ], [ 25.604146716000116, 5.325629993000177 ], [ 25.607996280000123, 5.330378102 ], [ 25.611997652000071, 5.333776712000031 ], [ 25.612062102999971, 5.333775840000158 ], [ 25.612346568000191, 5.334073029000137 ], [ 25.624500443000102, 5.337793029000068 ], [ 25.626783318000093, 5.341482029000133 ], [ 25.622633160000078, 5.347452155000099 ], [ 25.618498200000033, 5.348130075000029 ], [ 25.614524730000085, 5.347054150000133 ], [ 25.614298119000068, 5.347044481000125 ], [ 25.614273425000192, 5.346986103000063 ], [ 25.611618240000098, 5.34626713800003 ], [ 25.606361797000147, 5.346702030000131 ], [ 25.606331460000035, 5.346704540000133 ], [ 25.60358052000015, 5.346932140000149 ], [ 25.602500563000035, 5.34623807700018 ], [ 25.602454690000059, 5.34620859600011 ], [ 25.601061240000092, 5.345313057 ], [ 25.598256745000128, 5.345469724000111 ], [ 25.597565448000182, 5.34550834200013 ], [ 25.597212967000075, 5.345528032000118 ], [ 25.597209311000142, 5.345537537000098 ], [ 25.597158443000183, 5.345531029000142 ], [ 25.590439905000096, 5.352060398000106 ], [ 25.587717479999981, 5.354706117000035 ], [ 25.586654432000159, 5.358491463000064 ], [ 25.586695271000053, 5.35857572700013 ], [ 25.586555443000066, 5.358844154000053 ], [ 25.587898193000115, 5.369894029000136 ], [ 25.581453568000086, 5.37516602900007 ], [ 25.573642193000069, 5.376752028999988 ], [ 25.567147817999967, 5.376057279000065 ], [ 25.567147486000124, 5.376057276000154 ], [ 25.560331200000178, 5.375328095000157 ], [ 25.557661693000171, 5.375901561000148 ], [ 25.557618226000045, 5.37598317800007 ], [ 25.557469153000056, 5.375982018000173 ], [ 25.557443912000167, 5.375948345000097 ], [ 25.555048200000044, 5.376462994000178 ], [ 25.54670594900017, 5.385410095000168 ], [ 25.546621319999986, 5.385596415000123 ], [ 25.546064443000034, 5.386098154000138 ], [ 25.540785443000061, 5.385851154000136 ], [ 25.536892318000071, 5.382847029000175 ], [ 25.535305443000141, 5.376629154000057 ], [ 25.536699442999975, 5.371801029000153 ], [ 25.546825443000102, 5.363779029000057 ], [ 25.550287192999974, 5.358268029000044 ], [ 25.547544318000178, 5.354577029000041 ], [ 25.543193568000049, 5.354203654000116 ], [ 25.528038443000128, 5.352903153999989 ], [ 25.51672556799997, 5.346797029000072 ], [ 25.511310443000013, 5.343874154000048 ], [ 25.506708443000093, 5.347311029000139 ], [ 25.502079317999971, 5.358802154000102 ], [ 25.497469443000057, 5.364079154000137 ], [ 25.492870443000186, 5.366135154000062 ], [ 25.492184676000193, 5.366063014000133 ], [ 25.492178002000173, 5.366106057000025 ], [ 25.486904160000108, 5.365885115000083 ], [ 25.485778411000126, 5.365001135999989 ], [ 25.482782568000118, 5.362650154 ], [ 25.480522443000098, 5.351827029000049 ], [ 25.476406318000159, 5.347672154000065 ], [ 25.471819443000129, 5.346506154000053 ], [ 25.464233568000168, 5.349242029000038 ], [ 25.460331568000072, 5.348999154000126 ], [ 25.445898318000104, 5.34066602900009 ], [ 25.441522818000067, 5.33550102900017 ], [ 25.431343193000089, 5.323359154000116 ], [ 25.431341802000077, 5.323358115000133 ], [ 25.429208400000107, 5.320590059999972 ], [ 25.425770318000048, 5.319198029 ], [ 25.419803443000092, 5.318947154000114 ], [ 25.4149765680001, 5.321002154000155 ], [ 25.409902318000036, 5.327428029000089 ], [ 25.408485318000032, 5.339620154000158 ], [ 25.404113568000128, 5.342596154000034 ], [ 25.400217240000131, 5.340512127000181 ], [ 25.39839924, 5.335213026000019 ], [ 25.398243542000102, 5.328578437999965 ], [ 25.398230310000088, 5.328014594000024 ], [ 25.398199439999985, 5.326699126999983 ], [ 25.395000480000192, 5.322315082999978 ], [ 25.391792520000138, 5.320693063000078 ], [ 25.391087348000042, 5.320701056000132 ], [ 25.390881237000144, 5.320703392000155 ], [ 25.385050714999977, 5.320769478000102 ], [ 25.385049443000071, 5.320769529000188 ], [ 25.381520318000184, 5.320809529000144 ], [ 25.376182318000133, 5.320870029000162 ], [ 25.367708193, 5.315548154000112 ], [ 25.366808193000168, 5.310252029000026 ], [ 25.36958131800003, 5.304969029000063 ], [ 25.373485443, 5.304522154000153 ], [ 25.381506318000106, 5.308001029000138 ], [ 25.384733318000144, 5.30433015400007 ], [ 25.38471639100004, 5.303662670000051 ], [ 25.38466547400003, 5.303660494000098 ], [ 25.384290480000061, 5.299957066000047 ], [ 25.381108015999985, 5.294282077000105 ], [ 25.380841498000166, 5.293806818000121 ], [ 25.380411480000134, 5.29304000400009 ], [ 25.374693166000043, 5.28703701500018 ], [ 25.371027358000106, 5.285183049000068 ], [ 25.360922519999974, 5.286990001 ], [ 25.357252318000064, 5.286286029 ], [ 25.356447094000032, 5.28471390500016 ], [ 25.356390381000097, 5.284756273000085 ], [ 25.347898440000108, 5.269685078 ], [ 25.344282175000103, 5.261071497000103 ], [ 25.344303761000106, 5.261004707000097 ], [ 25.34402844300007, 5.260467154000082 ], [ 25.335943193000048, 5.210501029000056 ], [ 25.334377105000158, 5.207332703000134 ], [ 25.332752520000099, 5.204046027000118 ], [ 25.328172240000072, 5.201038096000048 ], [ 25.327843422, 5.200718375000122 ], [ 25.321996440000134, 5.195033136000063 ], [ 25.320646440000132, 5.187434107000058 ], [ 25.324106446000087, 5.182613077000099 ], [ 25.324248568000144, 5.178648779000184 ], [ 25.324248664000152, 5.178648502999977 ], [ 25.324362360000123, 5.175480049000043 ], [ 25.330814776000011, 5.159839645000034 ], [ 25.330990022000151, 5.159414851 ], [ 25.332231240000169, 5.156406140000058 ], [ 25.337070444000176, 5.151131152000062 ], [ 25.337920432000146, 5.151010401000065 ], [ 25.337948740000172, 5.150938368000084 ], [ 25.341203520000192, 5.150224127000058 ], [ 25.341919805000032, 5.150442244000089 ], [ 25.346110702000146, 5.151718417000041 ], [ 25.349012506000065, 5.15260251400008 ], [ 25.352667360000112, 5.153716045000124 ], [ 25.354507320000153, 5.152571041000101 ], [ 25.355207567999969, 5.149122029000182 ], [ 25.352283193000062, 5.13231215400009 ], [ 25.351200318000053, 5.114127029000144 ], [ 25.348699442999987, 5.106984029000103 ], [ 25.335899193000159, 5.092441154000028 ], [ 25.329511443000115, 5.081832029 ], [ 25.329237590000105, 5.080121192000149 ], [ 25.32910752000015, 5.080130028000156 ], [ 25.327703160000112, 5.074231087000101 ], [ 25.32796485700004, 5.072170021000147 ], [ 25.329105395000056, 5.063187335000123 ], [ 25.329474613000059, 5.060279587000025 ], [ 25.330536442999971, 5.051917154000137 ], [ 25.327354443000161, 5.043161029000146 ], [ 25.317970193000122, 5.036223154000083 ], [ 25.284490193000067, 5.029661029000124 ], [ 25.283283424000103, 5.029652165000073 ], [ 25.283257570000103, 5.029555516000187 ], [ 25.259258160000172, 5.02750007100002 ], [ 25.247566440000014, 5.024697042000184 ], [ 25.243925968999974, 5.02236415700014 ], [ 25.243663537000145, 5.022309046000089 ], [ 25.243108818000167, 5.021840529000144 ], [ 25.231312443000149, 5.014281029000131 ], [ 25.22351052300013, 5.014022161000014 ], [ 25.209499320000191, 5.017654138000069 ], [ 25.20736411200005, 5.017583522000109 ], [ 25.204944176000026, 5.017503490000024 ], [ 25.204489972000147, 5.017488469000114 ], [ 25.201698480000061, 5.017396148000046 ], [ 25.197582240000031, 5.013698991000126 ], [ 25.195820708000099, 5.009361566000166 ], [ 25.195320118000097, 5.0081289580001 ], [ 25.194399480000129, 5.005862054000147 ], [ 25.191194400000143, 5.003779057000031 ], [ 25.183853280000051, 5.003292151000039 ], [ 25.179947280000192, 5.004888063000124 ], [ 25.169388781000066, 5.013869721000049 ], [ 25.169387085000153, 5.014090199000179 ], [ 25.167286443000023, 5.015658154000107 ], [ 25.166570443000126, 5.022791154 ], [ 25.164186907000101, 5.026075326000182 ], [ 25.163572320000128, 5.026922159000151 ], [ 25.160585400000116, 5.028291982000042 ], [ 25.155232880000085, 5.028272094000044 ], [ 25.154159770000092, 5.028268107000144 ], [ 25.154159402000062, 5.028268104000063 ], [ 25.152099480000174, 5.026649092000014 ], [ 25.151059424999971, 5.025112143000115 ], [ 25.150646263999988, 5.024501589000067 ], [ 25.150009875000023, 5.02356115800012 ], [ 25.149735513000053, 5.02315571600019 ], [ 25.149133440000071, 5.02226599300019 ], [ 25.147673550000036, 5.012176478000185 ], [ 25.147697977000064, 5.012148343000092 ], [ 25.147567443000071, 5.011443154000062 ], [ 25.133625318000156, 4.997122154000181 ], [ 25.131453608000072, 4.996650235000118 ], [ 25.131464035000135, 4.99658546600017 ], [ 25.117609556000161, 4.993145435000031 ], [ 25.116653831000065, 4.992908129999989 ], [ 25.115743440000131, 4.992682082000158 ], [ 25.110852420000072, 4.988767042 ], [ 25.110562193000135, 4.988663154000164 ], [ 25.110092318000113, 4.988495154000077 ], [ 25.106624318, 4.97745815400009 ], [ 25.100681443000099, 4.971452029000091 ], [ 25.099695917000076, 4.968070959000102 ], [ 25.099768145000041, 4.967963343000122 ], [ 25.097604290000106, 4.959977445000163 ], [ 25.095579992000125, 4.95380742499998 ], [ 25.095535348, 4.953796991 ], [ 25.095207193000135, 4.952671154000029 ], [ 25.094771218, 4.951716197000167 ], [ 25.094844408000029, 4.951565366000011 ], [ 25.090936200000158, 4.939653019 ], [ 25.088419290000104, 4.937803181000049 ], [ 25.082220193000069, 4.938931029000116 ], [ 25.073021193000159, 4.944649154000103 ], [ 25.072490143000095, 4.945376975000045 ], [ 25.072406183000055, 4.945320169000126 ], [ 25.061039280000045, 4.957723069000167 ], [ 25.050207806, 4.963703729000088 ], [ 25.050062287000117, 4.96394784600011 ], [ 25.046552568000095, 4.965722029000119 ], [ 25.044497426000021, 4.965829362000022 ], [ 25.044460685000104, 4.96573956800006 ], [ 25.027736400000038, 4.965880005000031 ], [ 25.025867260000098, 4.966893310000103 ], [ 25.022678400000018, 4.968622063000055 ], [ 25.020367104000115, 4.97141531300008 ], [ 25.02034198399997, 4.971749154000065 ], [ 25.019451443000094, 4.972522029000174 ], [ 25.017116443000191, 4.982410154000036 ], [ 25.010624193000183, 4.989317029000176 ], [ 25.000000193000119, 4.993160028999966 ], [ 24.983345193000162, 4.993096154000114 ], [ 24.957193818000064, 4.987179779000087 ], [ 24.957105188000185, 4.987130203000049 ], [ 24.957081248000179, 4.987154278000162 ], [ 24.953314320000061, 4.986302061000117 ], [ 24.95003133300014, 4.983374579000156 ], [ 24.950027519000173, 4.983171311000035 ], [ 24.949426318000064, 4.982835029000114 ], [ 24.945942184999979, 4.97505231100007 ], [ 24.945953180000117, 4.975023131000171 ], [ 24.944425200000182, 4.971077014000059 ], [ 24.943805465000139, 4.970279345000051 ], [ 24.940937030000043, 4.966587336000032 ], [ 24.940728604000185, 4.966319067000143 ], [ 24.939403200000129, 4.96461311000013 ], [ 24.933681360000094, 4.961138114000164 ], [ 24.928782540000157, 4.960691501000099 ], [ 24.928569193000158, 4.9604781540001 ], [ 24.928539011000169, 4.960447988999988 ], [ 24.928405199999986, 4.960657100000162 ], [ 24.925151198000037, 4.961622310999985 ], [ 24.92311137400003, 4.962227369000175 ], [ 24.921169577000057, 4.962803349000012 ], [ 24.919218360000173, 4.963382123000144 ], [ 24.914722465000068, 4.962922055999968 ], [ 24.907520568000052, 4.96218515400011 ], [ 24.897567318000029, 4.96187115400005 ], [ 24.890773320000108, 4.961657013000035 ], [ 24.888494520000052, 4.957965103999982 ], [ 24.884572055000092, 4.944387308000103 ], [ 24.884568060000049, 4.944003401999964 ], [ 24.883968117000052, 4.942297045000089 ], [ 24.878481480000062, 4.937672158000169 ], [ 24.873207444000116, 4.936500031000094 ], [ 24.865084943000113, 4.937190779000048 ], [ 24.84222231800004, 4.939134904000014 ], [ 24.822948193000173, 4.93928702900007 ], [ 24.820644233000166, 4.938174320000144 ], [ 24.818140440000036, 4.936965064999981 ], [ 24.815176878000159, 4.934067614000185 ], [ 24.811285318000046, 4.930263029000059 ], [ 24.809941646000027, 4.927406788000042 ], [ 24.809844363000082, 4.927341232000174 ], [ 24.807085168000128, 4.921746323000036 ], [ 24.806293562000178, 4.920141149000131 ], [ 24.804937358000075, 4.917391105000149 ], [ 24.804731292000042, 4.916973253000037 ], [ 24.804460440000014, 4.916424032000123 ], [ 24.802047653000159, 4.91398463500019 ], [ 24.802006902000073, 4.913981824000018 ], [ 24.80156606800017, 4.913497779000068 ], [ 24.799204443000065, 4.911110028999985 ], [ 24.791650193000123, 4.90693615400005 ], [ 24.784544193000158, 4.905525029000103 ], [ 24.779945568000073, 4.908038029000011 ], [ 24.779014193000023, 4.911025029000086 ], [ 24.780010693000065, 4.914066779000052 ], [ 24.780010774000175, 4.914080415000114 ], [ 24.780015633000119, 4.914081918000136 ], [ 24.781053240000062, 4.917249118000029 ], [ 24.780578246, 4.921159074000059 ], [ 24.777357568000184, 4.923217029000057 ], [ 24.772081320000098, 4.922735067000133 ], [ 24.764099806000104, 4.911654693000116 ], [ 24.764099318000092, 4.911654154000189 ], [ 24.759750318000158, 4.908873029 ], [ 24.748964318000162, 4.909519154000122 ], [ 24.748963715000173, 4.909518988000059 ], [ 24.745806972000025, 4.908789873000046 ], [ 24.743119161000152, 4.90816906800012 ], [ 24.741347443000109, 4.907759779000116 ], [ 24.734754443000099, 4.906237029000067 ], [ 24.729692318000048, 4.909668153999974 ], [ 24.725052318000166, 4.92161602900012 ], [ 24.720913443000086, 4.923901154000077 ], [ 24.705541568, 4.923605028999987 ], [ 24.693163066000068, 4.921020139000177 ], [ 24.67599981800015, 4.919000029000188 ], [ 24.667999818000112, 4.915999904000046 ], [ 24.662000193000097, 4.916999904000022 ], [ 24.657999818000121, 4.919000029000188 ], [ 24.655999943000154, 4.924000029000183 ], [ 24.657999818000121, 4.928000154000131 ], [ 24.667999818000112, 4.937000029000046 ], [ 24.668582081000068, 4.93867405300017 ], [ 24.668642834000025, 4.938671646000046 ], [ 24.672999960000084, 4.950000010000167 ], [ 24.675435004000121, 4.958117109000057 ], [ 24.675530917000174, 4.95843682900005 ], [ 24.675999803000082, 4.959999968000147 ], [ 24.673910400000125, 4.969500049999965 ], [ 24.672308400000077, 4.968573046000188 ], [ 24.660292157000185, 4.97071072500006 ], [ 24.660203462000027, 4.970771370000023 ], [ 24.659677443000135, 4.970820154000137 ], [ 24.652000068, 4.974000029000081 ], [ 24.633000068000058, 4.975000029000057 ], [ 24.630000120000147, 4.982000022000022 ], [ 24.629728103000105, 4.98305703699998 ], [ 24.629722840000113, 4.983077490000028 ], [ 24.629721405000112, 4.983087198000078 ], [ 24.629677327000024, 4.983285668000178 ], [ 24.629669406000119, 4.983285126000112 ], [ 24.629339894000054, 4.984565559000146 ], [ 24.629173138000112, 4.985286355000085 ], [ 24.629015388000028, 4.986020118000113 ], [ 24.628776797000114, 4.987129908000099 ], [ 24.628485517000172, 4.988484775000018 ], [ 24.628248913000107, 4.989585316000046 ], [ 24.627967666000018, 4.990893512000127 ], [ 24.627593060000095, 4.992635951000125 ], [ 24.627585848000081, 4.992702964000102 ], [ 24.627360827000189, 4.993716154000083 ], [ 24.626563237000084, 4.997426038000071 ], [ 24.626146169000037, 4.999365968000177 ], [ 24.625800588000118, 5.000973380000119 ], [ 24.624722416000111, 5.005988292000097 ], [ 24.624150397000108, 5.008648913000059 ], [ 24.624162657000056, 5.008685165000031 ], [ 24.622999943000139, 5.014000154000087 ], [ 24.622670343000038, 5.014617214000168 ], [ 24.622692060000134, 5.014633856000103 ], [ 24.62011418000003, 5.019940855000186 ], [ 24.61834348800005, 5.023586096999964 ], [ 24.61767948, 5.02495305500014 ], [ 24.615985612000031, 5.027276415000131 ], [ 24.615844512000081, 5.027469951000171 ], [ 24.615696840000112, 5.027672503000076 ], [ 24.615696551000156, 5.027672899000095 ], [ 24.615571709000164, 5.027844136000112 ], [ 24.615472626000042, 5.027980039999989 ], [ 24.613999920000026, 5.030000039000072 ], [ 24.610534196000174, 5.032056025000031 ], [ 24.591949193000119, 5.031515154000147 ], [ 24.56531131700001, 5.03623002900008 ], [ 24.548273192000067, 5.049043154000174 ], [ 24.545030442000041, 5.055472028999986 ], [ 24.544981582000048, 5.055704491000029 ], [ 24.544999465000046, 5.055706016000101 ], [ 24.54384420000008, 5.064443141000083 ], [ 24.542609542000093, 5.067497791000051 ], [ 24.540459019000025, 5.072818332000054 ], [ 24.540455940000072, 5.072821256000111 ], [ 24.540443442000083, 5.07285665400002 ], [ 24.539234488999966, 5.075923890000126 ], [ 24.539201280000157, 5.075930045000177 ], [ 24.534363240000062, 5.080511142000091 ], [ 24.506042900000011, 5.089185858000178 ], [ 24.50604223199997, 5.089197297000112 ], [ 24.505876436000108, 5.08925856500008 ], [ 24.505843872000071, 5.089246821000131 ], [ 24.494377320000069, 5.09275907100016 ], [ 24.492450567000105, 5.094219904000113 ], [ 24.485626444000104, 5.099394020000148 ], [ 24.475071239999977, 5.098885101000064 ], [ 24.472008113000129, 5.101122660000158 ], [ 24.467243442000154, 5.104603029000089 ], [ 24.454391442000087, 5.104545029000121 ], [ 24.447824192000098, 5.101408529000082 ], [ 24.438822439000035, 5.09710890499997 ], [ 24.43700844000017, 5.092268103000038 ], [ 24.43794619200014, 5.087899029000027 ], [ 24.444954567000082, 5.077715029000103 ], [ 24.445102729000098, 5.077381502000094 ], [ 24.445204343000171, 5.077352108000184 ], [ 24.447418200000129, 5.074135045000162 ], [ 24.447743999000124, 5.072853994000127 ], [ 24.447744360000115, 5.072854001000053 ], [ 24.44841617100019, 5.070210987000053 ], [ 24.448587438000061, 5.069537010000147 ], [ 24.447674724000024, 5.065492367000047 ], [ 24.447237480000069, 5.063547151000023 ], [ 24.444318066000108, 5.061212960000091 ], [ 24.442894440000089, 5.060074124000039 ], [ 24.439967290000027, 5.059789847000047 ], [ 24.439858208000032, 5.059886661000064 ], [ 24.435953192000056, 5.05940002900013 ], [ 24.430944192000027, 5.063472154000124 ], [ 24.429505567000092, 5.066406029000177 ], [ 24.425004942000157, 5.075584154000069 ], [ 24.424549840000168, 5.076482929000122 ], [ 24.42456241900004, 5.076487138000175 ], [ 24.422738888000026, 5.08020598100012 ], [ 24.421205494, 5.083333113000037 ], [ 24.421204996000142, 5.083334130000026 ], [ 24.420493967000027, 5.084784163000052 ], [ 24.414700275000087, 5.096599379999986 ], [ 24.410789280000074, 5.104575043000068 ], [ 24.408108126000059, 5.109165780000069 ], [ 24.408052243000157, 5.109261462000177 ], [ 24.407547046000047, 5.110126469000079 ], [ 24.407490475000031, 5.110223331999975 ], [ 24.407359782000185, 5.110447106000038 ], [ 24.407350962000123, 5.110447846000113 ], [ 24.407297192000158, 5.11055402900007 ], [ 24.402948442000024, 5.112824029000137 ], [ 24.395818317000078, 5.112595154000132 ], [ 24.389656192000132, 5.108849154000154 ], [ 24.387862269000152, 5.105970658 ], [ 24.38785564900013, 5.105974756000023 ], [ 24.386999680000088, 5.104608283000175 ], [ 24.385049557000116, 5.10149508700016 ], [ 24.384556608000082, 5.100708136000151 ], [ 24.382709280000029, 5.097759026000062 ], [ 24.382286575000137, 5.097036534000097 ], [ 24.382284356000184, 5.097020359000112 ], [ 24.382166442000027, 5.096831154000029 ], [ 24.379919192000102, 5.080958154000086 ], [ 24.376051442000175, 5.073805154000127 ], [ 24.372171317000038, 5.071222029000012 ], [ 24.361187442000073, 5.068055154000092 ], [ 24.361186809000117, 5.068054514000039 ], [ 24.360933240000179, 5.067981131000124 ], [ 24.359344874000044, 5.06624911800003 ], [ 24.359333976000187, 5.066183888000182 ], [ 24.358675320000032, 5.06551901000006 ], [ 24.357965400000126, 5.064745095000035 ], [ 24.357665440000176, 5.062563904000115 ], [ 24.357655026000032, 5.062488174000066 ], [ 24.357300480000163, 5.059910041000023 ], [ 24.358463413000038, 5.056803867000042 ], [ 24.358463569000037, 5.056803449000029 ], [ 24.358540371000174, 5.056598313000109 ], [ 24.358605717000046, 5.056423774000166 ], [ 24.359623200000158, 5.05370608200019 ], [ 24.363086400000157, 5.049349018999976 ], [ 24.366466615000149, 5.047471158000121 ], [ 24.368850360000124, 5.046183085000052 ], [ 24.374345561000155, 5.045950208000079 ], [ 24.381302192000135, 5.049123529000155 ], [ 24.381688498000074, 5.049266905000138 ], [ 24.381708747000062, 5.049309055000037 ], [ 24.390146160000029, 5.053157995000049 ], [ 24.397712280000064, 5.05348814000007 ], [ 24.399287841000103, 5.052829861000077 ], [ 24.402775317000192, 5.051375154000027 ], [ 24.409462317000134, 5.044502029000057 ], [ 24.411615065000092, 5.038931492000188 ], [ 24.412481280000065, 5.036690034 ], [ 24.411432615000081, 5.03310710400001 ], [ 24.411432683999976, 5.033103889000017 ], [ 24.411209375999988, 5.032344369999976 ], [ 24.411146602000144, 5.032130860999985 ], [ 24.411044343000128, 5.031783042000086 ], [ 24.407822067000154, 5.029147404000128 ], [ 24.407821598000169, 5.029147132000105 ], [ 24.405195240000126, 5.026998999000114 ], [ 24.400032464000162, 5.025293430000147 ], [ 24.391880317000073, 5.022600154000031 ], [ 24.38247571200003, 5.012629968000056 ], [ 24.380977320000056, 5.010961073999965 ], [ 24.37796739300012, 5.00981373400009 ], [ 24.37629927200004, 5.00917787000003 ], [ 24.375953277000121, 5.009045982000146 ], [ 24.373938780000174, 5.00827808400004 ], [ 24.365288519000046, 5.00710487300006 ], [ 24.363447974000053, 5.006855244000064 ], [ 24.363431278000121, 5.006875725999976 ], [ 24.362827192000054, 5.006771029000106 ], [ 24.356868067, 5.008849279000117 ], [ 24.356672759, 5.008874675000072 ], [ 24.35666175900019, 5.008921206000139 ], [ 24.355013400000132, 5.009496059000185 ], [ 24.350103360000105, 5.009825149000051 ], [ 24.34897324800005, 5.009900288000154 ], [ 24.348933788000124, 5.009880993000024 ], [ 24.34858744200011, 5.009926029000042 ], [ 24.335531151999987, 5.004462587000091 ], [ 24.333013440000059, 5.003409030000057 ], [ 24.325943307000102, 5.003590331000055 ], [ 24.325842918000092, 5.003592886000149 ], [ 24.325494529000139, 5.003601753000112 ], [ 24.325489223000034, 5.003606781000144 ], [ 24.325441192000028, 5.003603029000033 ], [ 24.319229442000164, 5.00702715400007 ], [ 24.299051400000053, 5.003939026000182 ], [ 24.27504129700003, 4.981115955000178 ], [ 24.274152294000089, 4.980574933000185 ], [ 24.273475200000064, 4.978269986000157 ], [ 24.273299215000122, 4.973002409000117 ], [ 24.273345645000063, 4.972949662000133 ], [ 24.273275442000056, 4.972286029000031 ], [ 24.282352442000047, 4.958318904000123 ], [ 24.284393192000095, 4.950243029000148 ], [ 24.284141241000157, 4.949531423000053 ], [ 24.284174743000051, 4.949506087999964 ], [ 24.282434520000038, 4.943636987000104 ], [ 24.281321527999978, 4.94156749800004 ], [ 24.280069320000109, 4.939239143000066 ], [ 24.276343500000053, 4.937463395 ], [ 24.275799202000144, 4.937204134000126 ], [ 24.275110320000124, 4.936876005000101 ], [ 24.264853709000192, 4.935286190000113 ], [ 24.260699860000102, 4.93464232600013 ], [ 24.260680825000065, 4.934664499000064 ], [ 24.258743317000153, 4.934339029000171 ], [ 24.252804317000084, 4.934903029000111 ], [ 24.250475442000038, 4.9404010290001 ], [ 24.252819517000091, 4.949722172000122 ], [ 24.253391520000093, 4.951995019000151 ], [ 24.252248659000145, 4.955379596000114 ], [ 24.252184514000078, 4.955412183000078 ], [ 24.252014567000117, 4.956072904000109 ], [ 24.248054192000097, 4.958813153999984 ], [ 24.236322442000187, 4.959544154000071 ], [ 24.234926955999981, 4.958688504000179 ], [ 24.229295280000144, 4.956654024000045 ], [ 24.198501575000023, 4.936427103000085 ], [ 24.197456743000032, 4.93574081100013 ], [ 24.197450917000083, 4.935709437000014 ], [ 24.196819317000063, 4.935322154000062 ], [ 24.196419709000054, 4.934956440000178 ], [ 24.196409708000033, 4.934964433 ], [ 24.194836281000107, 4.933590452000089 ], [ 24.193332793000081, 4.932277542 ], [ 24.191290440000103, 4.930493102000185 ], [ 24.190793402, 4.92991629200003 ], [ 24.190791139999988, 4.929893090000064 ], [ 24.190707651000139, 4.929816779000078 ], [ 24.190668721000122, 4.929693229000179 ], [ 24.19034944200007, 4.929401029000132 ], [ 24.190151427000103, 4.929113093000126 ], [ 24.19014318700016, 4.929125183000053 ], [ 24.181989480000084, 4.91821803300013 ], [ 24.179412036000144, 4.913468002000172 ], [ 24.174499238000067, 4.904413998000109 ], [ 24.173349480000184, 4.902295044000141 ], [ 24.168779280000024, 4.898590051000099 ], [ 24.161121734000062, 4.896629303 ], [ 24.161059160000036, 4.896569654000132 ], [ 24.159612192000054, 4.89624315400016 ], [ 24.136205317000019, 4.897509029000162 ], [ 24.131374192000067, 4.900017029000026 ], [ 24.11662644200004, 4.912601154000185 ], [ 24.105381442000066, 4.913466029000062 ], [ 24.095981192000124, 4.912039029000141 ], [ 24.084228192000069, 4.907465029000036 ], [ 24.078495442000019, 4.903751654000189 ], [ 24.070125192000091, 4.898330029000078 ], [ 24.051597692000087, 4.881808029000126 ], [ 24.051308666000182, 4.881643978000113 ], [ 24.051288747000058, 4.881544881000025 ], [ 24.04979748, 4.880275053999981 ], [ 24.045262028000082, 4.878029965000167 ], [ 24.040872360000151, 4.875857033000102 ], [ 24.031624320000049, 4.874965991000124 ], [ 24.031210226000042, 4.875040968000178 ], [ 24.029128192000087, 4.874725654000031 ], [ 24.018169317000115, 4.873670028999982 ], [ 24.010616192000157, 4.870179904000167 ], [ 24.008266867000032, 4.869492969000078 ], [ 23.995059480000123, 4.87846909700005 ], [ 23.988827880000031, 4.881255336000095 ], [ 23.982234120000157, 4.881588621000049 ], [ 23.980843440000058, 4.881234865000124 ], [ 23.972165640000014, 4.881387860000075 ], [ 23.96537998000008, 4.876759898000103 ], [ 23.965379812000094, 4.876759677 ], [ 23.95968984000001, 4.869230036999966 ], [ 23.957650067000088, 4.863239904000068 ], [ 23.958813567000107, 4.850124029000085 ], [ 23.958968750000054, 4.849543848000167 ], [ 23.958872466000059, 4.849460042000146 ], [ 23.959119960000123, 4.846670026000027 ], [ 23.962375408000185, 4.83663789100018 ], [ 23.961811442000055, 4.81823540400012 ], [ 23.961600067000063, 4.811010029000158 ], [ 23.958860067000046, 4.808230029000185 ], [ 23.952440160000037, 4.807740059000139 ], [ 23.950611445, 4.808753400000057 ], [ 23.949209880000126, 4.809530044000155 ], [ 23.947767479000049, 4.811315905000072 ], [ 23.945039241000075, 4.814693769000087 ], [ 23.937487731000033, 4.824043296000184 ], [ 23.936933160000081, 4.82472990600013 ], [ 23.933694745000082, 4.827699547000122 ], [ 23.931409680000115, 4.829794953000089 ], [ 23.927714868000123, 4.832076629000085 ], [ 23.923615043000098, 4.834608406000029 ], [ 23.922936360000165, 4.835027514000046 ], [ 23.917394880000131, 4.837114996000139 ], [ 23.905074240000147, 4.837608850000095 ], [ 23.892230067000128, 4.832660029000181 ], [ 23.884660067000141, 4.831040029000064 ], [ 23.883751114000177, 4.830147968000063 ], [ 23.883270120000134, 4.829020041000092 ], [ 23.877612762000126, 4.823945985000023 ], [ 23.87551068700003, 4.822060635000184 ], [ 23.875509960000045, 4.822059983000145 ], [ 23.873050080000098, 4.821220052000172 ], [ 23.870210067000187, 4.816529904000049 ], [ 23.856220067000152, 4.810769904000097 ], [ 23.851169942000183, 4.810769904000097 ], [ 23.849470067000141, 4.813350154000034 ], [ 23.843731713000125, 4.81612555300012 ], [ 23.840889840000102, 4.817500060000043 ], [ 23.834338015000071, 4.818440792999979 ], [ 23.834076575000097, 4.818478332000154 ], [ 23.833456501000114, 4.818567364000046 ], [ 23.83330963700007, 4.818568437000067 ], [ 23.833090067, 4.818619904000172 ], [ 23.830999817000077, 4.822980029000064 ], [ 23.831200664999983, 4.823497855000085 ], [ 23.83124916100013, 4.823487408 ], [ 23.83407, 4.829229977000068 ], [ 23.83348992100008, 4.829399975000115 ], [ 23.83348924500018, 4.829399578000164 ], [ 23.823344250000048, 4.82344244300009 ], [ 23.819568800000127, 4.821225487 ], [ 23.815829880000024, 4.819029975000092 ], [ 23.811419132000083, 4.815359884999964 ], [ 23.810150175, 4.814304011 ], [ 23.810149488000036, 4.814303439000128 ], [ 23.810109862000104, 4.814270465999982 ], [ 23.809904760000052, 4.814099805000183 ], [ 23.80641984000016, 4.811200057000065 ], [ 23.796513641000047, 4.800714794000157 ], [ 23.789076566000119, 4.792851680000069 ], [ 23.780665622000186, 4.783957989000044 ], [ 23.78027988000008, 4.783550104000142 ], [ 23.767505988999972, 4.784789901000124 ], [ 23.76650340000009, 4.784887209000033 ], [ 23.744363092000128, 4.782144111999969 ], [ 23.743617154000049, 4.782051693000085 ], [ 23.743199880000191, 4.781999995000035 ], [ 23.741869573000145, 4.782269403000157 ], [ 23.741657935000035, 4.782312263000108 ], [ 23.738863907000166, 4.78287809800014 ], [ 23.733858235000014, 4.783891824000023 ], [ 23.728880160000188, 4.784899961000178 ], [ 23.723610585000188, 4.785119947999988 ], [ 23.723610067000152, 4.785120029000097 ], [ 23.70915006700011, 4.782350029000042 ], [ 23.700153817, 4.777165529000058 ], [ 23.677499817000012, 4.763900028000023 ], [ 23.671669942000051, 4.761360028000183 ], [ 23.669399817000055, 4.758120028000121 ], [ 23.660939817000155, 4.752549903000158 ], [ 23.660408496000116, 4.751423600000123 ], [ 23.660315809, 4.751480821000143 ], [ 23.650330780000104, 4.734375274000172 ], [ 23.650272080000093, 4.734274713000104 ], [ 23.648670350000032, 4.731530718000158 ], [ 23.648670067000126, 4.731530028000122 ], [ 23.642949942000143, 4.728280028000142 ], [ 23.634699817000069, 4.727310027999977 ], [ 23.629420192000168, 4.728200152999989 ], [ 23.628625101000182, 4.72883978699997 ], [ 23.628691620000097, 4.728924215000063 ], [ 23.624349840000036, 4.733240018000174 ], [ 23.623299228000121, 4.733124329000134 ], [ 23.620248472000128, 4.732788392000145 ], [ 23.619989880000048, 4.73275991700018 ], [ 23.616097668000066, 4.728662168000142 ], [ 23.616098559000079, 4.728609465000147 ], [ 23.614927192000039, 4.727429903000029 ], [ 23.607680067, 4.719800028000179 ], [ 23.604919941999981, 4.720010153000032 ], [ 23.596767317, 4.726838778000058 ], [ 23.596581794000031, 4.726900919000173 ], [ 23.59523988, 4.728009902000167 ], [ 23.59138719800012, 4.72812997800014 ], [ 23.588820000000169, 4.728209990000039 ], [ 23.586796455000126, 4.727219457000047 ], [ 23.586241985000072, 4.72694804200006 ], [ 23.58478402500009, 4.726234364000163 ], [ 23.584022813000161, 4.725861747000124 ], [ 23.583099960000084, 4.725410006000175 ], [ 23.582280264000133, 4.724210465000112 ], [ 23.582280067, 4.724210278000044 ], [ 23.57899994200011, 4.719410028000027 ], [ 23.570897067000033, 4.715280153000037 ], [ 23.564589192000085, 4.711503028000038 ], [ 23.550594942000032, 4.701249028000177 ], [ 23.542096067000159, 4.695081403000131 ], [ 23.54205802600012, 4.694993846000102 ], [ 23.536730158000182, 4.691089912 ], [ 23.532599880000021, 4.691750031000026 ], [ 23.533013427000071, 4.692036925000139 ], [ 23.537760120000144, 4.695329888000174 ], [ 23.529984791000118, 4.692547222000144 ], [ 23.526360000000125, 4.691249964000122 ], [ 23.524272817, 4.689788653000107 ], [ 23.510766567000189, 4.680332028 ], [ 23.500680066000086, 4.673269906000144 ], [ 23.496549840000114, 4.672569910000107 ], [ 23.493973376999975, 4.672642342000074 ], [ 23.486252066000191, 4.672859403000189 ], [ 23.486246010000059, 4.672859574000086 ], [ 23.471865441000091, 4.673263903000077 ], [ 23.46489006600018, 4.67345990300015 ], [ 23.463973635000116, 4.672871951000161 ], [ 23.463904058000082, 4.672948126000165 ], [ 23.46208663900012, 4.67200464300015 ], [ 23.457319920000145, 4.669530075000068 ], [ 23.454982120000182, 4.667111232000025 ], [ 23.454981692000104, 4.667102985000156 ], [ 23.454961691000165, 4.667090153000117 ], [ 23.449529816000052, 4.66147002800011 ], [ 23.4466049830001, 4.65956195900003 ], [ 23.446560041999987, 4.659663773000148 ], [ 23.443538515, 4.65782615400002 ], [ 23.438418081000179, 4.654712021000023 ], [ 23.438053599000057, 4.654303722000122 ], [ 23.437776066000083, 4.654321528000139 ], [ 23.433860191000178, 4.651940028000126 ], [ 23.430089941000176, 4.647890028 ], [ 23.428743066000038, 4.643129403000046 ], [ 23.428660080999975, 4.641953449000084 ], [ 23.42841662100011, 4.641975541000136 ], [ 23.427941906000171, 4.637407561000032 ], [ 23.427745466999966, 4.63227846400008 ], [ 23.427682676000018, 4.630638951000037 ], [ 23.42755008000006, 4.627176784000028 ], [ 23.427612295000131, 4.62710553900007 ], [ 23.427470066000012, 4.625090028000045 ], [ 23.431749941000191, 4.600950028 ], [ 23.429699941000024, 4.597019910000085 ], [ 23.412744360000033, 4.596196413000087 ], [ 23.407101524000154, 4.600405099000113 ], [ 23.407096965, 4.600408498000149 ], [ 23.407078050000166, 4.600422606000052 ], [ 23.406471032000184, 4.600875346000066 ], [ 23.40570840200013, 4.601444148000041 ], [ 23.403024981999977, 4.603445554000075 ], [ 23.399150354000028, 4.606335401000024 ], [ 23.398230240000089, 4.607021656000029 ], [ 23.393839735000029, 4.611282242000129 ], [ 23.391681389000155, 4.613376711000114 ], [ 23.389947360000122, 4.615059416000179 ], [ 23.383375200000046, 4.618896914000118 ], [ 23.372277119999978, 4.620620564999967 ], [ 23.363939160000029, 4.619548112000132 ], [ 23.350391640000169, 4.618112061999966 ], [ 23.339966400000037, 4.616333434000069 ], [ 23.33338128000014, 4.618068589000018 ], [ 23.322992400000146, 4.622246668000116 ], [ 23.315072040000132, 4.632737922999979 ], [ 23.306459040000163, 4.643577690000086 ], [ 23.297799600000076, 4.646708892000163 ], [ 23.29121232, 4.64809350600018 ], [ 23.286028680000129, 4.651934415000085 ], [ 23.28401376, 4.663141045999964 ], [ 23.279541479999978, 4.669786405000139 ], [ 23.274368280000033, 4.675379090000035 ], [ 23.269197240000153, 4.681321819000118 ], [ 23.258804040000143, 4.684798985000043 ], [ 23.253605280000045, 4.686187116000099 ], [ 23.247136600000033, 4.686764353000115 ], [ 23.24215584, 4.68720881400003 ], [ 23.232797640000058, 4.689637494000124 ], [ 23.229425617, 4.692812757000183 ], [ 23.225642209000171, 4.696375385000067 ], [ 23.21982179400004, 4.701856112000144 ], [ 23.219097701000067, 4.702537943000152 ], [ 23.217955560000178, 4.703613421000171 ], [ 23.214867120000065, 4.709561475000044 ], [ 23.211036125000078, 4.715404961000047 ], [ 23.207988240000077, 4.72005392 ], [ 23.202819360000149, 4.726346868000064 ], [ 23.200974926000129, 4.728097230000117 ], [ 23.197296960000074, 4.731587594000075 ], [ 23.188296600000058, 4.735768578000147 ], [ 23.187470596000082, 4.735820753000098 ], [ 23.174499960000162, 4.73664004800014 ], [ 23.171590080000101, 4.738210019000064 ], [ 23.159503781000069, 4.736123827000142 ], [ 23.158349687000168, 4.735218908000149 ], [ 23.152778279000131, 4.730571374000021 ], [ 23.151409920000162, 4.729429917000175 ], [ 23.142930120000017, 4.723430127000029 ], [ 23.142930120000017, 4.724350108000067 ], [ 23.138088837000112, 4.722164938000049 ], [ 23.137859189000096, 4.72206128300013 ], [ 23.130050893000146, 4.718536901 ], [ 23.125250160000178, 4.716370015000109 ], [ 23.12325, 4.714410048000047 ], [ 23.121129601000064, 4.713586901000042 ], [ 23.120210160000113, 4.7132299700001 ], [ 23.11335, 4.707910072000118 ], [ 23.10686155999997, 4.713318053000023 ], [ 23.104827610000086, 4.71488945800013 ], [ 23.091725160000124, 4.725012163000031 ], [ 23.079983760000118, 4.735141917000078 ], [ 23.073707432000049, 4.741819386000031 ], [ 23.068265381000117, 4.747193198000048 ], [ 23.063077799999974, 4.752264520999972 ], [ 23.048874720000072, 4.757132727000055 ], [ 23.032264680000139, 4.765848174000098 ], [ 23.016734986000188, 4.785626501000081 ], [ 23.014696320000098, 4.788222865000137 ], [ 23.004372899000089, 4.799997083 ], [ 23.003664120000167, 4.800805462000028 ], [ 23.001869742, 4.803147404000185 ], [ 23.001549715000067, 4.803565086999981 ], [ 22.996431720000032, 4.81024481500009 ], [ 22.990566725000122, 4.820446749000041 ], [ 22.988474701000086, 4.824085706000119 ], [ 22.983600399000181, 4.834504114000083 ], [ 22.982726596000077, 4.83639356000009 ], [ 22.981879549999974, 4.838055444000133 ], [ 22.981428964000031, 4.838871444000119 ], [ 22.980556260000071, 4.840451887000086 ], [ 22.979272320000064, 4.842777060000174 ], [ 22.97649893200014, 4.845367753 ], [ 22.974784920000047, 4.846968849000177 ], [ 22.970966191, 4.842331404000049 ], [ 22.967209964000176, 4.837769887000036 ], [ 22.963410000000181, 4.836809883000171 ], [ 22.959935629000029, 4.832684018000123 ], [ 22.954610163000098, 4.82636001000003 ], [ 22.952076464000186, 4.824490888000071 ], [ 22.951336049000133, 4.8239446770001 ], [ 22.948596437000106, 4.821923639000033 ], [ 22.946956974000102, 4.820714188000068 ], [ 22.946877909000023, 4.820715787000097 ], [ 22.946259941000051, 4.820199904000162 ], [ 22.941320066000173, 4.815399904000174 ], [ 22.939147606000176, 4.815061 ], [ 22.935359880000135, 4.814470031999974 ], [ 22.932600864000108, 4.815255270000137 ], [ 22.932458797000152, 4.815369068000109 ], [ 22.932046066, 4.815413154000055 ], [ 22.925718316000143, 4.817214154 ], [ 22.925273054000058, 4.817306335000069 ], [ 22.925262998000107, 4.817343678999976 ], [ 22.922499960000096, 4.818130058000122 ], [ 22.920804573000112, 4.818302353000092 ], [ 22.920693589000166, 4.818254404000129 ], [ 22.920355417000053, 4.818324414000017 ], [ 22.920353775000081, 4.818348166000078 ], [ 22.911480000000154, 4.819249971000147 ], [ 22.906670040000051, 4.817870014000107 ], [ 22.901271699000063, 4.812764111000149 ], [ 22.900705205000065, 4.81222830300004 ], [ 22.899702293000075, 4.811279716000172 ], [ 22.899692464000054, 4.811270420000085 ], [ 22.897810080000056, 4.809489995000149 ], [ 22.894850486000166, 4.80375520500013 ], [ 22.894894964000116, 4.803679235000061 ], [ 22.894440066000129, 4.802960029000019 ], [ 22.893439816000125, 4.798607029000095 ], [ 22.889090191000037, 4.779680154000062 ], [ 22.890729941000188, 4.773699904000125 ], [ 22.903880066000113, 4.762280028000077 ], [ 22.904349816000092, 4.75998002800003 ], [ 22.902300030000163, 4.758599779000122 ], [ 22.902630120000083, 4.757089981000092 ], [ 22.901066537000133, 4.753928787 ], [ 22.900959477000185, 4.753930955000044 ], [ 22.900809941000034, 4.753410153000118 ], [ 22.879108853000048, 4.740643012000021 ], [ 22.879107717000124, 4.740643706000128 ], [ 22.878386063000107, 4.740217784000038 ], [ 22.87656, 4.739140038000016 ], [ 22.875149933000046, 4.735619927000187 ], [ 22.874333033000141, 4.725351600000124 ], [ 22.874336505000031, 4.725346731000172 ], [ 22.874479920000113, 4.722509966000189 ], [ 22.874029798000151, 4.721539926000048 ], [ 22.873669941000117, 4.716970028000105 ], [ 22.873669714000016, 4.716969763000179 ], [ 22.87089, 4.714705067000011 ], [ 22.86987942200011, 4.712763892000112 ], [ 22.868227737000154, 4.710746949999987 ], [ 22.868017837000025, 4.710371243000111 ], [ 22.865789816000131, 4.707770028000084 ], [ 22.85974294100015, 4.703093153000111 ], [ 22.858879036000133, 4.703241604000027 ], [ 22.858866859000102, 4.703195749000031 ], [ 22.854431160000047, 4.703714726000101 ], [ 22.852442563000068, 4.704279258999975 ], [ 22.852386706000175, 4.704357221000066 ], [ 22.8518320660001, 4.704452528000047 ], [ 22.845649305000052, 4.70818115700007 ], [ 22.843631520000145, 4.711723166000127 ], [ 22.841487720000032, 4.715965522000147 ], [ 22.832250856000144, 4.727643202000024 ], [ 22.831497360000128, 4.728595797000082 ], [ 22.826752560000159, 4.73331312 ], [ 22.824592560000099, 4.734884176000151 ], [ 22.820818675000055, 4.735231687000066 ], [ 22.819041360000028, 4.735395347000065 ], [ 22.812062143000105, 4.728217134999966 ], [ 22.809080199000107, 4.725150146000146 ], [ 22.805150191000052, 4.723746153000093 ], [ 22.80514984000007, 4.723745974000167 ], [ 22.80406114200008, 4.723357029000056 ], [ 22.80197016000011, 4.722610011000029 ], [ 22.800048268000069, 4.72125499800012 ], [ 22.799948147, 4.721081264000134 ], [ 22.799413066000056, 4.720807153000067 ], [ 22.792749816000139, 4.716109278000147 ], [ 22.790509940999982, 4.714530028000013 ], [ 22.785543766000046, 4.707534211 ], [ 22.783340159999966, 4.704429969000046 ], [ 22.782908943000109, 4.701330903000098 ], [ 22.782780398, 4.700407076000147 ], [ 22.782807571000035, 4.70035988800015 ], [ 22.78263447400002, 4.69870179600008 ], [ 22.782530499000018, 4.69861109500016 ], [ 22.782009960000039, 4.694870058000163 ], [ 22.782041517999971, 4.694763267000098 ], [ 22.782999960000097, 4.691519935000144 ], [ 22.781326321000051, 4.687788670000089 ], [ 22.781064196000159, 4.687204276000045 ], [ 22.780313962000037, 4.685531673000128 ], [ 22.778030160000071, 4.680440040000065 ], [ 22.777709444000038, 4.681446001000097 ], [ 22.777700066000136, 4.681429903000037 ], [ 22.771755831000121, 4.672362893000127 ], [ 22.769903864000071, 4.669537951000166 ], [ 22.76903987999998, 4.668220049000183 ], [ 22.767148191000047, 4.663223911000159 ], [ 22.767147816000147, 4.663223153000104 ], [ 22.762410065999973, 4.650710028000105 ], [ 22.76150999500004, 4.649713610000106 ], [ 22.761497509000037, 4.649790441000164 ], [ 22.759582827000088, 4.647861095000053 ], [ 22.758519960000172, 4.646790086000124 ], [ 22.752064515000086, 4.639345236 ], [ 22.751992540000117, 4.639177274000133 ], [ 22.750155816000188, 4.637143903000037 ], [ 22.742599941000037, 4.628430027999968 ], [ 22.738979816000096, 4.619180028000073 ], [ 22.738769547000174, 4.618090697000071 ], [ 22.738815854, 4.618065780000052 ], [ 22.738513308, 4.616010537000079 ], [ 22.737644384000077, 4.610107783000046 ], [ 22.736131651000051, 4.599831391000123 ], [ 22.735689840000191, 4.596830026000021 ], [ 22.734270066000136, 4.594780028000059 ], [ 22.734258979000174, 4.593791190000104 ], [ 22.73420726500018, 4.593770097000061 ], [ 22.734082257000125, 4.590634885000156 ], [ 22.734213694000061, 4.589752351000129 ], [ 22.734105066000154, 4.580064028000095 ], [ 22.733980691000056, 4.571010528000102 ], [ 22.733786566000106, 4.561010403000068 ], [ 22.733719194, 4.560387273000174 ], [ 22.733773614000086, 4.560344936000149 ], [ 22.733690040000113, 4.55604011500003 ], [ 22.733394888000191, 4.554958162000105 ], [ 22.733314046000089, 4.554948877000129 ], [ 22.732869960000073, 4.553660017000084 ], [ 22.732836338000141, 4.552927779000072 ], [ 22.732907701000101, 4.552881593000166 ], [ 22.732779938000078, 4.551699905000078 ], [ 22.731622051000159, 4.549332507000145 ], [ 22.730760000000146, 4.547569963000171 ], [ 22.730270040000107, 4.54614005600007 ], [ 22.727969825000116, 4.544979911999974 ], [ 22.721559840000054, 4.538530003 ], [ 22.718400120000126, 4.534279924000032 ], [ 22.718803611, 4.533882630000164 ], [ 22.719039840000107, 4.533650028000125 ], [ 22.716874808000057, 4.530608599000061 ], [ 22.716856158000098, 4.530599046000077 ], [ 22.71679669100007, 4.530498778000151 ], [ 22.712790686000176, 4.524871203000032 ], [ 22.712493191000135, 4.52445327800018 ], [ 22.709430000000111, 4.520150059000173 ], [ 22.709044066000104, 4.517933153000058 ], [ 22.707722191000073, 4.510338278000063 ], [ 22.707656431000146, 4.509557771000061 ], [ 22.707586342000127, 4.509558423000101 ], [ 22.706799840000087, 4.505039998000086 ], [ 22.70692219100016, 4.500843028000077 ], [ 22.707200191000084, 4.491310028000044 ], [ 22.698979941000061, 4.471720028000107 ], [ 22.693980824999983, 4.466868905000069 ], [ 22.694032915000037, 4.466729629999975 ], [ 22.690948535000075, 4.463760679000131 ], [ 22.68821988000019, 4.461339949000035 ], [ 22.683919625000101, 4.46157927600018 ], [ 22.683885455000109, 4.46159863600019 ], [ 22.683754691000161, 4.461588403000121 ], [ 22.681030066, 4.461740028000179 ], [ 22.674727939000036, 4.465449527000033 ], [ 22.672059839999974, 4.467019989000107 ], [ 22.67106512700019, 4.469006113000148 ], [ 22.671066868000082, 4.469020536000187 ], [ 22.671049191000122, 4.469037778000029 ], [ 22.669810345000144, 4.471758443000169 ], [ 22.66962672000011, 4.471878144000186 ], [ 22.669160040000065, 4.47280994800019 ], [ 22.666019080000069, 4.476625056000046 ], [ 22.663878933000149, 4.479224533999968 ], [ 22.663834167000175, 4.479392520000033 ], [ 22.663508441000033, 4.479674528000089 ], [ 22.662730066000051, 4.480619903000047 ], [ 22.654903566000144, 4.481341278000173 ], [ 22.653971187000025, 4.481372335000174 ], [ 22.653952172000118, 4.481428855000047 ], [ 22.652956236000136, 4.48152063200007 ], [ 22.649693350000177, 4.481819699000027 ], [ 22.648039920000144, 4.481970040000135 ], [ 22.648047692999967, 4.48156964500015 ], [ 22.648039941000036, 4.48156990300015 ], [ 22.639502816000061, 4.482838528000059 ], [ 22.632401441000184, 4.48389390300008 ], [ 22.627159816000187, 4.484690028000102 ], [ 22.623260066000114, 4.484449903000041 ], [ 22.617621682000049, 4.481965866000166 ], [ 22.614339960000166, 4.480520058000081 ], [ 22.610651163, 4.476437476000115 ], [ 22.609749942000121, 4.475440027000104 ], [ 22.606047691000128, 4.475195278000058 ], [ 22.602640066000049, 4.47497002800003 ], [ 22.599209816000041, 4.471740028000113 ], [ 22.598139941000113, 4.468220153000118 ], [ 22.599439816000086, 4.465400028000147 ], [ 22.597170066000047, 4.458400028000028 ], [ 22.597315527000092, 4.457847339000068 ], [ 22.597223174000192, 4.457837045000076 ], [ 22.597350120000044, 4.456489994000094 ], [ 22.600567235000028, 4.445358488000124 ], [ 22.600608357000056, 4.445335917000079 ], [ 22.600959940999985, 4.444000028000175 ], [ 22.598139941000113, 4.421430028000032 ], [ 22.597562007000079, 4.420846147000077 ], [ 22.597582313000146, 4.420795972000121 ], [ 22.596844234000116, 4.419956796000122 ], [ 22.594269960000076, 4.417029908000075 ], [ 22.59328059500001, 4.416520667000157 ], [ 22.593269941000017, 4.416509903000133 ], [ 22.587546993999979, 4.407409023000127 ], [ 22.586730120000084, 4.406109973000127 ], [ 22.58597361, 4.401950399000043 ], [ 22.586011565000035, 4.401924472000132 ], [ 22.585889941000119, 4.401490028000069 ], [ 22.587739941000052, 4.399720028000161 ], [ 22.588480066000102, 4.392910028000131 ], [ 22.58997019100002, 4.389310028000182 ], [ 22.601679816000171, 4.382890153 ], [ 22.601902082000095, 4.382906854000055 ], [ 22.601937783000096, 4.382857024000032 ], [ 22.606520040000078, 4.382270099000038 ], [ 22.608766136000099, 4.381500874000096 ], [ 22.613167199000031, 4.379993630000115 ], [ 22.620039816000144, 4.377639903000102 ], [ 22.623500191000176, 4.37212002800004 ], [ 22.622124191000182, 4.359883778000096 ], [ 22.622124023000026, 4.359883195000123 ], [ 22.621920120000084, 4.358070041000076 ], [ 22.619744062000166, 4.351481939000109 ], [ 22.619700997000052, 4.351479993000112 ], [ 22.619409816000029, 4.35047015300006 ], [ 22.608630066000046, 4.348139903000174 ], [ 22.605618941000046, 4.346184278000123 ], [ 22.60420538700015, 4.345313829000133 ], [ 22.604171866000115, 4.345244327000046 ], [ 22.598330040000121, 4.341449937000164 ], [ 22.59638140900006, 4.340432396999972 ], [ 22.59616749900016, 4.340364177000026 ], [ 22.595702816000141, 4.34007802800005 ], [ 22.595081055000151, 4.339725730000055 ], [ 22.595046197000102, 4.339735172000132 ], [ 22.585039920000042, 4.334510046000162 ], [ 22.583357816000103, 4.333083153000132 ], [ 22.583342070000072, 4.333074364000026 ], [ 22.583340593000059, 4.333068500000081 ], [ 22.580690040000036, 4.330820020000033 ], [ 22.576744643000154, 4.329380938000156 ], [ 22.576687969000091, 4.329360266000037 ], [ 22.574959920000026, 4.328729961000022 ], [ 22.57119, 4.324619914000039 ], [ 22.569633802000055, 4.321611926 ], [ 22.569249960000093, 4.320869992999974 ], [ 22.567719960000147, 4.316670045000137 ], [ 22.566715983000108, 4.312815631999968 ], [ 22.56587975900004, 4.309605235 ], [ 22.565804302000117, 4.309315540000114 ], [ 22.564919880000105, 4.305920083999979 ], [ 22.56258618600009, 4.299619598000049 ], [ 22.562539586000128, 4.299597283000082 ], [ 22.562190066000028, 4.298550028000022 ], [ 22.558757191000097, 4.295247278000147 ], [ 22.558696940000175, 4.295129695000071 ], [ 22.55863486700008, 4.295129663000068 ], [ 22.557970080000075, 4.294490084000188 ], [ 22.553238024000052, 4.284941642000092 ], [ 22.547637365000185, 4.273640359000183 ], [ 22.547629151000024, 4.27352980400002 ], [ 22.546209941000029, 4.270760028000154 ], [ 22.544449941000096, 4.26154002800007 ], [ 22.544556623, 4.260698064000053 ], [ 22.544517570999972, 4.260627463000162 ], [ 22.545123236999984, 4.252457565000043 ], [ 22.545200160000093, 4.251419935 ], [ 22.546140189000141, 4.248200021000059 ], [ 22.554690066000092, 4.238589778000062 ], [ 22.556099941000127, 4.234690027999989 ], [ 22.550929941000106, 4.21808015300013 ], [ 22.550886305000063, 4.217974129000083 ], [ 22.55080860400011, 4.217906749000178 ], [ 22.55058, 4.217580075000171 ], [ 22.550553197000056, 4.217164755000056 ], [ 22.550439960000176, 4.215410079000037 ], [ 22.549219441, 4.213924028000065 ], [ 22.54593544100004, 4.209925778000013 ], [ 22.540600066000138, 4.203430028000071 ], [ 22.536227566000036, 4.200032903000135 ], [ 22.535968065000134, 4.199778803000072 ], [ 22.535921294000048, 4.199795022000046 ], [ 22.531680000000165, 4.196499953 ], [ 22.531691589000161, 4.195591311000157 ], [ 22.531680066000149, 4.195580028 ], [ 22.523482066000042, 4.191192652999973 ], [ 22.523471797000184, 4.191184524000107 ], [ 22.523469797000018, 4.191186106999965 ], [ 22.520450160000053, 4.189570060000108 ], [ 22.516579156000034, 4.185727507000081 ], [ 22.51655581600005, 4.185709028000076 ], [ 22.507429941000169, 4.176630028000091 ], [ 22.504219881000154, 4.171110105000139 ], [ 22.501460160000136, 4.170420053000043 ], [ 22.498744585999987, 4.16663163000004 ], [ 22.498446134000176, 4.166296299000123 ], [ 22.498445123000181, 4.166213856000127 ], [ 22.493689920000122, 4.159579952000115 ], [ 22.489731333000066, 4.156448658000045 ], [ 22.489563105000173, 4.156315588000041 ], [ 22.489562406000175, 4.156315035000091 ], [ 22.48521984000007, 4.152879994000159 ], [ 22.479278282000166, 4.149212012000078 ], [ 22.479213164999976, 4.14918943300006 ], [ 22.478966941000067, 4.149019903000067 ], [ 22.469879941000102, 4.143410028000176 ], [ 22.461587316000134, 4.134262403000093 ], [ 22.455881316000159, 4.127968153000154 ], [ 22.453648624000152, 4.127184511000166 ], [ 22.453626546000123, 4.127200860000187 ], [ 22.445219879999968, 4.124340044000064 ], [ 22.444895880000161, 4.124407993000091 ], [ 22.444984878000071, 4.124058935000164 ], [ 22.4449999200001, 4.123999936000189 ], [ 22.436452506000023, 4.124502733000099 ], [ 22.43542928800008, 4.124651683000025 ], [ 22.411386605000075, 4.12585982100012 ], [ 22.411374357000113, 4.125874984000063 ], [ 22.408999920000042, 4.125999955 ], [ 22.401758994999966, 4.122708650000106 ], [ 22.401483722000023, 4.122583527000131 ], [ 22.39800012000012, 4.121000077000019 ], [ 22.397751376000144, 4.121000077000019 ], [ 22.39200000000011, 4.121000077000019 ], [ 22.391615973000057, 4.120769660000065 ], [ 22.390432656000144, 4.120059664000109 ], [ 22.388052177000077, 4.118631365000169 ], [ 22.386999960000139, 4.11800002800004 ], [ 22.369617970000093, 4.11800002800004 ], [ 22.358999880000113, 4.11800002800004 ], [ 22.340000160000159, 4.113999944 ], [ 22.32792797500008, 4.114046555000073 ], [ 22.305999960000179, 4.114999967000074 ], [ 22.281000120000101, 4.112000074000093 ], [ 22.272777259000179, 4.113096376000044 ], [ 22.270904202000168, 4.113346099000182 ], [ 22.266000000000133, 4.113999944 ], [ 22.240000080000016, 4.123999936000189 ], [ 22.22154793500016, 4.125757280000073 ], [ 22.218999840000095, 4.125999955 ], [ 22.211893199000144, 4.129045695000116 ], [ 22.203280229000029, 4.132736996000119 ], [ 22.19799996, 4.134999977 ], [ 22.193221843000174, 4.138475016000029 ], [ 22.187000160000082, 4.142999910000185 ], [ 22.181804511000166, 4.145226644000047 ], [ 22.173535505000075, 4.148770534000164 ], [ 22.1715626350001, 4.149798600000111 ], [ 22.166441409000186, 4.152643759000057 ], [ 22.164000120000082, 4.154000043000053 ], [ 22.155000120000068, 4.163000102000126 ], [ 22.149000000000115, 4.168000070000119 ], [ 22.136354681000171, 4.181794972000034 ], [ 22.128323191, 4.190556611000147 ], [ 22.127000040000041, 4.192000041000028 ], [ 22.11900012000018, 4.195999904000132 ], [ 22.104467924, 4.205688112000075 ], [ 22.095, 4.212000046000071 ], [ 22.083999840000047, 4.214000018000149 ], [ 22.069000080000137, 4.21499991200011 ], [ 22.05900000000014, 4.220000082000126 ], [ 22.050033477000113, 4.22097646800006 ], [ 22.048895642000048, 4.221100369000112 ], [ 22.045172773000104, 4.221438829000022 ], [ 22.038999839999974, 4.222000033000143 ], [ 22.030999920000113, 4.222000033000143 ], [ 22.027798200000063, 4.223970311000073 ], [ 22.022768727000027, 4.227065354999979 ], [ 22.017999960000054, 4.229999964000058 ], [ 22.017365692000169, 4.230523671000128 ], [ 22.017416324000123, 4.230583615000114 ], [ 22.011000120000176, 4.236999949000051 ], [ 22.007000160000132, 4.239000030000113 ], [ 21.993000190000146, 4.240000028000054 ], [ 21.989711895000141, 4.239042716000085 ], [ 21.989675386000044, 4.239093305999972 ], [ 21.986643261000097, 4.238266340000166 ], [ 21.984285803000034, 4.23762337800008 ], [ 21.98199996, 4.236999949000051 ], [ 21.981920860000059, 4.236774529000058 ], [ 21.981510815000149, 4.236655153000129 ], [ 21.978904565000164, 4.234815402999971 ], [ 21.974530065000067, 4.231727153000065 ], [ 21.96796806500015, 4.227095028000065 ], [ 21.964997329000028, 4.22500101300011 ], [ 21.964994690000026, 4.224999153000113 ], [ 21.96433385600011, 4.224933084000043 ], [ 21.958999920000167, 4.223999979000041 ], [ 21.955000827000163, 4.223999979000041 ], [ 21.955000065000092, 4.223999903000049 ], [ 21.949870940000153, 4.226308153000048 ], [ 21.944274690000043, 4.228826403000028 ], [ 21.937324967000109, 4.231953776000069 ], [ 21.935000160000016, 4.232999939000024 ], [ 21.933740440000065, 4.233054712000069 ], [ 21.93207865300019, 4.233126967000089 ], [ 21.931537774000105, 4.233150485000067 ], [ 21.921696744000144, 4.233578376000025 ], [ 21.916807899, 4.23379094400002 ], [ 21.912000190000015, 4.234000028000082 ], [ 21.901249065000172, 4.236033903000077 ], [ 21.900944782000124, 4.236104437000051 ], [ 21.900935287000152, 4.236093322000102 ], [ 21.885938890000034, 4.238930451000101 ], [ 21.875000039999975, 4.240999936000037 ], [ 21.872000160000141, 4.240000075000125 ], [ 21.871999506000066, 4.240000075000125 ], [ 21.858999840000024, 4.240000075000125 ], [ 21.853580960000045, 4.242709619000152 ], [ 21.849000064999984, 4.245000028000049 ], [ 21.838703065000118, 4.252587278000078 ], [ 21.830000065000036, 4.25900002800006 ], [ 21.817000065000173, 4.262000028000102 ], [ 21.809762315000114, 4.266825028000028 ], [ 21.80499994000013, 4.27000002799997 ], [ 21.794000065000148, 4.271000028000117 ], [ 21.787205190000066, 4.270691028000158 ], [ 21.7720000650001, 4.27000002799997 ], [ 21.767336065000165, 4.272967903000165 ], [ 21.760999940000033, 4.277000028000089 ], [ 21.759000190000108, 4.282000153000183 ], [ 21.757623889000058, 4.284162665000053 ], [ 21.756529558000182, 4.28588227400013 ], [ 21.756525369000087, 4.285888857000032 ], [ 21.753274561000069, 4.290997087000108 ], [ 21.75199992, 4.293000014000029 ], [ 21.744000000000142, 4.299999956000079 ], [ 21.739030515000138, 4.302208626000038 ], [ 21.735000000000127, 4.30399997000012 ], [ 21.727984814000024, 4.303498909000155 ], [ 21.725655700000061, 4.30333255100004 ], [ 21.720999960000142, 4.303000013000087 ], [ 21.718342153000037, 4.302218306000157 ], [ 21.707411938000121, 4.299003534000065 ], [ 21.704000040000096, 4.298000029999969 ], [ 21.701073423000139, 4.298487787000113 ], [ 21.698961243000156, 4.298839807000093 ], [ 21.693358355000044, 4.299773596000023 ], [ 21.692000160000191, 4.299999956000079 ], [ 21.683000160000176, 4.295999920000042 ], [ 21.677000040000053, 4.295999920000042 ], [ 21.668000040000038, 4.304999925000175 ], [ 21.66000012000012, 4.309000092000133 ], [ 21.651000120000106, 4.309000092000133 ], [ 21.642000120000091, 4.303000013000087 ], [ 21.629999880000184, 4.290000097000018 ], [ 21.624000120000062, 4.285000027000024 ], [ 21.607629089000113, 4.276333093000062 ], [ 21.606999840000185, 4.275999963 ], [ 21.597000120000018, 4.271999980000089 ], [ 21.584000160000187, 4.259000069000138 ], [ 21.57699996000008, 4.25399997500017 ], [ 21.565000080000175, 4.246999968000125 ], [ 21.558683845000076, 4.246999968000125 ], [ 21.552000120000173, 4.246999968000125 ], [ 21.551997637000056, 4.247000194000179 ], [ 21.542599575000111, 4.247854577000055 ], [ 21.541002163000087, 4.24799979800008 ], [ 21.54099994, 4.247999903 ], [ 21.525667315000135, 4.251333153000132 ], [ 21.496780565000165, 4.257612903000108 ], [ 21.496780254000043, 4.25761301600005 ], [ 21.494999879999966, 4.258000052999989 ], [ 21.48522076900008, 4.261761180000065 ], [ 21.485032570000044, 4.261894722000079 ], [ 21.481999940000094, 4.263000028000079 ], [ 21.47412216400005, 4.26663586799998 ], [ 21.468999960000076, 4.268999979000114 ], [ 21.459999960000061, 4.268999979000114 ], [ 21.459999025000059, 4.268999563000079 ], [ 21.450999960000047, 4.264999959000079 ], [ 21.450812784, 4.265586175000067 ], [ 21.44680524000006, 4.278137256000036 ], [ 21.431751480000116, 4.284182465000072 ], [ 21.4197073200001, 4.282670629000052 ], [ 21.399000120000096, 4.27299997800003 ], [ 21.377000160000023, 4.277999947000126 ], [ 21.350999880000074, 4.290000097000018 ], [ 21.333999960000028, 4.293999984000152 ], [ 21.32700012000015, 4.298000029999969 ], [ 21.322415410000076, 4.302075262000017 ], [ 21.320212385000104, 4.304033466000021 ], [ 21.318000120000136, 4.305999879000126 ], [ 21.314000160000091, 4.310999988000049 ], [ 21.313000080000108, 4.311999933999971 ], [ 21.30791374800009, 4.314906423000025 ], [ 21.30599988, 4.316000064000036 ], [ 21.300000120000107, 4.320999927000116 ], [ 21.290678090000085, 4.332864184000016 ], [ 21.288999960000126, 4.334999941000092 ], [ 21.282000120000077, 4.338000038000075 ], [ 21.278999880000185, 4.338000038000075 ], [ 21.277529067000046, 4.337182904000144 ], [ 21.269999880000171, 4.332999928000106 ], [ 21.259046376000128, 4.332157418000179 ], [ 21.256999920000112, 4.332000011000048 ], [ 21.254544297000052, 4.330772176000153 ], [ 21.254240645000152, 4.330620347000092 ], [ 21.25100016, 4.329000070000063 ], [ 21.242000159999975, 4.311999933999971 ], [ 21.237288399000136, 4.295980105000126 ], [ 21.23727364500013, 4.295744979 ], [ 21.237000189000071, 4.294999903000189 ], [ 21.233725789000061, 4.293180936000056 ], [ 21.229835451000042, 4.291019698000127 ], [ 21.228000120000161, 4.290000097000018 ], [ 21.219000120000146, 4.286999987000115 ], [ 21.210999840000056, 4.286999987000115 ], [ 21.206000160000087, 4.290000097000018 ], [ 21.203548466000086, 4.293677241000182 ], [ 21.201999840000042, 4.295999920000042 ], [ 21.192001395000091, 4.303998951000096 ], [ 21.192000120000102, 4.30399997000012 ], [ 21.191999561000159, 4.303999858000111 ], [ 21.187000080000132, 4.303000013000087 ], [ 21.184283818000097, 4.301913563000085 ], [ 21.182000040000105, 4.301000096000053 ], [ 21.17499984, 4.302000055000121 ], [ 21.171999960000107, 4.305999879000126 ], [ 21.170688128000108, 4.307020223000166 ], [ 21.166622835000112, 4.310182202000021 ], [ 21.161828528000171, 4.313805284000125 ], [ 21.161853183000176, 4.313834083000131 ], [ 21.15200016, 4.320999927000116 ], [ 21.148044188000085, 4.3228257560001 ], [ 21.143708840000045, 4.324792263000177 ], [ 21.11900004, 4.336000034000165 ], [ 21.114, 4.343000112000084 ], [ 21.110960458000079, 4.349513582000043 ], [ 21.109054189000176, 4.353598403000092 ], [ 21.105026939000027, 4.361946403000161 ], [ 21.101000064000175, 4.370000153000035 ], [ 21.097813446000089, 4.372503812000161 ], [ 21.09504464600019, 4.374679281000112 ], [ 21.091227472000185, 4.37767845000019 ], [ 21.08700000000016, 4.380999978000034 ], [ 21.084999840000023, 4.384999916000083 ], [ 21.075000120000084, 4.392000070000165 ], [ 21.071999880000192, 4.392999908000093 ], [ 21.06347689200004, 4.396314448999988 ], [ 21.059335315999988, 4.397925078000128 ], [ 21.05667153100012, 4.398961004000057 ], [ 21.056644401000028, 4.398992577000058 ], [ 21.053999880000163, 4.399999986000012 ], [ 21.053999880000163, 4.400999991999981 ], [ 21.047000040000057, 4.401999997000075 ], [ 21.038000040000043, 4.400999993000084 ], [ 21.024, 4.401999997000075 ], [ 21.00899988000009, 4.407999995000182 ], [ 20.98800000000017, 4.421999978000088 ], [ 20.97799992, 4.42400010800003 ], [ 20.970000000000141, 4.427999992000025 ], [ 20.953000080000095, 4.429999926000164 ], [ 20.946999960000142, 4.427999992000025 ], [ 20.934, 4.429999926000164 ], [ 20.923999920000085, 4.435000096000124 ], [ 20.910999960000083, 4.438999919000082 ], [ 20.900999880000086, 4.437999965000131 ], [ 20.885000039999966, 4.437999965000131 ], [ 20.864999880000028, 4.445999917000165 ], [ 20.856999960000167, 4.445999917000165 ], [ 20.850000120000061, 4.441000002000067 ], [ 20.837276814, 4.434638278000023 ], [ 20.826, 4.428999960000169 ], [ 20.818342461000043, 4.424005599000054 ], [ 20.813364591000095, 4.421018776000096 ], [ 20.810000160000186, 4.419000043000096 ], [ 20.794639320000044, 4.421373757000083 ], [ 20.780028720000132, 4.420658409 ], [ 20.766730423000183, 4.42106910200016 ], [ 20.761854651000192, 4.421203404999972 ], [ 20.761826965000182, 4.421220534999975 ], [ 20.758055138000145, 4.421337021000056 ], [ 20.75628276700013, 4.421373757000083 ], [ 20.755670175000034, 4.421373757000083 ], [ 20.752043209000135, 4.421373757000083 ], [ 20.746174679999967, 4.421373757000083 ], [ 20.74443932500003, 4.421315716000151 ], [ 20.743076938000172, 4.421270149000179 ], [ 20.74263932700012, 4.42125551200013 ], [ 20.737977251000018, 4.421099582000011 ], [ 20.734703640000134, 4.421000001000039 ], [ 20.728781717000174, 4.421000001000039 ], [ 20.728782592000186, 4.421014022000065 ], [ 20.728000080000072, 4.421000001000039 ], [ 20.713851898000087, 4.419048579000048 ], [ 20.698999920000119, 4.417000079000047 ], [ 20.681139238000071, 4.415086355000142 ], [ 20.670999840000093, 4.413999943000135 ], [ 20.670999840000093, 4.41500011 ], [ 20.664, 4.41199996600011 ], [ 20.656015920000016, 4.42173152099997 ], [ 20.637484920000134, 4.416366306999976 ], [ 20.63099988, 4.405000002 ], [ 20.624000040000112, 4.401999997000075 ], [ 20.612999880000132, 4.401999997000075 ], [ 20.606000040000083, 4.403 ], [ 20.589732720000029, 4.415293187000032 ], [ 20.554999920000057, 4.437999966 ], [ 20.539000080000108, 4.440000051000027 ], [ 20.532999960000154, 4.44199995200006 ], [ 20.527999920000184, 4.448999921000052 ], [ 20.527217768000128, 4.450251362000131 ], [ 20.522999879999986, 4.456999931000098 ], [ 20.508999840000172, 4.475999939000076 ], [ 20.50099992000014, 4.480999972000177 ], [ 20.490000120000047, 4.480999972000177 ], [ 20.477999880000084, 4.484999901000094 ], [ 20.466, 4.497999966000066 ], [ 20.462000040000191, 4.503000025000119 ], [ 20.457, 4.512000009000133 ], [ 20.453000040000177, 4.524999944000115 ], [ 20.453000040000177, 4.529999995000026 ], [ 20.450000160000116, 4.544999936000067 ], [ 20.450000160000116, 4.563999946000024 ], [ 20.451999960000023, 4.574000003000094 ], [ 20.460999960000038, 4.598999973000048 ], [ 20.460999960000038, 4.60600002100017 ], [ 20.458000079999977, 4.614999955000144 ], [ 20.456392846000085, 4.618857298000023 ], [ 20.456391813000039, 4.618859778000058 ], [ 20.453000040000177, 4.626999926000167 ], [ 20.451204118000078, 4.629095171000017 ], [ 20.451203859000145, 4.629095473000064 ], [ 20.446999920000053, 4.634000052999966 ], [ 20.440039897000133, 4.639731842 ], [ 20.440039053000078, 4.63973253600011 ], [ 20.430000000000177, 4.647999917000163 ], [ 20.425115923000078, 4.653665601000171 ], [ 20.423985380999966, 4.654977059000146 ], [ 20.421292129000051, 4.65810129100015 ], [ 20.405000159000167, 4.677000035000106 ], [ 20.403085123000153, 4.678550296000026 ], [ 20.383999920000122, 4.693999972000086 ], [ 20.373000120000029, 4.708999991000155 ], [ 20.364000120000185, 4.728000024000039 ], [ 20.358, 4.736999987000161 ], [ 20.351536582000108, 4.74303254300014 ], [ 20.351535892000072, 4.743033155000035 ], [ 20.341957212000125, 4.751520852000169 ], [ 20.340653440999972, 4.752676118000011 ], [ 20.336000040000158, 4.755999959000121 ], [ 20.33109281000003, 4.759271474 ], [ 20.318000040000129, 4.767999988000156 ], [ 20.307999960000132, 4.772999908000145 ], [ 20.280999960000088, 4.775000118000037 ], [ 20.271999960000073, 4.779999985000131 ], [ 20.255000040000027, 4.793000116000087 ], [ 20.238999840000076, 4.804000059000089 ], [ 20.214000000000169, 4.818999984000186 ], [ 20.202999840000018, 4.822999944000173 ], [ 20.197938645000022, 4.825892207000152 ], [ 20.19600000000014, 4.827000059000113 ], [ 20.176266608000049, 4.846733593000067 ], [ 20.170000080000079, 4.853000045000044 ], [ 20.168323458000089, 4.857071765000114 ], [ 20.162999880000143, 4.870000054 ], [ 20.150697960000116, 4.884774031 ], [ 20.13800004, 4.888000010000042 ], [ 20.122999920000041, 4.893999947000054 ], [ 20.11799988000007, 4.893999947000054 ], [ 20.110169389000077, 4.896349191000127 ], [ 20.110156119000067, 4.896353171999976 ], [ 20.109402981000073, 4.896579122000048 ], [ 20.108000160000131, 4.89699998500015 ], [ 20.105080691000069, 4.898946276000174 ], [ 20.104853131000027, 4.89919425800008 ], [ 20.103805322000142, 4.899796510000158 ], [ 20.100253695000163, 4.902164224000103 ], [ 20.09599992, 4.905000019 ], [ 20.09199996000018, 4.906000016000064 ], [ 20.087614834000078, 4.909837015 ], [ 20.087273931000027, 4.910135306000086 ], [ 20.084000040000092, 4.912999955000089 ], [ 20.06799983999997, 4.924000068000112 ], [ 20.050999920000095, 4.946000100000163 ], [ 20.03699988000011, 4.957999936000022 ], [ 20.023999920000051, 4.965999942999986 ], [ 20.008954379000158, 4.96976140400011 ], [ 20.004000120000114, 4.970999988000074 ], [ 20.000579449000156, 4.972710317000121 ], [ 20.000000160000127, 4.972999959000106 ], [ 19.995437489000153, 4.974520860999974 ], [ 19.994603052000116, 4.974799009000094 ], [ 19.98799992, 4.977000063000162 ], [ 19.98197305900004, 4.977753411000094 ], [ 19.9720000800001, 4.979000015000054 ], [ 19.969227433000128, 4.977943679000077 ], [ 19.969225819000144, 4.977890347000084 ], [ 19.96700004000013, 4.977000063000162 ], [ 19.963198323000029, 4.975943996000069 ], [ 19.963165400999969, 4.975949753000123 ], [ 19.96277039000006, 4.975825117999989 ], [ 19.956458075000114, 4.97407163400004 ], [ 19.949000040000101, 4.97199988400007 ], [ 19.945369262000042, 4.97210663900006 ], [ 19.945328072, 4.97199988400007 ], [ 19.941000120000012, 4.97199988400007 ], [ 19.939621432000024, 4.97227564100001 ], [ 19.931000040000072, 4.974000032000163 ], [ 19.930947751000076, 4.97401964 ], [ 19.925433058000067, 4.976087584000027 ], [ 19.914999840000121, 4.979999899000177 ], [ 19.901000160000137, 4.994000092000135 ], [ 19.900855682999975, 4.994191310000133 ], [ 19.898318701000051, 4.995916391000151 ], [ 19.898264988000108, 4.995823503000111 ], [ 19.892000160000123, 4.999999953000156 ], [ 19.89, 5.000999985000135 ], [ 19.888210058000027, 5.002789957000061 ], [ 19.874000160000094, 5.016999916000145 ], [ 19.871441779000065, 5.020581631000084 ], [ 19.871302006000121, 5.020668768000121 ], [ 19.870786286000111, 5.021499304999963 ], [ 19.870071961000065, 5.022429609000028 ], [ 19.87011204900017, 5.022443235000082 ], [ 19.869000120000067, 5.023999918000015 ], [ 19.86739236000011, 5.034167111000102 ], [ 19.856000160000065, 5.059999982000079 ], [ 19.855000080000082, 5.064000083000053 ], [ 19.847999880000145, 5.074000047000027 ], [ 19.843999920000158, 5.076999969999974 ], [ 19.83755947700007, 5.082423481000092 ], [ 19.837523149999981, 5.082438821000153 ], [ 19.837529219000032, 5.082449007000093 ], [ 19.824999840000146, 5.09299997800008 ], [ 19.815999840000131, 5.095999990000166 ], [ 19.793000160000133, 5.101000099000089 ], [ 19.775999880000029, 5.103000024000096 ], [ 19.775999880000029, 5.101999973000034 ], [ 19.761000120000119, 5.107000034000123 ], [ 19.740999960000124, 5.114999979000061 ], [ 19.725000120000061, 5.119000094000171 ], [ 19.707155260000036, 5.127614744000084 ], [ 19.695999960000051, 5.132999933000065 ], [ 19.694345586000111, 5.132999933000065 ], [ 19.685145490000082, 5.132999933000065 ], [ 19.681999920000067, 5.132999933000065 ], [ 19.659790167000153, 5.130637256000057 ], [ 19.642579876000184, 5.128806417000021 ], [ 19.635000120000086, 5.128000077000081 ], [ 19.613000160000183, 5.128000077000081 ], [ 19.602, 5.131999929000131 ], [ 19.588505781000094, 5.135164668000073 ], [ 19.577000160000125, 5.138999923000029 ], [ 19.566, 5.144000051000035 ], [ 19.55499984000005, 5.146000019000155 ], [ 19.548000000000172, 5.145000036000056 ], [ 19.533891113000095, 5.140767330000187 ], [ 19.527999840000177, 5.138999923000029 ], [ 19.51637868, 5.134934419000103 ], [ 19.50800004000007, 5.125000037000063 ], [ 19.490000040000041, 5.121999983000137 ], [ 19.474999920000073, 5.121999983000137 ], [ 19.461999960000014, 5.125000037000063 ], [ 19.446999840000046, 5.129000087000065 ], [ 19.441000080000151, 5.129000087000065 ], [ 19.429999920000171, 5.129999917000021 ], [ 19.423000080000122, 5.128000077000081 ], [ 19.413000000000125, 5.124000021000086 ], [ 19.402999920000127, 5.120999961 ], [ 19.392000120000034, 5.112999913000124 ], [ 19.378000080000049, 5.098999989000106 ], [ 19.368, 5.082000049000044 ], [ 19.359, 5.07299995000011 ], [ 19.338000120000117, 5.060999919000153 ], [ 19.324000080000133, 5.055000089000032 ], [ 19.308999960000165, 5.045999968000103 ], [ 19.298000160000015, 5.036000104000152 ], [ 19.284999840000125, 5.025999905000049 ], [ 19.270000080000045, 5.020000106 ], [ 19.262999880000109, 5.015999909000072 ], [ 19.25600004, 5.014999902 ], [ 19.240999920000036, 5.006999960000144 ], [ 19.230999840000038, 4.997000029000105 ], [ 19.226000160000126, 4.987999994000177 ], [ 19.217000160000111, 4.961999952000099 ], [ 19.212000120000084, 4.950000010000167 ], [ 19.202000040000087, 4.941999986000098 ], [ 19.188000000000102, 4.938999974000069 ], [ 19.185061368000163, 4.939209902000187 ], [ 19.181617190999987, 4.93945594500002 ], [ 19.18160992300011, 4.939456489000065 ], [ 19.161, 4.941000043000088 ], [ 19.14800004, 4.941999986000098 ], [ 19.136000160000151, 4.941000043000088 ], [ 19.124026974000117, 4.936835407000103 ], [ 19.113000120000095, 4.932999910000092 ], [ 19.107000000000141, 4.929000074999976 ], [ 19.105999919999988, 4.929000074999976 ], [ 19.098000000000127, 4.921999947000074 ], [ 19.095999840000047, 4.918000045000042 ], [ 19.087273212000071, 4.906655102000116 ], [ 19.086000120000051, 4.905000019 ], [ 19.077000120000037, 4.894999961000053 ], [ 19.068000120000022, 4.878000055000143 ], [ 19.064000160000035, 4.861999956000147 ], [ 19.05900012, 4.844000012000095 ], [ 19.045294457000125, 4.824298454000143 ], [ 19.019000160000132, 4.78699999000014 ], [ 19.013973259000124, 4.768001819 ], [ 19.010480358000052, 4.754800784000111 ], [ 19.010000160000118, 4.753000008000186 ], [ 19.008, 4.751999961000138 ], [ 19.002999960000182, 4.746000010999978 ], [ 18.993999960000167, 4.737999875000128 ], [ 18.984999960000152, 4.733999951999976 ], [ 18.97181477100014, 4.720814967000024 ], [ 18.947000160000186, 4.696000054000024 ], [ 18.938000160000172, 4.672999936000167 ], [ 18.932000040000048, 4.666000021000173 ], [ 18.918, 4.660000039000067 ], [ 18.906000120000158, 4.656000021000011 ], [ 18.902999880000039, 4.64500003400002 ], [ 18.894999960000177, 4.640000081000096 ], [ 18.891000000000133, 4.634000052999966 ], [ 18.889999920000037, 4.625000004000071 ], [ 18.884000160000085, 4.614000067 ], [ 18.87500016000007, 4.60200005400003 ], [ 18.856000080000058, 4.590000014000111 ], [ 18.843999840000151, 4.574999947000094 ], [ 18.839999880000107, 4.570999983000036 ], [ 18.831999960000076, 4.557999989 ], [ 18.825292196000191, 4.538622105 ], [ 18.822999960000061, 4.5320000050001 ], [ 18.821000160000153, 4.519000017000053 ], [ 18.819, 4.510999976000107 ], [ 18.817999920000091, 4.493999929000097 ], [ 18.816000120000183, 4.484999901000094 ], [ 18.811000079999985, 4.460999994000019 ], [ 18.799798280000061, 4.438462198000082 ], [ 18.79400016000011, 4.422999954000034 ], [ 18.780140160000144, 4.41958529600015 ], [ 18.774000000000171, 4.397999971000047 ], [ 18.771012180000014, 4.395344161000025 ], [ 18.770936532000178, 4.395276919000139 ], [ 18.765000000000157, 4.390000033000149 ], [ 18.764584589000151, 4.389376955000102 ], [ 18.762999840000191, 4.386999967000065 ], [ 18.75715640500016, 4.382325171 ], [ 18.755944237000051, 4.381355423000059 ], [ 18.755943227000103, 4.381354614999964 ], [ 18.753000120000081, 4.379000090000147 ], [ 18.753000120000081, 4.379274875000021 ], [ 18.753000120000081, 4.379999945000179 ], [ 18.733100400000069, 4.386678126 ], [ 18.713856959999987, 4.375231575000157 ], [ 18.698889600000086, 4.37022399000017 ], [ 18.676000080000108, 4.352999982000028 ], [ 18.663999840000031, 4.352000090999979 ], [ 18.648000000000138, 4.349000050000029 ], [ 18.639734400000123, 4.357346366000115 ], [ 18.62761824, 4.357346366000115 ], [ 18.61300008, 4.356000006000102 ], [ 18.606999960000053, 4.357999956000015 ], [ 18.597572138000032, 4.353320096000061 ], [ 18.588817385000141, 4.34915114000006 ], [ 18.585716288000128, 4.347674412000117 ], [ 18.58317513500009, 4.346464325000113 ], [ 18.581925399000113, 4.345869205000042 ], [ 18.580438450000088, 4.345161123000082 ], [ 18.579948697000134, 4.344927903000155 ], [ 18.578000160000101, 4.344000016000052 ], [ 18.560999880000054, 4.329000070000063 ], [ 18.549000000000149, 4.316000064000036 ], [ 18.546000120000087, 4.307999962000167 ], [ 18.546000120000087, 4.302000055000121 ], [ 18.551000160000058, 4.289000121000072 ], [ 18.57099996, 4.246999968000125 ], [ 18.578000160000101, 4.237999992000141 ], [ 18.583999920000053, 4.226999978000038 ], [ 18.59058757300005, 4.213226047000148 ], [ 18.595000079999977, 4.203999927000098 ], [ 18.618000120000033, 4.166999935000035 ], [ 18.621, 4.160000034000063 ], [ 18.627000120000048, 4.141999923000128 ], [ 18.632000160000018, 4.131999981000149 ], [ 18.641000160000033, 4.108999991000132 ], [ 18.645130657000095, 4.094955452000079 ], [ 18.645999840000172, 4.092000017999965 ], [ 18.649000080000064, 4.075999932000059 ], [ 18.648000000000138, 4.058000058 ], [ 18.649000080000064, 4.044000053000104 ], [ 18.649222083999973, 4.041409943000019 ], [ 18.651999960000126, 4.008999870000082 ], [ 18.651999960000126, 3.978000033000114 ], [ 18.648000000000138, 3.962000014000125 ], [ 18.642999960000111, 3.951999977000014 ], [ 18.636000120000062, 3.938999998000099 ], [ 18.619999920000112, 3.924000016000093 ], [ 18.608000040000036, 3.908999941000047 ], [ 18.601999920000083, 3.89600000300004 ], [ 18.600000120000175, 3.885000118 ], [ 18.600000120000175, 3.876000007000073 ], [ 18.599000040000192, 3.869000092000078 ], [ 18.596000160000131, 3.854999908000082 ], [ 18.595000079999977, 3.841000029000156 ], [ 18.597999960000038, 3.814999997000086 ], [ 18.597999960000038, 3.803000086999987 ], [ 18.590070410000124, 3.765514489000111 ], [ 18.587000160000116, 3.750999965000176 ], [ 18.587000160000116, 3.743999919000089 ], [ 18.590000040000177, 3.733000040000093 ], [ 18.588999960000024, 3.733000040000093 ], [ 18.59100012000016, 3.704000037000185 ], [ 18.595000079999977, 3.690000031000181 ], [ 18.601999920000083, 3.675999981000189 ], [ 18.605999880000127, 3.658999981000136 ], [ 18.607761665000112, 3.649838886000168 ], [ 18.610999920000097, 3.633000058000107 ], [ 18.615999960000067, 3.589000108 ], [ 18.618000120000033, 3.555000074000077 ], [ 18.61700004000005, 3.54300003200018 ], [ 18.618000120000033, 3.53299999799998 ], [ 18.622031570000161, 3.512843016000033 ], [ 18.62300016, 3.508000063000168 ], [ 18.635000040000079, 3.473000025000033 ], [ 18.635000040000079, 3.471000091000121 ], [ 18.637755100000106, 3.458877933000053 ], [ 18.637760311000136, 3.458855005000146 ], [ 18.64000008000005, 3.448999994000133 ], [ 18.64000008000005, 3.4270001000001 ], [ 18.639000000000124, 3.417000076000136 ], [ 18.632000160000018, 3.396999893999975 ], [ 18.63299988000017, 3.38599994700013 ], [ 18.645000120000077, 3.359000065000089 ], [ 18.649000080000064, 3.344000003000133 ], [ 18.650000160000047, 3.330999941000073 ], [ 18.648000000000138, 3.317000025000084 ], [ 18.645000120000077, 3.305000015000189 ], [ 18.637999920000141, 3.290000021000026 ], [ 18.635000040000079, 3.260000066000032 ], [ 18.64000008000005, 3.228999976000125 ], [ 18.642999960000111, 3.22099999500017 ], [ 18.641999880000185, 3.209000081999989 ], [ 18.626576586000169, 3.160845020000181 ], [ 18.626000040000065, 3.159000057000014 ], [ 18.614999880000141, 3.13800000700013 ], [ 18.603427075000127, 3.11898758600006 ], [ 18.6009998400001, 3.114999950000026 ], [ 18.595000079999977, 3.105999907000069 ], [ 18.585, 3.098000044000116 ], [ 18.576, 3.094999988000041 ], [ 18.543999960000122, 3.079999945000168 ], [ 18.533000160000029, 3.070000038000103 ], [ 18.528999839999983, 3.06199989900017 ], [ 18.525999960000092, 3.047000106000098 ], [ 18.522000000000105, 3.025000004000049 ], [ 18.516999960000078, 3.013999963 ], [ 18.505000080000059, 2.996000061000188 ], [ 18.49700015999997, 2.990999904999967 ], [ 18.493999920000078, 2.987000088000059 ], [ 18.474999840000066, 2.969999934000157 ], [ 18.468000000000188, 2.958000027000026 ], [ 18.46299996, 2.942000005000068 ], [ 18.461000160000083, 2.940000098000098 ], [ 18.457999920000191, 2.932999946000166 ], [ 18.45299988000005, 2.926999986 ], [ 18.447000120000098, 2.906000052000138 ], [ 18.444692153000176, 2.899076164000121 ], [ 18.442000080000128, 2.890999906000161 ], [ 18.439999920000162, 2.881999975000042 ], [ 18.438000120000083, 2.872000047000085 ], [ 18.43899984, 2.856000049000158 ], [ 18.446000040000115, 2.836999961000117 ], [ 18.444999960000189, 2.821999980999976 ], [ 18.438000120000083, 2.805000017000111 ], [ 18.430907759999968, 2.792701859000033 ], [ 18.427343760000156, 2.778368814000146 ], [ 18.429000120000069, 2.76800001800018 ], [ 18.427474253000014, 2.764948408000123 ], [ 18.427473530000043, 2.764946961000078 ], [ 18.426205264000089, 2.762410525000178 ], [ 18.423913695000124, 2.757827547000034 ], [ 18.420999839999979, 2.752000014000089 ], [ 18.41100012000004, 2.739999959000102 ], [ 18.401000040000042, 2.73300002100018 ], [ 18.398000159999981, 2.72400011600007 ], [ 18.397000080000055, 2.717999962000135 ], [ 18.393999840000106, 2.710000009000169 ], [ 18.384000120000167, 2.698999964000109 ], [ 18.372297379000088, 2.676082487000087 ], [ 18.360000000000184, 2.652000065000038 ], [ 18.354999960000043, 2.644999974000029 ], [ 18.353000160000136, 2.638999967000188 ], [ 18.343000080000138, 2.621999909000124 ], [ 18.339000120000094, 2.598999955000068 ], [ 18.330000120000079, 2.585000033000085 ], [ 18.321000120000065, 2.58000008800002 ], [ 18.31200012000005, 2.573999946000072 ], [ 18.294999840000173, 2.553000037000061 ], [ 18.276999840000144, 2.545000092000123 ], [ 18.26799984000013, 2.537999941000066 ], [ 18.26600004, 2.535000044000128 ], [ 18.258529498000087, 2.526284529000122 ], [ 18.241999920000012, 2.50700007100005 ], [ 18.236999880000042, 2.494999974000052 ], [ 18.231999840000071, 2.474999926000066 ], [ 18.227999880000027, 2.463999975000036 ], [ 18.228999960000181, 2.452000023000153 ], [ 18.227000160000102, 2.439999962000172 ], [ 18.213999840000042, 2.416999992000171 ], [ 18.212000040000135, 2.399000107000063 ], [ 18.207000000000107, 2.389999984000099 ], [ 18.20300004000012, 2.384000050000168 ], [ 18.192999960000122, 2.375999975000184 ], [ 18.190000080000061, 2.369999979000056 ], [ 18.190000080000061, 2.359000066000021 ], [ 18.185000040000091, 2.34500010000005 ], [ 18.181000080000047, 2.338999969000156 ], [ 18.168000119999988, 2.324999980000086 ], [ 18.163000080000188, 2.318000113000096 ], [ 18.154000080000174, 2.304999932000101 ], [ 18.144, 2.298999988000162 ], [ 18.140992531000109, 2.295616538 ], [ 18.13816073300012, 2.292430713000101 ], [ 18.136000080000144, 2.28999993400015 ], [ 18.134191913, 2.288342486000147 ], [ 18.129072708000024, 2.283649978000028 ], [ 18.123999840000067, 2.278999930000055 ], [ 18.115999919999979, 2.275999997000042 ], [ 18.105999840000038, 2.266999977000069 ], [ 18.099000000000103, 2.25100006200006 ], [ 18.095000040000116, 2.237999989000059 ], [ 18.093229701999974, 2.222066927000185 ], [ 18.091000080000072, 2.202000066000096 ], [ 18.091000080000072, 2.17079810700011 ], [ 18.091000080000072, 2.134754264000094 ], [ 18.091000080000072, 2.127000052000142 ], [ 18.090343582000116, 2.112558283000055 ], [ 18.09, 2.105000047000146 ], [ 18.088999920000163, 2.089999995000028 ], [ 18.081, 2.071999992000087 ], [ 18.078999840000165, 2.064000005000082 ], [ 18.074999880000121, 2.060999999000046 ], [ 18.070999920000133, 2.050999937000029 ], [ 18.072, 2.038999960000069 ], [ 18.065000160000181, 2.026999893000095 ], [ 18.066999960000089, 2.021000096000023 ], [ 18.083999880000135, 2.005000106000125 ], [ 18.084999960000118, 2.000999948000072 ], [ 18.085787606999986, 1.987610979000124 ], [ 18.086000040000101, 1.983999889000074 ], [ 18.087831782000137, 1.978138446000173 ], [ 18.091000080000072, 1.968000076000123 ], [ 18.084526560000029, 1.961826598000187 ], [ 18.07882488000007, 1.950352835000047 ], [ 18.081, 1.931000115000188 ], [ 18.078000120000013, 1.920999974000097 ], [ 18.074999880000121, 1.901999978000106 ], [ 18.068000040000072, 1.87999997300011 ], [ 18.068000040000072, 1.858000047000075 ], [ 18.060000119999984, 1.848999973000048 ], [ 18.058359420000158, 1.82603210700006 ], [ 18.057999960000075, 1.821000046000165 ], [ 18.057999960000075, 1.803999991000182 ], [ 18.064000080000028, 1.783999996000148 ], [ 18.065682720000154, 1.768013302000043 ], [ 18.065999880000106, 1.764999960000125 ], [ 18.065999880000106, 1.762999963000141 ], [ 18.073000080000043, 1.743000060000099 ], [ 18.074000160000026, 1.733999951000158 ], [ 18.08300016000004, 1.704000000000121 ], [ 18.08799984000018, 1.677999935000116 ], [ 18.087000120000027, 1.665000041000098 ], [ 18.078000120000013, 1.65399999400006 ], [ 18.075999960000104, 1.632999961000053 ], [ 18.078999840000165, 1.617000087000179 ], [ 18.075999960000104, 1.600000002000172 ], [ 18.072, 1.590000044000021 ], [ 18.073000080000043, 1.580000037000104 ], [ 18.072, 1.558000031000063 ], [ 18.065999880000106, 1.540000065000072 ], [ 18.068000040000072, 1.521000005000076 ], [ 18.065999880000106, 1.514000044000056 ], [ 18.060000119999984, 1.503000084000121 ], [ 18.038000160000138, 1.476999975000126 ], [ 18.029000160000123, 1.460999990000118 ], [ 18.024000120000153, 1.453000045000124 ], [ 18.019000080000126, 1.443999913000141 ], [ 18.012999960000172, 1.429000035000172 ], [ 18.011000160000094, 1.419999988000029 ], [ 18.007999920000032, 1.405999945000133 ], [ 18.00299988, 1.395999991000167 ], [ 18.000000000000114, 1.392999996000185 ], [ 17.987000040000112, 1.359999981000101 ], [ 17.975999880000131, 1.337999956000147 ], [ 17.971999920000144, 1.317999974000031 ], [ 17.971350719000156, 1.312157687000024 ], [ 17.970999840000161, 1.309000045000062 ], [ 17.927728560000105, 1.251049844000079 ], [ 17.939844720000053, 1.230247137000049 ], [ 17.942982480000126, 1.218743124000071 ], [ 17.944833599999981, 1.197965570000122 ], [ 17.944910988000174, 1.192398023000123 ], [ 17.9449999200001, 1.185999939000112 ], [ 17.943000120000022, 1.168999946000156 ], [ 17.942000040000039, 1.16400004500008 ], [ 17.930000160000134, 1.139999962000161 ], [ 17.92900007999998, 1.135000009000123 ], [ 17.921292855000104, 1.123989694000102 ], [ 17.915000040000166, 1.114999930000067 ], [ 17.899833836000141, 1.100307709000049 ], [ 17.883000000000152, 1.08399988900004 ], [ 17.880999840000186, 1.079000020000024 ], [ 17.86399992000014, 1.051999938000108 ], [ 17.861000040000079, 1.044999938000046 ], [ 17.859999960000096, 1.029999936000081 ], [ 17.853999840000142, 1.023000067000055 ], [ 17.849999880000098, 1.011999984000056 ], [ 17.853000120000047, 0.997000006000064 ], [ 17.852000040000064, 0.978000080000072 ], [ 17.850226604000056, 0.962040389000038 ], [ 17.849999880000098, 0.960000020000052 ], [ 17.849140307000141, 0.955874109000035 ], [ 17.84742617600017, 0.947646337000094 ], [ 17.844999840000128, 0.935999972000104 ], [ 17.844999840000128, 0.919000039000082 ], [ 17.853519581000114, 0.893441163000091 ], [ 17.859524782000051, 0.89420597600008 ], [ 17.853521844000056, 0.89343437399998 ], [ 17.856518666, 0.884443986000065 ], [ 17.861000040000079, 0.87099994100015 ], [ 17.867999880000127, 0.862000101000149 ], [ 17.879000040000108, 0.846000010000125 ], [ 17.883000000000152, 0.837999940000032 ], [ 17.885999879999986, 0.826999996000097 ], [ 17.886999960000139, 0.816000022000026 ], [ 17.886999960000139, 0.802999980000152 ], [ 17.89499988, 0.774999902000104 ], [ 17.885000160000061, 0.738999912000054 ], [ 17.890999920000183, 0.706999974000041 ], [ 17.884964880000155, 0.691466601000116 ], [ 17.88068880000003, 0.685009290000039 ], [ 17.880000120000091, 0.674999991000107 ], [ 17.874000000000137, 0.659999971000161 ], [ 17.873560871000109, 0.638923552000051 ], [ 17.872999920000154, 0.611999998000101 ], [ 17.876000160000046, 0.593999962000055 ], [ 17.876940663000141, 0.592118817000085 ], [ 17.877999960000125, 0.59000006500014 ], [ 17.881360297000072, 0.582439194000074 ], [ 17.885999879999986, 0.571999957000116 ], [ 17.901000000000181, 0.555000042000131 ], [ 17.904999960000168, 0.548999976000175 ], [ 17.905146118, 0.548858386000177 ], [ 17.923336513000095, 0.531236505000095 ], [ 17.926659483000037, 0.528017384000066 ], [ 17.93236052200001, 0.522494509000069 ], [ 17.936361754000188, 0.518618318000108 ], [ 17.937381468000183, 0.517673041000137 ], [ 17.939245471000106, 0.516075309000087 ], [ 17.941740622000054, 0.51393658600017 ], [ 17.943999840000117, 0.51200009300004 ], [ 17.952999840000132, 0.495000010000069 ], [ 17.955, 0.489999967000188 ], [ 17.957000160000177, 0.483000116000028 ], [ 17.958996305000028, 0.471688077000124 ], [ 17.960000040000068, 0.465999959000044 ], [ 17.960278014000153, 0.460625600000071 ], [ 17.961470083999984, 0.437578061000124 ], [ 17.962999920000129, 0.408000041000093 ], [ 17.960000040000068, 0.400000018000128 ], [ 17.960000040000068, 0.389000064000186 ], [ 17.953999920000115, 0.366000013000075 ], [ 17.953999920000115, 0.365000096000017 ], [ 17.942000040000039, 0.341999983000107 ], [ 17.925999840000088, 0.321999942000048 ], [ 17.922999960000027, 0.316000047000045 ], [ 17.89499988, 0.288000016000126 ], [ 17.872999920000154, 0.273000047000039 ], [ 17.854999920000125, 0.260000094000077 ], [ 17.844999840000128, 0.248999985000069 ], [ 17.843000040000049, 0.243999982000162 ], [ 17.821000079999976, 0.215999965000094 ], [ 17.813000160000115, 0.19600007400004 ], [ 17.802000000000191, 0.177000093000117 ], [ 17.799999840000055, 0.172999999000126 ], [ 17.78699988, 0.14299999300016 ], [ 17.775000000000148, 0.108000086000175 ], [ 17.768000160000042, 0.080000059000099 ], [ 17.76499992000015, 0.052000012000178 ], [ 17.76499992000015, 0.051000075000104 ], [ 17.764259848, 0.043599882000024 ], [ 17.763999840000167, 0.040999977000126 ], [ 17.7602062630001, 0.026457342000072 ], [ 17.758000080000045, 0.017999965000115 ], [ 17.771000040000104, 0.000000000000171 ], [ 17.761625714000047, -0.021092155999895 ], [ 17.753475083000012, -0.039431007999895 ], [ 17.747295818999987, -0.053334297999925 ], [ 17.739, -0.06800009299991 ], [ 17.724999960000048, -0.095000011999957 ], [ 17.714000160000126, -0.128000064999981 ], [ 17.712, -0.156999976999941 ], [ 17.714169150000089, -0.180138530999955 ], [ 17.715472131000183, -0.193722169999944 ], [ 17.715999960000033, -0.199000049999938 ], [ 17.715215465000085, -0.206061220999857 ], [ 17.714000160000126, -0.217000074999874 ], [ 17.715155097000036, -0.233931317999861 ], [ 17.722000079999987, -0.275000079999927 ], [ 17.735000040000045, -0.307000018999929 ], [ 17.736000120000028, -0.31199999599994 ], [ 17.736999840000124, -0.318999994999842 ], [ 17.739244143000121, -0.329472557999907 ], [ 17.740000080000016, -0.332999977999918 ], [ 17.740448115000049, -0.343753909999919 ], [ 17.740974504, -0.356388551999942 ], [ 17.741635399000074, -0.3722516119999 ], [ 17.741999880000151, -0.381000020999977 ], [ 17.740000080000016, -0.398000009999976 ], [ 17.734448333000159, -0.419096429999968 ], [ 17.73, -0.435999877999905 ], [ 17.727999840000109, -0.442000047999898 ], [ 17.725928913000075, -0.456036354999981 ], [ 17.723748612000065, -0.470813941999893 ], [ 17.722929075000025, -0.476368564999973 ], [ 17.722118650000027, -0.481861435999974 ], [ 17.722115588000179, -0.481882185999893 ], [ 17.721853460000148, -0.483658825999896 ], [ 17.719738838000126, -0.497991194999884 ], [ 17.718999840000095, -0.502999927999952 ], [ 17.70999984000008, -0.540999936999867 ], [ 17.703650856000024, -0.557558271999881 ], [ 17.703096121000044, -0.559109597999907 ], [ 17.702066596000066, -0.561988682999925 ], [ 17.701455551000038, -0.563766209999926 ], [ 17.701450334000072, -0.563781383999924 ], [ 17.700000120000141, -0.568000044999906 ], [ 17.688770299999987, -0.586950129999934 ], [ 17.68399992000019, -0.595000024999877 ], [ 17.673000120000097, -0.604999930999952 ], [ 17.655000120000068, -0.625000046999958 ], [ 17.637999840000134, -0.655999944999962 ], [ 17.63300016, -0.662999941999942 ], [ 17.60719513700019, -0.67618833299997 ], [ 17.58490992000003, -0.68757779799995 ], [ 17.570136926000032, -0.71453242299998 ], [ 17.562103200000024, -0.729190594999977 ], [ 17.560000080000123, -0.751999973999943 ], [ 17.555324098000085, -0.757611107999878 ], [ 17.550490416, -0.76278830699988 ], [ 17.543999880000172, -0.769999951999978 ], [ 17.53400016, -0.788000032999946 ], [ 17.530999920000113, -0.791999939999869 ], [ 17.52168448600014, -0.802826042999811 ], [ 17.493999840000072, -0.835000088999948 ], [ 17.493000120000147, -0.838999949999959 ], [ 17.487, -0.842999985999882 ], [ 17.469000000000165, -0.861000096999931 ], [ 17.467999920000011, -0.863999925999963 ], [ 17.466000120000103, -0.864999929999954 ], [ 17.461739664000049, -0.870207163999851 ], [ 17.457000120000089, -0.875999942999954 ], [ 17.422492630000079, -0.909145916999876 ], [ 17.421188833000087, -0.910377282999889 ], [ 17.422862842000143, -0.912032058999955 ], [ 17.421187057000168, -0.910378959999946 ], [ 17.417774363000035, -0.913602060999892 ], [ 17.413828590000151, -0.917328621999957 ], [ 17.403129124000031, -0.927433647999976 ], [ 17.39300004, -0.936999954999976 ], [ 17.385000119999972, -0.942000044999872 ], [ 17.384000039999989, -0.943000025999936 ], [ 17.37984580900013, -0.947615829999904 ], [ 17.375589950000119, -0.952344546999939 ], [ 17.370383631000038, -0.958023742999899 ], [ 17.364566416, -0.964354235999849 ], [ 17.356614725000156, -0.973007517999861 ], [ 17.351018889000045, -0.979097070999956 ], [ 17.340999840000052, -0.990000064999947 ], [ 17.33000004000013, -0.998999934999915 ], [ 17.318000160000054, -1.006000036999922 ], [ 17.29500012, -1.014000083999917 ], [ 17.286999840000135, -1.020000014999937 ], [ 17.270638461000033, -1.030737264999971 ], [ 17.255000160000122, -1.040999955999951 ], [ 17.237000160000093, -1.047000016999903 ], [ 17.215999920000172, -1.049000093999837 ], [ 17.209000080000067, -1.047000016999903 ], [ 17.183000160000176, -1.04799996499986 ], [ 17.169999840000116, -1.050999989999923 ], [ 17.164000080000164, -1.051999937999881 ], [ 17.143379882999966, -1.059277657999928 ], [ 17.129999880000014, -1.064000003999979 ], [ 17.11100016000006, -1.073999962999949 ], [ 17.088000120000061, -1.088999928999897 ], [ 17.066999880000083, -1.106999967999911 ], [ 17.060000040000034, -1.109999933999973 ], [ 17.05600008, -1.111999968999839 ], [ 17.040999960000022, -1.123000050999963 ], [ 17.023441607000052, -1.13080368299984 ], [ 16.989999840000166, -1.143000072999826 ], [ 16.976999880000108, -1.150999934999959 ], [ 16.963237088000028, -1.161586751999891 ], [ 16.950999960000047, -1.17099994099982 ], [ 16.949999880000064, -1.172000026999967 ], [ 16.930000080000127, -1.185999938999942 ], [ 16.911857808999969, -1.201393442999972 ], [ 16.897455192000166, -1.213613832999897 ], [ 16.89699996000013, -1.214000087999977 ], [ 16.885575885000037, -1.226947196999902 ], [ 16.88294962700013, -1.229923572999951 ], [ 16.881999840000162, -1.230999978999932 ], [ 16.861717600000134, -1.249659726999937 ], [ 16.845999840000104, -1.263999916999921 ], [ 16.825006445000099, -1.289892073999965 ], [ 16.81599996, -1.301000120999959 ], [ 16.802168146999975, -1.321747983999899 ], [ 16.796000160000062, -1.330999971999972 ], [ 16.784814023000081, -1.351650911999968 ], [ 16.782242708000069, -1.356514367999921 ], [ 16.774480635000089, -1.372038587999953 ], [ 16.767530847000046, -1.385938141999873 ], [ 16.760999880000156, -1.398999981999964 ], [ 16.750739903000067, -1.416955215999963 ], [ 16.744727801000181, -1.427408423999964 ], [ 16.741000080000049, -1.432999963999919 ], [ 16.727334978000044, -1.467162606999921 ], [ 16.712901436000038, -1.497167899999965 ], [ 16.702015501, -1.519746321999889 ], [ 16.687722300000189, -1.549391361999938 ], [ 16.685921256000029, -1.553126816999963 ], [ 16.673762222000107, -1.578345074999902 ], [ 16.671999960000164, -1.582000041999891 ], [ 16.666999920000137, -1.590999951999891 ], [ 16.663069391000079, -1.599218541999903 ], [ 16.657930048000026, -1.609964665999826 ], [ 16.654899072000092, -1.616064439999946 ], [ 16.649466687000086, -1.626249813999891 ], [ 16.646093839000116, -1.632754376999912 ], [ 16.629765218000045, -1.664917247999938 ], [ 16.614639110000155, -1.694692254999893 ], [ 16.589000160000126, -1.745000077999862 ], [ 16.553999880000163, -1.801000060999968 ], [ 16.552000080000084, -1.803999990999841 ], [ 16.538000040000043, -1.828999941999939 ], [ 16.523752399000102, -1.847857169999941 ], [ 16.50399984000012, -1.874000004999857 ], [ 16.48800000000017, -1.896000086999834 ], [ 16.486044327000116, -1.898173044999965 ], [ 16.479000000000156, -1.906000012999868 ], [ 16.465314620000072, -1.92229225199992 ], [ 16.455221746000063, -1.934307565999916 ], [ 16.443990257000053, -1.947678270999916 ], [ 16.434546621000095, -1.958848991999957 ], [ 16.418153473000189, -1.977886231999832 ], [ 16.406904708000184, -1.99094920899995 ], [ 16.405999920000056, -1.991999917999976 ], [ 16.395999840000115, -2.000999947999844 ], [ 16.383264497000027, -2.014029421999908 ], [ 16.371309960000076, -2.02625996099988 ], [ 16.369530120000036, -2.02922995299997 ], [ 16.366039920000105, -2.03153007599991 ], [ 16.344328483000027, -2.050881384999968 ], [ 16.324558656000022, -2.068501939999919 ], [ 16.32399984000017, -2.069000000999949 ], [ 16.315698361000102, -2.074414127999887 ], [ 16.295500098, -2.087491494999938 ], [ 16.294732160000081, -2.087988693999876 ], [ 16.293867150999972, -2.088539137999931 ], [ 16.29384331100016, -2.08855430899996 ], [ 16.293787861, -2.088589593999927 ], [ 16.293727719000174, -2.088627864999921 ], [ 16.29, -2.090999978999889 ], [ 16.285876852000115, -2.093998142999965 ], [ 16.273790609000116, -2.102786672999912 ], [ 16.267803840000113, -2.107139940999957 ], [ 16.253216720000182, -2.116105836999964 ], [ 16.242000120000114, -2.123000024999953 ], [ 16.233286418000148, -2.138491211999963 ], [ 16.224980080000137, -2.153258039999969 ], [ 16.218559257000095, -2.164672740999947 ], [ 16.21500012000007, -2.171000004999883 ], [ 16.210995134000143, -2.178723950999938 ], [ 16.201000080000028, -2.198000058999924 ], [ 16.196214061000092, -2.210922229999937 ], [ 16.195652470000084, -2.212438508999981 ], [ 16.191, -2.224999978999961 ], [ 16.190819503000114, -2.233663272999934 ], [ 16.190810655000121, -2.234087930999976 ], [ 16.190619701000116, -2.243253091999975 ], [ 16.190465119000123, -2.250672435999945 ], [ 16.190403490999984, -2.253630365999925 ], [ 16.190297954000073, -2.258695716999966 ], [ 16.190044053000122, -2.270881868999936 ], [ 16.189999920000105, -2.273000055999944 ], [ 16.188146916000051, -2.290605303999882 ], [ 16.184999880000078, -2.319999949999954 ], [ 16.184918938000123, -2.325100794999912 ], [ 16.184572052000021, -2.346961088999933 ], [ 16.184102337000184, -2.37656126499985 ], [ 16.184000160000153, -2.38300008799996 ], [ 16.186992935000092, -2.40918723599998 ], [ 16.187704187000122, -2.41521047599997 ], [ 16.188115049000032, -2.418689853999922 ], [ 16.188855887000045, -2.423135966999894 ], [ 16.189697877000071, -2.427210865999939 ], [ 16.192470215000128, -2.439963553999917 ], [ 16.195030502000122, -2.451809578999871 ], [ 16.198283116000141, -2.466988594999975 ], [ 16.205085557000132, -2.498733069999957 ], [ 16.20835904900008, -2.514008970999896 ], [ 16.209177837000141, -2.517675759999975 ], [ 16.214000040000087, -2.536000070999933 ], [ 16.215999840000165, -2.541000009999834 ], [ 16.218, -2.545000091999952 ], [ 16.223783139000147, -2.564731172999927 ], [ 16.232956284000181, -2.596027743999969 ], [ 16.234999920000178, -2.603000031999954 ], [ 16.236115705000032, -2.61527268999987 ], [ 16.237000080000087, -2.624999956999943 ], [ 16.23144992400006, -2.636436048999883 ], [ 16.230102484000156, -2.639212433999944 ], [ 16.222192200000052, -2.655511346999901 ], [ 16.215064200000029, -2.679881022999894 ], [ 16.193683080000028, -2.718583433999925 ], [ 16.19340840000001, -2.750838862999956 ], [ 16.194990798000049, -2.755365809999944 ], [ 16.196245828000144, -2.758956202999855 ], [ 16.200634511999965, -2.77151128099996 ], [ 16.205000040000073, -2.783999981999955 ], [ 16.205000040000073, -2.78499998399991 ], [ 16.20399996000009, -2.792999966999957 ], [ 16.20212439400018, -2.800971216999926 ], [ 16.2, -2.809999926999922 ], [ 16.196673182000154, -2.818649614999913 ], [ 16.195123042000148, -2.822679937999965 ], [ 16.192345280000154, -2.830964027999926 ], [ 16.189026201000104, -2.840921235999872 ], [ 16.184999880000078, -2.85300004699991 ], [ 16.179999840000107, -2.874999998999954 ], [ 16.179950729000041, -2.9080315839999 ], [ 16.179530537000062, -2.916858166999873 ], [ 16.179000120000183, -2.928000041999837 ], [ 16.18099992000009, -2.942000004999841 ], [ 16.182, -2.956999997999958 ], [ 16.191, -2.977000029999942 ], [ 16.19257167700016, -2.986037323999938 ], [ 16.194999960000075, -3.000000024999963 ], [ 16.194999960000075, -3.015999912999973 ], [ 16.189049457000067, -3.022262610999974 ], [ 16.178002920000097, -3.033888611999942 ], [ 16.173557061, -3.06406108199991 ], [ 16.172301960000027, -3.072578850999889 ], [ 16.172963062000179, -3.075992387999975 ], [ 16.176922227000091, -3.096434930999976 ], [ 16.178000040000029, -3.101999982999928 ], [ 16.179251135000072, -3.124522116999913 ], [ 16.179999840000107, -3.13800000699996 ], [ 16.184761865000041, -3.155143157999873 ], [ 16.186469616000011, -3.161624945999904 ], [ 16.190979763000087, -3.179001784999969 ], [ 16.191120296000065, -3.180666092999843 ], [ 16.191190088000155, -3.181492627999944 ], [ 16.192659960000071, -3.19889993399994 ], [ 16.18641, -3.222410045999879 ], [ 16.18407, -3.250490095999965 ], [ 16.187837744999968, -3.26267581299993 ], [ 16.189279920000047, -3.267340085999933 ], [ 16.197909840000136, -3.276280038999971 ], [ 16.215948662000187, -3.287874508999892 ], [ 16.219379880000076, -3.29007991099985 ], [ 16.222389840000062, -3.29626994299997 ], [ 16.214780430000189, -3.325814593999894 ], [ 16.214105275000179, -3.328435939999963 ], [ 16.211229840000044, -3.339599976999978 ], [ 16.204259880000109, -3.358059980999883 ], [ 16.187100120000139, -3.395440045999976 ], [ 16.164879839999969, -3.431019940999931 ], [ 16.144880040000032, -3.454850065999892 ], [ 16.132430160000069, -3.476789939999946 ], [ 16.128280080000025, -3.492719931999943 ], [ 16.125279840000132, -3.504210095999952 ], [ 16.112890080000113, -3.536280047999981 ], [ 16.110150120000071, -3.538360069999953 ], [ 16.086579840000127, -3.576479949999907 ], [ 16.058149920000062, -3.608870043999957 ], [ 16.046840160000102, -3.632190116999936 ], [ 16.037169840000047, -3.660319983999841 ], [ 16.023570120000102, -3.68225992299989 ], [ 16.012850040000046, -3.709029954999835 ], [ 16.017040080000186, -3.706749975999912 ], [ 16.01773992, -3.708809995999843 ], [ 16.016150160000109, -3.713649965999934 ], [ 16.01341992000016, -3.717339949999939 ], [ 16.00975008000006, -3.718510050999953 ], [ 16.00975008000006, -3.716759933999924 ], [ 16.001020080000046, -3.73854990399991 ], [ 15.981739920000109, -3.767889905999937 ], [ 15.957519840000032, -3.81728993899992 ], [ 15.943690080000124, -3.841069980999919 ], [ 15.930370080000046, -3.872910038999976 ], [ 15.929850962999978, -3.875616136999952 ], [ 15.929342944000155, -3.878264383999976 ], [ 15.926283492000152, -3.88382832699989 ], [ 15.92611747400008, -3.886919273999922 ], [ 15.925696412999969, -3.889131477999911 ], [ 15.924823550000156, -3.891259110999897 ], [ 15.92358404099997, -3.893727415999933 ], [ 15.923444180000047, -3.894918507999932 ], [ 15.922343056000102, -3.899584263999941 ], [ 15.922004112000081, -3.90343314799992 ], [ 15.92200712000016, -3.906190286999959 ], [ 15.921494412000015, -3.908028946999934 ], [ 15.920981137000126, -3.909350642999868 ], [ 15.921268157000043, -3.910326814999905 ], [ 15.920354671000155, -3.911763831999963 ], [ 15.919669946000056, -3.913200597999946 ], [ 15.919386246000045, -3.915268767999976 ], [ 15.917730705999986, -3.918027732999974 ], [ 15.917960599000139, -3.91906140899988 ], [ 15.917447316, -3.920383104999928 ], [ 15.914764372999969, -3.925038735999919 ], [ 15.913793485000099, -3.926303493999967 ], [ 15.911335101000077, -3.927110354999911 ], [ 15.910421148000069, -3.928145285999847 ], [ 15.909965602000057, -3.92998388399991 ], [ 15.909967345999974, -3.931592218999924 ], [ 15.910654714000032, -3.932567957999936 ], [ 15.911171256000159, -3.934233168999981 ], [ 15.910429499000145, -3.93584231899996 ], [ 15.908364125000105, -3.936924795999914 ], [ 15.905913446000113, -3.93785767799983 ], [ 15.904929826999989, -3.94110835999993 ], [ 15.901928379000026, -3.947036084999922 ], [ 15.90235895100011, -3.94745366199993 ], [ 15.902144820000046, -3.948636222999937 ], [ 15.901533421000181, -3.949456791999864 ], [ 15.900515084000062, -3.951439333999929 ], [ 15.899495565000166, -3.952328671999965 ], [ 15.898340495000127, -3.953696433999824 ], [ 15.898341672000186, -3.954789637999966 ], [ 15.897321632000114, -3.955200696999952 ], [ 15.895689742000116, -3.95602237099996 ], [ 15.89398871800006, -3.955819235999968 ], [ 15.892151409000178, -3.955411266999931 ], [ 15.890587908000043, -3.956574485999909 ], [ 15.889909117000116, -3.958010051999963 ], [ 15.889299085000061, -3.96012879999995 ], [ 15.888620216000163, -3.961496040999975 ], [ 15.886441297999966, -3.962565465999944 ], [ 15.884725573000026, -3.962682188999906 ], [ 15.883695515000056, -3.962166322999963 ], [ 15.882666920000133, -3.963029038999935 ], [ 15.880552223000052, -3.964467322999894 ], [ 15.878093802000137, -3.965389 ], [ 15.876834902000041, -3.964815928999883 ], [ 15.875632654000071, -3.963725823999937 ], [ 15.874774304000084, -3.963324646999922 ], [ 15.873916859000133, -3.963785083999937 ], [ 15.872430266000151, -3.964246185999968 ], [ 15.871973908000029, -3.965395491999971 ], [ 15.871116639000036, -3.966028250999898 ], [ 15.869286867000028, -3.966489710999895 ], [ 15.867685095000184, -3.966204191999907 ], [ 15.865969590000077, -3.966550641999959 ], [ 15.864025301000027, -3.966897328999949 ], [ 15.86208095, -3.9671865709999 ], [ 15.861108000000172, -3.966584453999928 ], [ 15.859221020000177, -3.967045952999911 ], [ 15.857220180000184, -3.968024538999884 ], [ 15.855790759000115, -3.968485554999916 ], [ 15.854418887000122, -3.969291157999976 ], [ 15.853332991000173, -3.970096462999891 ], [ 15.851788583000086, -3.96998317799995 ], [ 15.847157935000098, -3.972170730999949 ], [ 15.84458539200017, -3.973437086999979 ], [ 15.842985237, -3.974759883999923 ], [ 15.841441050000071, -3.974876346999963 ], [ 15.839954117000048, -3.97505019099998 ], [ 15.837437935000025, -3.975512288999937 ], [ 15.83400744100004, -3.976808211999924 ], [ 15.831549538, -3.97836162699997 ], [ 15.830406924000158, -3.979683942999941 ], [ 15.829321102, -3.980604106999976 ], [ 15.826119042000073, -3.981583842999839 ], [ 15.824746597000114, -3.981872431999932 ], [ 15.823889725000129, -3.982964686999935 ], [ 15.822231517000034, -3.983483324999952 ], [ 15.82085986400017, -3.984576092999873 ], [ 15.81771553700014, -3.98613016399986 ], [ 15.816343022000183, -3.986361297999963 ], [ 15.815256155000043, -3.986247493999883 ], [ 15.813598836000153, -3.987685188999933 ], [ 15.812169006000147, -3.987801489999924 ], [ 15.811025191000112, -3.987946226999952 ], [ 15.809538330000066, -3.988234905999946 ], [ 15.807535845000018, -3.987662458999978 ], [ 15.805876605000094, -3.987147110999956 ], [ 15.804046610000114, -3.987493559999962 ], [ 15.803074525000056, -3.987781721999909 ], [ 15.801015568000139, -3.987956061999967 ], [ 15.795810223000103, -3.987616474999925 ], [ 15.794322524000052, -3.98704349399992 ], [ 15.792318726000133, -3.985092393999878 ], [ 15.790488011000093, -3.984692062999954 ], [ 15.78900086699997, -3.984693492999895 ], [ 15.785742387000028, -3.986592216999895 ], [ 15.785026059000074, -3.986627160999944 ], [ 15.784541282000021, -3.986650808999968 ], [ 15.784024868000131, -3.986620795999954 ], [ 15.782596439000145, -3.986537780999925 ], [ 15.781852701000048, -3.986366162999957 ], [ 15.777646350000111, -3.987432733999981 ], [ 15.773789645000136, -3.988384293999957 ], [ 15.770758668000099, -3.988961573999916 ], [ 15.769443799999976, -3.989709562999906 ], [ 15.767671020000023, -3.990113322999889 ], [ 15.765326252000023, -3.990517612999952 ], [ 15.762653414, -3.990681810999945 ], [ 15.760738599000149, -3.990799442999844 ], [ 15.757261612000093, -3.990927201999909 ], [ 15.756918945999985, -3.991501945999971 ], [ 15.754859632000148, -3.991331516999878 ], [ 15.752000215000066, -3.991908573999865 ], [ 15.750618558000099, -3.992440558999931 ], [ 15.750056131000179, -3.992657112999893 ], [ 15.744050394, -3.992834916999925 ], [ 15.742562289999967, -3.991802293999967 ], [ 15.741189411000164, -3.991688650999947 ], [ 15.73964473000018, -3.991345388999889 ], [ 15.738215114000184, -3.991748778999977 ], [ 15.737186198000131, -3.992496463999942 ], [ 15.736271524000131, -3.993071716999907 ], [ 15.735127439000053, -3.992957857999897 ], [ 15.733983150000142, -3.992614225999887 ], [ 15.732724768000139, -3.992615351999973 ], [ 15.731352700000116, -3.993420780999941 ], [ 15.729701286000079, -3.993892677999895 ], [ 15.727521311000089, -3.994515612999919 ], [ 15.721287830999984, -3.99595720699989 ], [ 15.719171398000128, -3.99590162599992 ], [ 15.718085256000165, -3.996649340999966 ], [ 15.71636901800008, -3.996363628999973 ], [ 15.714195978000021, -3.996997403999899 ], [ 15.71185113700011, -3.99740154999995 ], [ 15.710821937000048, -3.997861990999866 ], [ 15.707046748000039, -3.997865261999948 ], [ 15.705445644000065, -3.998441077999928 ], [ 15.701670399000079, -3.998386880999931 ], [ 15.698582086999977, -3.99896395899998 ], [ 15.696809469000073, -3.999654792999877 ], [ 15.695837503000121, -4.000172611999915 ], [ 15.69476177700011, -4.000493695999921 ], [ 15.694293486000163, -4.000633472999937 ], [ 15.693778732000055, -4.000691352999922 ], [ 15.691320375000089, -4.002186967999933 ], [ 15.689490204000094, -4.002475731999937 ], [ 15.687374221000084, -4.002994506999869 ], [ 15.685601484000074, -4.003570431999947 ], [ 15.683542933000183, -4.004376367999896 ], [ 15.681897253000102, -4.004427825999926 ], [ 15.677022062000049, -4.00438179799994 ], [ 15.675192865000099, -4.005876849999879 ], [ 15.670790367000166, -4.008293117999813 ], [ 15.669246314000077, -4.008753936999938 ], [ 15.665814621000038, -4.009216294999874 ], [ 15.663011533000144, -4.008931356999938 ], [ 15.660838397000077, -4.009565002999977 ], [ 15.657407287000069, -4.010774097999899 ], [ 15.652546173000189, -4.012041769999826 ], [ 15.651116773000069, -4.012847128999908 ], [ 15.650144892000185, -4.013537233999898 ], [ 15.649450578000142, -4.013578802999973 ], [ 15.647227744000077, -4.013711886999886 ], [ 15.644939677000025, -4.013713700999972 ], [ 15.64213764699997, -4.014807351999934 ], [ 15.639850155999966, -4.015555924999887 ], [ 15.636705745000143, -4.017741267999952 ], [ 15.632474738000099, -4.02027211199993 ], [ 15.629272114000173, -4.021193702999881 ], [ 15.628012610000042, -4.021940938999876 ], [ 15.627042231000132, -4.022516642999904 ], [ 15.624977211000157, -4.023076663999973 ], [ 15.62406831200019, -4.023323150999943 ], [ 15.622295511000118, -4.023956396999949 ], [ 15.621209009000097, -4.024416782999936 ], [ 15.619092726000076, -4.024705618999917 ], [ 15.61634664900015, -4.024248150999938 ], [ 15.614745358999983, -4.024766362999969 ], [ 15.613716225000132, -4.025456473999895 ], [ 15.612457462000123, -4.025055312999939 ], [ 15.609998125000118, -4.025574161999941 ], [ 15.608111153000152, -4.026552132999939 ], [ 15.607539422000173, -4.026954671999931 ], [ 15.606280785000024, -4.026725833999933 ], [ 15.604221815000017, -4.027186923999977 ], [ 15.599990133, -4.029028286999903 ], [ 15.598274497000034, -4.029661442999895 ], [ 15.59472839200015, -4.030353383999966 ], [ 15.59169823100018, -4.032595939999965 ], [ 15.589468989000125, -4.034952793999935 ], [ 15.588497330999985, -4.03607367099994 ], [ 15.586267246000148, -4.037281625999981 ], [ 15.585466390000136, -4.03728220499994 ], [ 15.584208108000098, -4.037570336999977 ], [ 15.58317909200008, -4.038490192999973 ], [ 15.581577582000079, -4.03877856899993 ], [ 15.580547499000033, -4.038204859999894 ], [ 15.579518111000084, -4.038607709999837 ], [ 15.577860573000066, -4.040562016999957 ], [ 15.575802596000074, -4.042516605999936 ], [ 15.573979549000114, -4.043507849999912 ], [ 15.573686840000164, -4.043667004999918 ], [ 15.570083595000028, -4.044588669999882 ], [ 15.567453020000073, -4.045796861999918 ], [ 15.564994251000087, -4.047292150999851 ], [ 15.563106410000103, -4.047178577999944 ], [ 15.561104357000147, -4.047352304999947 ], [ 15.559445138000058, -4.046951339999964 ], [ 15.558072692, -4.047641628999884 ], [ 15.556356896000182, -4.048159815999952 ], [ 15.555042196999977, -4.049654289999978 ], [ 15.553556074000028, -4.05143610499988 ], [ 15.551954988000091, -4.052413765999972 ], [ 15.550812163000103, -4.054310231999921 ], [ 15.549784405000025, -4.057183184999872 ], [ 15.547898978000035, -4.060688615999936 ], [ 15.545612899000162, -4.063907090999919 ], [ 15.544199359000118, -4.06482094099988 ], [ 15.541713018000166, -4.066442371999926 ], [ 15.54058093000009, -4.067184856999972 ], [ 15.538716850000071, -4.068320220999965 ], [ 15.537558974000035, -4.069025452999938 ], [ 15.536520900000085, -4.069657715999938 ], [ 15.53486239800003, -4.07040560799993 ], [ 15.534289105000084, -4.071023227999945 ], [ 15.53326174100016, -4.072130026999957 ], [ 15.532405034000078, -4.074256065999919 ], [ 15.531548588000078, -4.076784221999958 ], [ 15.531009669000184, -4.078937937999967 ], [ 15.530635664000044, -4.080432594999934 ], [ 15.529321997000181, -4.08365039399996 ], [ 15.527950700000133, -4.086236332999874 ], [ 15.526521549999984, -4.087845739999977 ], [ 15.523718911000174, -4.088709256999948 ], [ 15.521774575000052, -4.089859431999969 ], [ 15.519774099000131, -4.092675551999946 ], [ 15.519486869000161, -4.093998136999858 ], [ 15.51937482400001, -4.094514059999824 ], [ 15.519446694000123, -4.095621488999882 ], [ 15.519539416000157, -4.096782 ], [ 15.51973763, -4.098751814999957 ], [ 15.519828744999984, -4.099657298999944 ], [ 15.519836321000128, -4.099732590999963 ], [ 15.51988643500016, -4.100230607999947 ], [ 15.520100637000098, -4.102359304999936 ], [ 15.520165206000058, -4.103000971999904 ], [ 15.520238914000117, -4.103733459999944 ], [ 15.520639974000062, -4.104652322999868 ], [ 15.52104155700016, -4.106375416999981 ], [ 15.520798075000073, -4.108885996999959 ], [ 15.520757409000112, -4.109305309999911 ], [ 15.519830628000079, -4.111169530999973 ], [ 15.519500432000086, -4.111833721999972 ], [ 15.518176107000045, -4.113284016999955 ], [ 15.517479562000062, -4.114328834999981 ], [ 15.517015198000024, -4.115257561999897 ], [ 15.516666926000141, -4.116186289999916 ], [ 15.516086471000165, -4.117579380999928 ], [ 15.515157744000135, -4.119552926999972 ], [ 15.514461198000049, -4.120481653999889 ], [ 15.513499539000179, -4.121430978999911 ], [ 15.512127072000055, -4.122350989999916 ], [ 15.511557721000088, -4.126659753999832 ], [ 15.509443587000135, -4.130854621999902 ], [ 15.507156812, -4.13349857399993 ], [ 15.505099888000188, -4.137750843999925 ], [ 15.504015551000066, -4.142002490999914 ], [ 15.503833800000052, -4.145559077999906 ], [ 15.50407782200017, -4.149987350999936 ], [ 15.504421281000077, -4.15027435899998 ], [ 15.505910056000062, -4.152226544999962 ], [ 15.506198262000112, -4.155586908999965 ], [ 15.507458604000135, -4.158171135999851 ], [ 15.509119081000108, -4.160180647999937 ], [ 15.511523972000077, -4.163166239999953 ], [ 15.511982201000023, -4.163970174999974 ], [ 15.517705857000067, -4.167470580999861 ], [ 15.525376119000157, -4.172894047999876 ], [ 15.528380500000139, -4.177264402999981 ], [ 15.531152394000173, -4.18176873099992 ], [ 15.53602641700013, -4.185352402999968 ], [ 15.537629848, -4.187419320999936 ], [ 15.539112062000072, -4.190489481999919 ], [ 15.539392549000127, -4.191042307999908 ], [ 15.540869425000096, -4.193152198999883 ], [ 15.541632747, -4.194242691999875 ], [ 15.541639611000051, -4.194252497999969 ], [ 15.542002094000111, -4.195374736999838 ], [ 15.542270329000189, -4.196205186999975 ], [ 15.543759489000138, -4.198444500999813 ], [ 15.544786786000145, -4.199751722999963 ], [ 15.545733454000128, -4.20101242599992 ], [ 15.546737474000054, -4.202406112999938 ], [ 15.547081892000108, -4.204014326999868 ], [ 15.54857200500004, -4.20757485699994 ], [ 15.550179272000094, -4.21498410199996 ], [ 15.551039389000096, -4.217625952999981 ], [ 15.550983305000102, -4.219234446999849 ], [ 15.551213228, -4.220727847999967 ], [ 15.551386785000091, -4.223427628999957 ], [ 15.551788283000064, -4.224806017999981 ], [ 15.551274905000071, -4.227046729999927 ], [ 15.551164570000083, -4.232848729999887 ], [ 15.55064472600003, -4.240354845999946 ], [ 15.550541791000114, -4.242212670999947 ], [ 15.549799812000117, -4.244855658999938 ], [ 15.549227533000135, -4.246615005999956 ], [ 15.548315721000165, -4.249969300999908 ], [ 15.547790271000054, -4.253583852999952 ], [ 15.546891267999968, -4.258529585999952 ], [ 15.546320402, -4.260425668999972 ], [ 15.544320758000083, -4.264792892999935 ], [ 15.542377468999973, -4.267953731999967 ], [ 15.539804128000128, -4.270253340999943 ], [ 15.537745925000138, -4.27278236099994 ], [ 15.534943588000147, -4.274967227999866 ], [ 15.534658236000155, -4.276058878999947 ], [ 15.535288492000063, -4.277236057999914 ], [ 15.53546127400017, -4.278844392999929 ], [ 15.535176641000135, -4.280970051999873 ], [ 15.533805302000133, -4.28384325299993 ], [ 15.532433199000025, -4.285625001999904 ], [ 15.532034390000149, -4.288152853999975 ], [ 15.531177559000014, -4.290336355999898 ], [ 15.529519127000128, -4.291831075999937 ], [ 15.527575560000173, -4.294762111999887 ], [ 15.525860951000141, -4.297807877999844 ], [ 15.52460372500002, -4.300278875999936 ], [ 15.522945133000121, -4.301630772999943 ], [ 15.522487625999986, -4.302003679999814 ], [ 15.520714588000033, -4.30332612899997 ], [ 15.518599249999966, -4.306199822999815 ], [ 15.516254844000173, -4.308843887999899 ], [ 15.514585727000167, -4.31100988999998 ], [ 15.513110242000039, -4.31292461299995 ], [ 15.510022277000076, -4.316172338999934 ], [ 15.508793234000052, -4.317133259999935 ], [ 15.507151505000024, -4.318416834999823 ], [ 15.505904213, -4.319392020999942 ], [ 15.503791459000183, -4.320876437999914 ], [ 15.500584717999971, -4.323129484999924 ], [ 15.496351151000113, -4.32485562599993 ], [ 15.491889067000045, -4.327213790999906 ], [ 15.487542361000067, -4.331065432999935 ], [ 15.482794278000085, -4.333739683999852 ], [ 15.477931254000055, -4.335695916999953 ], [ 15.47377859400018, -4.336578668999891 ], [ 15.469233898000027, -4.337482177999959 ], [ 15.465547703000141, -4.337594366999951 ], [ 15.463454089000095, -4.337658085999976 ], [ 15.460020352000129, -4.337459127999921 ], [ 15.45727280300008, -4.336369333999926 ], [ 15.452522801000157, -4.336084968999899 ], [ 15.44737211000006, -4.335628474999965 ], [ 15.441970386000037, -4.336154891999911 ], [ 15.440848609, -4.336264212999936 ], [ 15.437014730000158, -4.336840898999924 ], [ 15.436051380000038, -4.337230976999876 ], [ 15.434326536000128, -4.33723197199987 ], [ 15.43175151100013, -4.337578122999901 ], [ 15.428546628000106, -4.337292721999916 ], [ 15.422194188000105, -4.33689418199998 ], [ 15.419561263000162, -4.336033963999967 ], [ 15.418431626000029, -4.335802946999934 ], [ 15.415936243000033, -4.335292624999909 ], [ 15.41423854400017, -4.334945433999962 ], [ 15.40994592300018, -4.333856306999905 ], [ 15.406568790999984, -4.332479431999957 ], [ 15.405710571000043, -4.332824568999968 ], [ 15.405023755000059, -4.33265259999996 ], [ 15.401132229000154, -4.332482337999977 ], [ 15.399243377000175, -4.331793987999959 ], [ 15.3969541190001, -4.331450518999873 ], [ 15.395007508999981, -4.329728161999924 ], [ 15.391229888000169, -4.328466314999957 ], [ 15.382357863000152, -4.324736862999941 ], [ 15.377607320000095, -4.323245650999922 ], [ 15.375433053000052, -4.323936084999957 ], [ 15.37166690000015, -4.324142 ], [ 15.37142308600005, -4.323180617999981 ], [ 15.370532890000106, -4.322674636999864 ], [ 15.369692800000053, -4.322002399999917 ], [ 15.361910643000158, -4.318269712999893 ], [ 15.358726400000023, -4.316878299999871 ], [ 15.356174500000122, -4.316139699999951 ], [ 15.353385, -4.315626099999918 ], [ 15.352612500000077, -4.315711699999895 ], [ 15.352312100000063, -4.316139699999951 ], [ 15.352675300000101, -4.316792699999894 ], [ 15.353319100000078, -4.31722069999995 ], [ 15.354649400000028, -4.31884679999996 ], [ 15.354864000000191, -4.319445899999948 ], [ 15.355144500000165, -4.319862699999817 ], [ 15.3551215, -4.320344599999885 ], [ 15.355093645000125, -4.32149791899991 ], [ 15.354758300000185, -4.322045199999934 ], [ 15.3542862, -4.323157799999933 ], [ 15.353814100000022, -4.32320059999995 ], [ 15.351668400000108, -4.324099199999978 ], [ 15.350423800000158, -4.325169099999925 ], [ 15.35016372900003, -4.326210021999884 ], [ 15.350057500000048, -4.326635199999885 ], [ 15.34956550000004, -4.32773659999998 ], [ 15.349001999000052, -4.328595984999879 ], [ 15.348873, -4.32827769999983 ], [ 15.348422800000151, -4.328012 ], [ 15.348220200000071, -4.328253299999858 ], [ 15.347982168000101, -4.328110669999944 ], [ 15.347942500000045, -4.32808689999996 ], [ 15.347481100000039, -4.328040099999953 ], [ 15.346833900000149, -4.328013899999917 ], [ 15.346737878, -4.328047372999947 ], [ 15.346528100000057, -4.328120499999955 ], [ 15.346593699999971, -4.327759499999956 ], [ 15.346919422000099, -4.32755157399987 ], [ 15.347277, -4.32744 ], [ 15.347590300000036, -4.327058399999942 ], [ 15.347562200000027, -4.326888199999871 ], [ 15.347110100000066, -4.327056499999969 ], [ 15.346964036000088, -4.327193365999904 ], [ 15.346768700000098, -4.327376399999935 ], [ 15.345722, -4.325996799999928 ], [ 15.3459734, -4.324833299999966 ], [ 15.345309813000085, -4.324494503999972 ], [ 15.345280165000133, -4.324488647999942 ], [ 15.345348351000041, -4.32490779799997 ], [ 15.345310218, -4.325335045999964 ], [ 15.344987856000159, -4.325141408999968 ], [ 15.344741802000044, -4.324961619999897 ], [ 15.344375704000129, -4.324784628999907 ], [ 15.344075224000164, -4.324635948999969 ], [ 15.343683229000135, -4.324393047999934 ], [ 15.343440556000019, -4.324048279999829 ], [ 15.343095809000033, -4.323854470999947 ], [ 15.342800149000084, -4.323585522999906 ], [ 15.342922207000072, -4.323091982999927 ], [ 15.343144441000163, -4.322768168999971 ], [ 15.34338378200016, -4.322565094999959 ], [ 15.343452453000054, -4.322249400999851 ], [ 15.343071467000129, -4.322438473999966 ], [ 15.342777222000052, -4.322836894999966 ], [ 15.342593160000092, -4.323022848999869 ], [ 15.342282752000187, -4.323256706999871 ], [ 15.342550276000111, -4.322594868999943 ], [ 15.342255604000059, -4.322788740999954 ], [ 15.342048677999969, -4.323028069999964 ], [ 15.341839599000025, -4.323272182999915 ], [ 15.341587067000091, -4.323559297999964 ], [ 15.341072092, -4.323866197999962 ], [ 15.341009654000175, -4.323903406999932 ], [ 15.340989258999969, -4.323915560999865 ], [ 15.340995867000174, -4.323907514999974 ], [ 15.341261888000076, -4.323583593999842 ], [ 15.341442109000184, -4.323281778999899 ], [ 15.341964705000066, -4.322528834999957 ], [ 15.342014529000096, -4.322460872999955 ], [ 15.341983233000178, -4.322375917999921 ], [ 15.342072455999983, -4.321531777999894 ], [ 15.341683839999973, -4.321360102999961 ], [ 15.341379138000036, -4.321059726999977 ], [ 15.341435910000087, -4.320472240999891 ], [ 15.341278559000102, -4.32006574899998 ], [ 15.340947133000043, -4.319992046999857 ], [ 15.340640443999973, -4.320023932999902 ], [ 15.340256671000134, -4.319756016999975 ], [ 15.340009179000106, -4.319718351999938 ], [ 15.339393629000142, -4.319451593999815 ], [ 15.339201895000087, -4.319681643999843 ], [ 15.339472779000118, -4.319972990999872 ], [ 15.340168000000176, -4.32138516099991 ], [ 15.340551364000078, -4.321610248999889 ], [ 15.340279561000045, -4.321844359999886 ], [ 15.339847615000053, -4.321328685999958 ], [ 15.339509982000095, -4.320757569999955 ], [ 15.338854502, -4.319819465999956 ], [ 15.337805750000086, -4.318643607999945 ], [ 15.337619813000117, -4.31828596899993 ], [ 15.337297860000035, -4.317976476999888 ], [ 15.336189250000132, -4.316619375999949 ], [ 15.335930810000036, -4.316145452999933 ], [ 15.335385335000126, -4.315571800999976 ], [ 15.335149752000063, -4.315196048999951 ], [ 15.334929489000046, -4.315354836999973 ], [ 15.335055388000114, -4.315729597999962 ], [ 15.334675315000027, -4.315713620999873 ], [ 15.334570390000124, -4.315294259999916 ], [ 15.33430764600007, -4.315172224999856 ], [ 15.333987203000106, -4.315143603999957 ], [ 15.33381461700003, -4.314892776999898 ], [ 15.333927153000104, -4.314617674999965 ], [ 15.334165563999989, -4.314494650999904 ], [ 15.334532743000125, -4.314087382999958 ], [ 15.334409725000057, -4.31358762099984 ], [ 15.334169417000055, -4.313960100999907 ], [ 15.333862319000048, -4.314029248999873 ], [ 15.333690634000163, -4.313288915999976 ], [ 15.333896154000115, -4.31272026899984 ], [ 15.333782212000074, -4.312327864999872 ], [ 15.333739284999979, -4.311873472999935 ], [ 15.333808913000098, -4.311018979999915 ], [ 15.333702066000058, -4.310706166999978 ], [ 15.333310996000023, -4.310349688999963 ], [ 15.332944860999987, -4.309819429999891 ], [ 15.332849469000109, -4.30944488099982 ], [ 15.332183840000027, -4.309039150999979 ], [ 15.332112315000018, -4.308780680999917 ], [ 15.331844791000094, -4.308680762999927 ], [ 15.331237802000089, -4.308035408999899 ], [ 15.331172000000151, -4.307607165999912 ], [ 15.330940246000125, -4.307311501999948 ], [ 15.33048989100007, -4.306502217999878 ], [ 15.330211221000127, -4.306020627999885 ], [ 15.329802511000082, -4.305665026999975 ], [ 15.329313299000091, -4.305430434999948 ], [ 15.328814917000045, -4.305009439999822 ], [ 15.328009291, -4.304418252999938 ], [ 15.327095990000032, -4.303606962999936 ], [ 15.326324426000156, -4.302559361999954 ], [ 15.325927966, -4.302478919999942 ], [ 15.326039340000023, -4.302833541999973 ], [ 15.326543819000108, -4.303327082999886 ], [ 15.325956353000151, -4.303572177999911 ], [ 15.325609236000105, -4.303364747999979 ], [ 15.325558636000039, -4.302678629999946 ], [ 15.324910659000125, -4.302433701999973 ], [ 15.324470486000052, -4.302439677999928 ], [ 15.324238814000068, -4.302153146999899 ], [ 15.324150085999975, -4.301796456999966 ], [ 15.32310864100009, -4.300764523999874 ], [ 15.322101561000068, -4.299983026999939 ], [ 15.321687685000086, -4.299525714999959 ], [ 15.321437857000035, -4.298642593999887 ], [ 15.320671123000182, -4.298070743999915 ], [ 15.319682131000093, -4.297552345999918 ], [ 15.319233923000127, -4.297442458999967 ], [ 15.318631194999966, -4.297391526999945 ], [ 15.316936484000166, -4.297248320999927 ], [ 15.316705933000037, -4.297099810999953 ], [ 15.316596010000069, -4.297459568999955 ], [ 15.314418771000135, -4.297729463999929 ], [ 15.314329178000094, -4.297426227999949 ], [ 15.313351606000026, -4.297178711999834 ], [ 15.311466205999977, -4.296960871999943 ], [ 15.310907353000061, -4.297037166999928 ], [ 15.309930588000157, -4.29746121699992 ], [ 15.308787237000104, -4.298003876999871 ], [ 15.307498931000111, -4.298562966999953 ], [ 15.306612975000178, -4.298850497999865 ], [ 15.305725349000113, -4.299046781999948 ], [ 15.304470841000011, -4.299345780999886 ], [ 15.303223616000139, -4.299583943999892 ], [ 15.302136435000136, -4.299897236999868 ], [ 15.300357821000091, -4.30083751899997 ], [ 15.300004949000026, -4.301191536999852 ], [ 15.298382774000174, -4.301714378999861 ], [ 15.297822961000122, -4.301817437999944 ], [ 15.296939838000128, -4.301766860999919 ], [ 15.295156489000135, -4.301442663999921 ], [ 15.294929525000157, -4.301775013999816 ], [ 15.293928119999975, -4.302164103999928 ], [ 15.293734531000041, -4.30233195999989 ], [ 15.293169016000093, -4.302684293999903 ], [ 15.292879070000083, -4.302914144999932 ], [ 15.292499559000191, -4.3028936689999 ], [ 15.292255422000153, -4.303016681999964 ], [ 15.291993122000122, -4.303255113999967 ], [ 15.291695626000035, -4.303173100999913 ], [ 15.291455277000125, -4.303487320999977 ], [ 15.291065226000114, -4.303693782999858 ], [ 15.289893659000029, -4.3038703819999 ], [ 15.288301457000102, -4.304057624999928 ], [ 15.28680613400013, -4.303735288999917 ], [ 15.285635027000126, -4.303396311999848 ], [ 15.28532678900001, -4.303254273999926 ], [ 15.285037959000078, -4.30305532899996 ], [ 15.284193071000175, -4.302113984999949 ], [ 15.283753395000019, -4.302164528999981 ], [ 15.283453966000025, -4.30227806299996 ], [ 15.283000969000113, -4.302275156999883 ], [ 15.282563181000171, -4.302004787999977 ], [ 15.282019588000026, -4.301769280999963 ], [ 15.281714451000084, -4.301517946999923 ], [ 15.281629555000166, -4.301223296999979 ], [ 15.281648611000151, -4.300502324999911 ], [ 15.281490293000047, -4.300198566999939 ], [ 15.281212811000159, -4.299973994999903 ], [ 15.280956265000043, -4.299900554999965 ], [ 15.280608205000021, -4.29992483299992 ], [ 15.280143740000085, -4.300260025999876 ], [ 15.279007347000118, -4.300705634999872 ], [ 15.278175303000182, -4.301042335999853 ], [ 15.277818210000021, -4.301313427999901 ], [ 15.277387272000112, -4.301610816999926 ], [ 15.276751928000124, -4.302146280999978 ], [ 15.27590014600014, -4.302920220999965 ], [ 15.275403192000056, -4.303454943999895 ], [ 15.274884851000081, -4.304140454999867 ], [ 15.274288308, -4.305435545999899 ], [ 15.274021106000077, -4.305696766999915 ], [ 15.273271812000075, -4.306342098999949 ], [ 15.272849098000108, -4.306802560999927 ], [ 15.271976596000059, -4.308219569999949 ], [ 15.270697245000179, -4.3098851499999 ], [ 15.269882216000155, -4.310967511999934 ], [ 15.269394158000068, -4.311443534999967 ], [ 15.269220572999984, -4.31172434899986 ], [ 15.26847163900004, -4.312452544999871 ], [ 15.267577373000108, -4.313086000999817 ], [ 15.26736402400013, -4.313402464999967 ], [ 15.266892451000103, -4.313535228999967 ], [ 15.266408300000137, -4.313984942999923 ], [ 15.265614553000091, -4.314821675999895 ], [ 15.265491906000136, -4.315691019999974 ], [ 15.265276555000185, -4.316345762999958 ], [ 15.264688703000047, -4.317455810999888 ], [ 15.264689058000158, -4.317456229999834 ], [ 15.264528012000142, -4.317759244999934 ], [ 15.264330101000041, -4.318981132999966 ], [ 15.264405096000075, -4.319451529999981 ], [ 15.264404661000128, -4.319876577999878 ], [ 15.264454699000055, -4.320378580999943 ], [ 15.264296236000177, -4.320688045999873 ], [ 15.264318810000077, -4.32111224199997 ], [ 15.264381043000128, -4.321585770999832 ], [ 15.26474046900006, -4.321664599999963 ], [ 15.264809158000162, -4.322338967999883 ], [ 15.264757284000098, -4.322837259999972 ], [ 15.264842185000134, -4.323110475999954 ], [ 15.264770381000062, -4.323571969999932 ], [ 15.264620968000031, -4.323925685999882 ], [ 15.264370940000106, -4.324137639999947 ], [ 15.26368015800017, -4.324369494999928 ], [ 15.26338354000012, -4.324433167999871 ], [ 15.262457574000052, -4.324697833999949 ], [ 15.261983624000095, -4.32484779299989 ], [ 15.260930502, -4.325473769999917 ], [ 15.259834978000129, -4.326025776999927 ], [ 15.259462677000158, -4.326247480999882 ], [ 15.259508867000079, -4.326562474999946 ], [ 15.259386062000146, -4.326809237999896 ], [ 15.259100836000187, -4.326967941999897 ], [ 15.258512785000107, -4.32715318399994 ], [ 15.258201245000066, -4.327369170999873 ], [ 15.257731701000125, -4.327576400999874 ], [ 15.257270875000188, -4.327607397999884 ], [ 15.256787445000157, -4.327854282999965 ], [ 15.256961669000191, -4.328239724999889 ], [ 15.25735894200011, -4.328462079999895 ], [ 15.257894384000167, -4.328444273999935 ], [ 15.258254322000084, -4.328580728999952 ], [ 15.258574789000079, -4.328800905999969 ], [ 15.25893029000008, -4.328796378999925 ], [ 15.25927696399998, -4.328646464999963 ], [ 15.259702327000127, -4.328567613999837 ], [ 15.259430668999983, -4.32891956799989 ], [ 15.2586441790001, -4.32928399899987 ], [ 15.25846087400015, -4.32938250199993 ], [ 15.258052750000104, -4.329519218999963 ], [ 15.257749937000028, -4.32958981399986 ], [ 15.257341783000186, -4.329636947999916 ], [ 15.25703008000005, -4.329374177999966 ], [ 15.256792970000163, -4.329052639999929 ], [ 15.256454922000103, -4.32875316499991 ], [ 15.256094985000061, -4.328621114999976 ], [ 15.255643097000132, -4.328551483999945 ], [ 15.25513816, -4.328502483999955 ], [ 15.254585070000076, -4.328247137999881 ], [ 15.254334997000115, -4.328533594999953 ], [ 15.253760052000018, -4.328547004999905 ], [ 15.253716011000051, -4.328088822999916 ], [ 15.253733433000036, -4.327687895999873 ], [ 15.253553739000097, -4.327352158999815 ], [ 15.253439445000083, -4.327262421999933 ], [ 15.253026662000138, -4.32722112499988 ], [ 15.252570141000092, -4.327000990999977 ], [ 15.252301714000168, -4.326911271999904 ], [ 15.251951176000148, -4.326613492999968 ], [ 15.25173159100018, -4.326190614999973 ], [ 15.251555879000023, -4.325719259999971 ], [ 15.251073010000141, -4.325450670999942 ], [ 15.25055508700018, -4.325353915999926 ], [ 15.248312070000111, -4.324477913999942 ], [ 15.247456098000157, -4.324059648999878 ], [ 15.246666087000108, -4.324033472999929 ], [ 15.24578677500017, -4.323926070999846 ], [ 15.244533044000093, -4.323919615999841 ], [ 15.243497370000171, -4.324254785999926 ], [ 15.242821575000107, -4.324554592999959 ], [ 15.242101982000179, -4.325145191999979 ], [ 15.24098744600019, -4.32592976899997 ], [ 15.240741695000168, -4.32601796199998 ], [ 15.240019335000113, -4.326376669999945 ], [ 15.239275952000128, -4.326511869999933 ], [ 15.238784360000125, -4.326406286999884 ], [ 15.238112749999971, -4.32638421799993 ], [ 15.23752276800019, -4.326372892999871 ], [ 15.236923415999968, -4.326265888999899 ], [ 15.236249789000112, -4.326443582999957 ], [ 15.23573865000003, -4.327050479999969 ], [ 15.235255882000047, -4.328030698999896 ], [ 15.234764858000119, -4.328830701999948 ], [ 15.234336922000011, -4.329254115999959 ], [ 15.233773207000013, -4.32963725999997 ], [ 15.233448475000159, -4.329800371999966 ], [ 15.232799068000134, -4.330311637999898 ], [ 15.231903855999974, -4.33074367599994 ], [ 15.231535292000046, -4.331096247999881 ], [ 15.2312281130001, -4.33125494899997 ], [ 15.230824488000053, -4.331774949999897 ], [ 15.23038569400012, -4.332109919999937 ], [ 15.230078574000117, -4.332462472999964 ], [ 15.229920697000125, -4.332876659999954 ], [ 15.229710109000109, -4.333149879999894 ], [ 15.229411686, -4.333238085999938 ], [ 15.229034236000075, -4.333238199999926 ], [ 15.228375863, -4.333141472999898 ], [ 15.228024762000189, -4.333194447999858 ], [ 15.227581473000043, -4.333181364999916 ], [ 15.226422688000127, -4.332846876999952 ], [ 15.22531220400009, -4.332587269999976 ], [ 15.225031228000148, -4.332305385999916 ], [ 15.22482044100019, -4.331908931999976 ], [ 15.224583328, -4.3315389199999 ], [ 15.224205819000133, -4.331336367999938 ], [ 15.223881026000186, -4.331301217999965 ], [ 15.223398324000016, -4.331583328999955 ], [ 15.223126208000053, -4.331579003999934 ], [ 15.222928634000084, -4.331336745999977 ], [ 15.222687185000098, -4.331142963999923 ], [ 15.221844596999972, -4.331451613999889 ], [ 15.221506631000068, -4.331394438999951 ], [ 15.221019487000092, -4.331495912999912 ], [ 15.220343562000039, -4.331407995999939 ], [ 15.21999240800011, -4.331275925999932 ], [ 15.219658871000149, -4.331355325999937 ], [ 15.219290173000047, -4.331267318999835 ], [ 15.2186405, -4.330888612999956 ], [ 15.218416555000033, -4.330509783999958 ], [ 15.218100610000079, -4.330716944999949 ], [ 15.217745113999968, -4.330747886999916 ], [ 15.216977013000133, -4.330624747999934 ], [ 15.216568878000032, -4.330757036999955 ], [ 15.215959446000056, -4.331284897999979 ], [ 15.215331382000102, -4.331422657999894 ], [ 15.215090046000057, -4.331620984999972 ], [ 15.214216788000101, -4.332132299999898 ], [ 15.213514604000068, -4.33230872799993 ], [ 15.212724873000184, -4.332384780999917 ], [ 15.212098565000076, -4.332784947999926 ], [ 15.209821988000101, -4.331074195999918 ], [ 15.210060358000078, -4.33078689499996 ], [ 15.209940857000049, -4.329781607999905 ], [ 15.209582886000192, -4.328704577999872 ], [ 15.208428443000173, -4.327421915999878 ], [ 15.207426738000152, -4.326608360999899 ], [ 15.20659201300009, -4.326034119999917 ], [ 15.204922830999976, -4.325867019999919 ], [ 15.204422206000061, -4.326298007999981 ], [ 15.203802330000087, -4.326633281999932 ], [ 15.20270529600009, -4.325987298999962 ], [ 15.201322240000081, -4.325772241999914 ], [ 15.200010844000076, -4.326035887999979 ], [ 15.19858008, -4.32574902999994 ], [ 15.194265372000075, -4.327473770999916 ], [ 15.192951559000164, -4.329162854999879 ], [ 15.188737059000175, -4.33371147999992 ], [ 15.18727405900006, -4.336269354999899 ], [ 15.186428558000046, -4.337615479999897 ], [ 15.185441933, -4.339225729999896 ], [ 15.184595058000184, -4.340913729999954 ], [ 15.183896934000188, -4.342666604999863 ], [ 15.183343808000075, -4.344472854999935 ], [ 15.182947059000185, -4.346319229999835 ], [ 15.182706809000024, -4.348192229999881 ], [ 15.182622809000179, -4.350078604999908 ], [ 15.182702934000133, -4.351964979999934 ], [ 15.182756433, -4.35296435499987 ], [ 15.182657184000107, -4.353958104999947 ], [ 15.182416934000116, -4.354928979999954 ], [ 15.182035559000099, -4.355850229999817 ], [ 15.181520559000091, -4.356706604999886 ], [ 15.180883433000133, -4.357477229999972 ], [ 15.176538433000189, -4.36188310499989 ], [ 15.175691559000086, -4.362995104999925 ], [ 15.174978184000111, -4.364196729999946 ], [ 15.174413684000115, -4.365474729999903 ], [ 15.173997934, -4.366809854999872 ], [ 15.173742307999987, -4.368183229999829 ], [ 15.173646933000043, -4.369577479999975 ], [ 15.173715684000115, -4.370973604999961 ], [ 15.17394818300005, -4.372352604999833 ], [ 15.17433730800002, -4.373695354999825 ], [ 15.174211079000145, -4.384075776999907 ], [ 15.174180934000049, -4.386554729999943 ], [ 15.17407805900018, -4.387864979999904 ], [ 15.173776683000085, -4.389144854999927 ], [ 15.173288434000085, -4.390363729999876 ], [ 15.17262080800009, -4.391496729999915 ], [ 15.171792934, -4.392517104999968 ], [ 15.170820309000078, -4.393400104999955 ], [ 15.168176559000187, -4.395044354999925 ], [ 15.166036684000176, -4.396938229999932 ], [ 15.160879184000123, -4.403383229999861 ], [ 15.155092184000182, -4.409194854999953 ], [ 15.152826184000105, -4.410331729999939 ], [ 15.146409934000189, -4.414628979999975 ], [ 15.137311933000149, -4.42553335499997 ], [ 15.134580559000085, -4.429914479999923 ], [ 15.133451559000093, -4.43332485499991 ], [ 15.13093368400007, -4.435094854999932 ], [ 15.129045559000076, -4.437622104999946 ], [ 15.12639805800012, -4.443237354999951 ], [ 15.126710809000144, -4.443717980999907 ], [ 15.125291934000074, -4.448879229999932 ], [ 15.123502809000115, -4.452056979999952 ], [ 15.122831434000091, -4.454709979999905 ], [ 15.12153430900014, -4.456754729999886 ], [ 15.11974518400018, -4.459571729999936 ], [ 15.118669433000036, -4.460779229999901 ], [ 15.117372559000046, -4.463598354999931 ], [ 15.114870058, -4.466327605999879 ], [ 15.113168683000026, -4.469413854999971 ], [ 15.111749684000131, -4.472923229999935 ], [ 15.111869898000123, -4.479006194999897 ], [ 15.111870558000192, -4.479039604999969 ], [ 15.108027088000142, -4.483726285999978 ], [ 15.106377634000069, -4.485737608999955 ], [ 15.104744369000059, -4.487729192999893 ], [ 15.104089809000072, -4.488527354999974 ], [ 15.096661807999965, -4.497316104999811 ], [ 15.085789302000137, -4.507426816999953 ], [ 15.085238684000046, -4.507938854999963 ], [ 15.070438931000012, -4.520900096999981 ], [ 15.056176683, -4.533390605999898 ], [ 15.044624184000099, -4.542054979999932 ], [ 15.036140309000075, -4.543679604999966 ], [ 15.02855893300017, -4.554690604999962 ], [ 15.017547808000131, -4.564799104999906 ], [ 14.994225184000072, -4.589372229999981 ], [ 14.993041934000019, -4.593299729999956 ], [ 14.991575684000054, -4.596538979999934 ], [ 14.990374934000158, -4.599191980999876 ], [ 14.989230433000046, -4.600882354999953 ], [ 14.985494934000144, -4.606398479999939 ], [ 14.981454309000071, -4.611739604999968 ], [ 14.97442401100011, -4.618849873999977 ], [ 14.968351434000112, -4.624991479999892 ], [ 14.965949683000076, -4.627420729999812 ], [ 14.957219184000053, -4.635369229999867 ], [ 14.952832309000087, -4.639842854999927 ], [ 14.946882059000188, -4.644837854999935 ], [ 14.942690559000141, -4.649137729999893 ], [ 14.939584934000095, -4.651830729999972 ], [ 14.93337368400006, -4.657216604999974 ], [ 14.927944433, -4.661429730999885 ], [ 14.923324309, -4.66564760499989 ], [ 14.918256581000094, -4.669908580999959 ], [ 14.914653683000097, -4.674286354999879 ], [ 14.910136308000119, -4.678890230999968 ], [ 14.905836558000033, -4.684102479999922 ], [ 14.902163934000043, -4.689782729999877 ], [ 14.898496308000176, -4.696524604999922 ], [ 14.895220558000062, -4.70254573099993 ], [ 14.893805183000097, -4.707426729999952 ], [ 14.892545559000155, -4.71177010599996 ], [ 14.890634433000116, -4.716113480999979 ], [ 14.889336059000129, -4.721726354999873 ], [ 14.888810183000146, -4.722715605999895 ], [ 14.887605558000075, -4.726648854999951 ], [ 14.88433643400009, -4.732097355999883 ], [ 14.881469808000077, -4.736875105999957 ], [ 14.878212184000176, -4.740827604999879 ], [ 14.873651683000048, -4.75081747999991 ], [ 14.870567808000033, -4.759982229999878 ], [ 14.868768933000183, -4.763331354999877 ], [ 14.867715184000133, -4.765292605999889 ], [ 14.867210559, -4.767132105999963 ], [ 14.865055309000013, -4.769302854999978 ], [ 14.86393843400009, -4.781960480999828 ], [ 14.856155309000144, -4.789799229999971 ], [ 14.853059057999985, -4.795156604999931 ], [ 14.852976933000036, -4.796597229999918 ], [ 14.851347184000133, -4.801901605999888 ], [ 14.850733809000076, -4.803178229999901 ], [ 14.850232933000029, -4.808447854999827 ], [ 14.845203433000052, -4.816511229999946 ], [ 14.836045308000053, -4.825502354999969 ], [ 14.833752433000143, -4.825967229999947 ], [ 14.821154683000145, -4.835886105999975 ], [ 14.807620184000029, -4.837753230999908 ], [ 14.802810308000119, -4.8347324799999 ], [ 14.798249808000094, -4.8373386049999 ], [ 14.797088809000059, -4.837625854999942 ], [ 14.794318058000044, -4.84122997999998 ], [ 14.780111433000059, -4.85000023099991 ], [ 14.774834434000184, -4.850700854999957 ], [ 14.771701934000134, -4.847136105999823 ], [ 14.770234684000059, -4.847632730999976 ], [ 14.767063934000078, -4.850151730999926 ], [ 14.763763184000027, -4.854104230999951 ], [ 14.759635308000099, -4.858064729999967 ], [ 14.756058059000111, -4.860271979999823 ], [ 14.755812433000074, -4.861550730999909 ], [ 14.753753558000142, -4.864315354999974 ], [ 14.744126183000162, -4.869165354999893 ], [ 14.742223434000039, -4.868808230999946 ], [ 14.735631933000093, -4.867570979999869 ], [ 14.730596559, -4.873562479999919 ], [ 14.719367933000171, -4.880945729999837 ], [ 14.715024183000139, -4.88831622999993 ], [ 14.709754059000147, -4.892237105999811 ], [ 14.703363308000121, -4.899460979999958 ], [ 14.696461809000084, -4.900083979999977 ], [ 14.693720058000167, -4.905611105999981 ], [ 14.690506933000165, -4.905847105999953 ], [ 14.687566183, -4.909699729999943 ], [ 14.683476933000065, -4.910612230999959 ], [ 14.678501434000054, -4.910916229999884 ], [ 14.671942932999968, -4.912653605999935 ], [ 14.666991308000036, -4.914694980999911 ], [ 14.660693434000109, -4.916823230999967 ], [ 14.653836683000065, -4.917110479999849 ], [ 14.648010434000184, -4.916562730999885 ], [ 14.642719933000024, -4.916065229999958 ], [ 14.636109558000157, -4.914086979999979 ], [ 14.630158933000075, -4.912306104999971 ], [ 14.625120809000123, -4.909960729999966 ], [ 14.618562059000169, -4.90800610499997 ], [ 14.613219683000068, -4.902229354999861 ], [ 14.60831393300009, -4.899659229999941 ], [ 14.588245184000016, -4.899666729999922 ], [ 14.587028808000127, -4.898320230999957 ], [ 14.585844433000091, -4.895906854999964 ], [ 14.584900433000143, -4.891761730999917 ], [ 14.583163433000095, -4.887157605999903 ], [ 14.583510807999971, -4.885593980999943 ], [ 14.581382432999987, -4.881424354999979 ], [ 14.578298558000029, -4.878297105999877 ], [ 14.575441058000024, -4.876939730999936 ], [ 14.572641183000087, -4.874217479999913 ], [ 14.566136808000067, -4.866178855999976 ], [ 14.563704808000125, -4.864528354999834 ], [ 14.557797558000175, -4.859533479999925 ], [ 14.554299808000167, -4.857145105999905 ], [ 14.552672308000126, -4.857101229999842 ], [ 14.547851058, -4.856970855999975 ], [ 14.544333059000166, -4.857144730999892 ], [ 14.539911183000072, -4.85879685499998 ], [ 14.533247433000099, -4.858792605999895 ], [ 14.525612808000119, -4.856883979999964 ], [ 14.522485433000099, -4.856102230999966 ], [ 14.510758183000064, -4.855320354999947 ], [ 14.507109808000052, -4.853626604999931 ], [ 14.503808933000073, -4.850629479999952 ], [ 14.502426059000015, -4.847480479999888 ], [ 14.499298808, -4.844411354999977 ], [ 14.495937183000137, -4.842135730999871 ], [ 14.491886433, -4.84196935499989 ], [ 14.487890308000033, -4.841805105999981 ], [ 14.483662433000063, -4.841631229999962 ], [ 14.479666683000062, -4.842442105999908 ], [ 14.473933308000028, -4.845685355999933 ], [ 14.472313433000011, -4.848755229999938 ], [ 14.46953180800017, -4.853213855999968 ], [ 14.465421933000016, -4.857865605999848 ], [ 14.465038183000104, -4.858543855999926 ], [ 14.462003183000149, -4.861726854999915 ], [ 14.4574859330001, -4.864854104999949 ], [ 14.448335933000124, -4.869603230999871 ], [ 14.444919308000124, -4.870471729999963 ], [ 14.4388385580001, -4.873251480999954 ], [ 14.436116433, -4.875741730999948 ], [ 14.431485432999978, -4.878931729999977 ], [ 14.427362057999972, -4.88279735499998 ], [ 14.426636126000119, -4.883477914999901 ], [ 14.422420183000099, -4.887430354999935 ], [ 14.417375433000132, -4.890621980999924 ], [ 14.415798076000101, -4.89358444699991 ], [ 14.41189475699997, -4.890615238999885 ], [ 14.409106382000118, -4.888083738999967 ], [ 14.407079382000063, -4.885023738999905 ], [ 14.40668488200015, -4.883314238999958 ], [ 14.406871757000033, -4.880329238999877 ], [ 14.408152507000125, -4.875462863999928 ], [ 14.408013257000164, -4.87392473899996 ], [ 14.408152507000125, -4.873298238999894 ], [ 14.407418632000088, -4.870473238999921 ], [ 14.405070507000062, -4.867538113999899 ], [ 14.402126480999982, -4.862766110999928 ], [ 14.401417007000077, -4.861616113999901 ], [ 14.399169007000069, -4.856460363999929 ], [ 14.402429006999967, -4.84860673899982 ], [ 14.40596165900007, -4.84357345199993 ], [ 14.406574882000086, -4.842699738999841 ], [ 14.409876757000177, -4.838847488999932 ], [ 14.413545757000179, -4.831803363999938 ], [ 14.414096007000069, -4.830445863999955 ], [ 14.415102882000156, -4.829328863999933 ], [ 14.415609757000084, -4.828040863999945 ], [ 14.416150632000154, -4.826666863999947 ], [ 14.416959256999974, -4.824612113999933 ], [ 14.416847632000099, -4.823621613999933 ], [ 14.416554132000101, -4.821016738999901 ], [ 14.41614988200007, -4.81941661399992 ], [ 14.416113882000104, -4.818265113999871 ], [ 14.41607725700004, -4.817090988999951 ], [ 14.416554132000101, -4.816066238999895 ], [ 14.416554132000101, -4.812871863999931 ], [ 14.416260632, -4.811844613999938 ], [ 14.415637006999987, -4.810780613999839 ], [ 14.41502408700012, -4.810214841999937 ], [ 14.41468313200005, -4.809900113999902 ], [ 14.413873882000075, -4.809679113999891 ], [ 14.412187007, -4.808327988999963 ], [ 14.41215150700009, -4.807331988999977 ], [ 14.412114881999969, -4.806304613999941 ], [ 14.412371632000088, -4.80557086399989 ], [ 14.413325507000081, -4.804873738999959 ], [ 14.41461238200003, -4.804338488999974 ], [ 14.415563507000115, -4.803442863999976 ], [ 14.416801631999988, -4.802277238999977 ], [ 14.417740359000106, -4.801034002999927 ], [ 14.418608632000144, -4.799884113999951 ], [ 14.419966132000184, -4.798086363999971 ], [ 14.421030132000112, -4.796215238999935 ], [ 14.42264450700003, -4.79471086399991 ], [ 14.42400200700007, -4.79427061399997 ], [ 14.426019757, -4.793133363999971 ], [ 14.428294507000146, -4.792472988999918 ], [ 14.429945507000127, -4.790748488999952 ], [ 14.431046257000105, -4.789134238999907 ], [ 14.431791132000171, -4.787565613999959 ], [ 14.4317066320001, -4.78443811399984 ], [ 14.431156257000112, -4.782713738999973 ], [ 14.431193007000161, -4.781356238999933 ], [ 14.430275757000118, -4.77988873899983 ], [ 14.428294507000146, -4.779191613999956 ], [ 14.426313382000103, -4.777613988999974 ], [ 14.424955882, -4.775926363999872 ], [ 14.424038632000133, -4.774421988999961 ], [ 14.424258757000189, -4.772367488999976 ], [ 14.424148632000026, -4.770239488999835 ], [ 14.424676632, -4.767750863999879 ], [ 14.426899132000074, -4.761868738999908 ], [ 14.428329132000044, -4.73970436399992 ], [ 14.429829257000108, -4.733377613999949 ], [ 14.430424257000141, -4.728513988999964 ], [ 14.422589507000055, -4.713484113999925 ], [ 14.417828132000011, -4.707679113999973 ], [ 14.41424075700013, -4.700178363999896 ], [ 14.412592632000099, -4.696095113999945 ], [ 14.411601507000057, -4.689451738999935 ], [ 14.417697632000056, -4.676175738999973 ], [ 14.41919775700012, -4.667631363999931 ], [ 14.417934007000156, -4.663579738999886 ], [ 14.420437007000146, -4.653086363999932 ], [ 14.420879257000138, -4.649599363999926 ], [ 14.42161113200001, -4.64447673899997 ], [ 14.420632757000021, -4.641476363999971 ], [ 14.419915257000127, -4.635214863999977 ], [ 14.417697632000056, -4.629018613999961 ], [ 14.414958256999967, -4.623670113999879 ], [ 14.412088257, -4.619756613999925 ], [ 14.408501007000041, -4.617473863999976 ], [ 14.40543550700005, -4.620474113999876 ], [ 14.399695632000032, -4.621191488999898 ], [ 14.396173507000015, -4.617082488999927 ], [ 14.394094977000179, -4.613715257999843 ], [ 14.395212283999967, -4.608536484999888 ], [ 14.395807613000159, -4.605690374999938 ], [ 14.398395840000148, -4.592395977999956 ], [ 14.398034892000112, -4.588814849999949 ], [ 14.397775674000172, -4.58624301999987 ], [ 14.39722955100018, -4.580824636999921 ], [ 14.396504759999971, -4.573633511999901 ], [ 14.396023440000135, -4.564023481999868 ], [ 14.395913674000099, -4.562856276999923 ], [ 14.395076640000127, -4.55395555299998 ], [ 14.395065480000085, -4.547549122999953 ], [ 14.409451080000053, -4.541610469999853 ], [ 14.41873404, -4.538871359999973 ], [ 14.42754756000005, -4.533386462999829 ], [ 14.430788640000173, -4.527897210999924 ], [ 14.430218400000058, -4.518097013999977 ], [ 14.43186036000003, -4.520175930999926 ], [ 14.432750500000111, -4.514571774999979 ], [ 14.433268445000067, -4.511310870999978 ], [ 14.434220731000039, -4.50531535499988 ], [ 14.43526020000013, -4.498770935999914 ], [ 14.432957280000039, -4.493250874999887 ], [ 14.43846024000004, -4.492322864999949 ], [ 14.442571440000052, -4.482882969999935 ], [ 14.447385360000112, -4.481033929999967 ], [ 14.448516988000108, -4.480039945999977 ], [ 14.45221663500007, -4.476790287999961 ], [ 14.457276262999983, -4.472346039999934 ], [ 14.45998032, -4.469970853999882 ], [ 14.462201721000042, -4.465318453999885 ], [ 14.462728061000064, -4.464216105999981 ], [ 14.462949240000171, -4.463752874999841 ], [ 14.466138480000097, -4.451091973999951 ], [ 14.469568199999969, -4.446024892999958 ], [ 14.475621507000028, -4.440697238999917 ], [ 14.475643767000065, -4.440643029999876 ], [ 14.48050932000001, -4.436333012999967 ], [ 14.477668332000178, -4.436166262999848 ], [ 14.473814040000093, -4.435940038999945 ], [ 14.470258940000122, -4.434425627999872 ], [ 14.466456046000076, -4.432675197999913 ], [ 14.46358932000004, -4.431355672999871 ], [ 14.455688760000044, -4.428146257999913 ], [ 14.4459277200001, -4.423104533999947 ], [ 14.439409200000057, -4.413488358999928 ], [ 14.431961880000074, -4.40387133999991 ], [ 14.422659480000107, -4.395625820999896 ], [ 14.415159659000096, -4.389916219999975 ], [ 14.412429, -4.38783736299996 ], [ 14.406546601000173, -4.380890573999977 ], [ 14.405448240000112, -4.379593461999946 ], [ 14.40161060600002, -4.374655649999966 ], [ 14.39939736000008, -4.371807889999957 ], [ 14.398456680000038, -4.364941422999891 ], [ 14.40355752, -4.360825465999881 ], [ 14.405248500000141, -4.358918076999885 ], [ 14.406386340000097, -4.357634616999917 ], [ 14.410046160000093, -4.353506395999943 ], [ 14.416066080000064, -4.343898299999978 ], [ 14.418836280000107, -4.334745467999937 ], [ 14.418822240000054, -4.326963739999826 ], [ 14.41276344, -4.31460007499993 ], [ 14.408610801000066, -4.30779480599989 ], [ 14.408571600000073, -4.307730564999815 ], [ 14.401134720000073, -4.304063050999957 ], [ 14.386783320000177, -4.299341281999887 ], [ 14.381699760000174, -4.298126193999963 ], [ 14.37001632, -4.301751862999936 ], [ 14.359458927, -4.302544930999943 ], [ 14.357944080000152, -4.302658725999834 ], [ 14.350467873000184, -4.307651424999904 ], [ 14.343564960000037, -4.312261241999977 ], [ 14.334285960000045, -4.317289884999923 ], [ 14.320583280000108, -4.314119153999854 ], [ 14.318380207000189, -4.315190333999908 ], [ 14.313832560000037, -4.317401487999916 ], [ 14.310181931000102, -4.321106512999961 ], [ 14.301336960000185, -4.330083197999897 ], [ 14.286024720000171, -4.337396028999933 ], [ 14.272730016000082, -4.346934392999913 ], [ 14.265806708000071, -4.35177841999996 ], [ 14.262834600000019, -4.353857902999891 ], [ 14.251701960000105, -4.361173555999926 ], [ 14.233364204000054, -4.371587802999954 ], [ 14.230825560000142, -4.373059336999972 ], [ 14.217370200000062, -4.37991548499997 ], [ 14.201635138000029, -4.389435857999956 ], [ 14.199278400000082, -4.390887561999875 ], [ 14.184894600000121, -4.397742825999899 ], [ 14.171432760000073, -4.400936918999946 ], [ 14.155657200000064, -4.408706549999977 ], [ 14.144054040000128, -4.412359710999965 ], [ 14.128270200000145, -4.41555230299997 ], [ 14.114498293999986, -4.415531847999887 ], [ 14.101334640000118, -4.415075040999909 ], [ 14.085711102000062, -4.414688297999817 ], [ 14.082293880000122, -4.414603708999834 ], [ 14.057092765000164, -4.419394315999909 ], [ 14.053511160000028, -4.420075132999841 ], [ 14.041631932000143, -4.423350993999975 ], [ 14.029374960000155, -4.426923115999955 ], [ 14.026928945000179, -4.42799361699997 ], [ 14.024267503000033, -4.429158398999903 ], [ 14.016846240000177, -4.432406307999941 ], [ 14.00989104000007, -4.438351251999961 ], [ 14.000623560000122, -4.449786395999922 ], [ 13.996126180000147, -4.456597573999943 ], [ 13.993676280000159, -4.460307862999969 ], [ 13.993388440000103, -4.460675592999962 ], [ 13.985799480000139, -4.470370818999925 ], [ 13.984771538000189, -4.471866783999815 ], [ 13.976998560000084, -4.483178714999895 ], [ 13.974322385999983, -4.489134443999887 ], [ 13.973298120000152, -4.491413899999941 ], [ 13.965423120000139, -4.502391661999923 ], [ 13.954294800000071, -4.511993899999936 ], [ 13.943620800000076, -4.516104869999822 ], [ 13.930495915000108, -4.516095438999912 ], [ 13.924116360000141, -4.516090855999892 ], [ 13.91389812, -4.515168265999932 ], [ 13.902409861000081, -4.511258558999941 ], [ 13.90042260000007, -4.510582247999935 ], [ 13.890201120000086, -4.507829004999962 ], [ 13.881532336000078, -4.50307661699992 ], [ 13.872071880000021, -4.497747886999832 ], [ 13.869762789000163, -4.494602976999943 ], [ 13.86945816900004, -4.494188093999981 ], [ 13.866020280000043, -4.489505767999901 ], [ 13.859337040000071, -4.481286229999967 ], [ 13.85857368000012, -4.480347388999917 ], [ 13.856981883000117, -4.478260503999934 ], [ 13.854818954000166, -4.47542483899997 ], [ 13.854375932999972, -4.474844022999946 ], [ 13.848497445000135, -4.467137088999891 ], [ 13.846949640000048, -4.465107840999963 ], [ 13.843889640000043, -4.455237072999921 ], [ 13.841820360000042, -4.454790921999972 ], [ 13.838650200000131, -4.460103745999959 ], [ 13.836129480000068, -4.460350985999924 ], [ 13.83559020000007, -4.448621866999872 ], [ 13.834712520000096, -4.446384620999936 ], [ 13.828316760000064, -4.440050902999928 ], [ 13.818558960000075, -4.436840088999929 ], [ 13.810193280000135, -4.433172495999941 ], [ 13.79393712000018, -4.431787821999933 ], [ 13.778150400000129, -4.43314931599997 ], [ 13.772648938000032, -4.436067687999923 ], [ 13.763178521999976, -4.441487509999945 ], [ 13.748735679000049, -4.449900709999895 ], [ 13.735934280000151, -4.457833473999813 ], [ 13.730382000000134, -4.469271005999872 ], [ 13.730873400000121, -4.484374092999929 ], [ 13.730095874000085, -4.50272942099997 ], [ 13.729981680000037, -4.505425209999828 ], [ 13.730083243000024, -4.507761082999934 ], [ 13.730407590000141, -4.515220735999947 ], [ 13.730473579000147, -4.516738405999945 ], [ 13.730651293000108, -4.520825625999976 ], [ 13.731358815000021, -4.537097545999927 ], [ 13.731434280000144, -4.538833092999823 ], [ 13.733308080000143, -4.547986591999916 ], [ 13.73331789700012, -4.553515318999871 ], [ 13.733327056000064, -4.558673197999951 ], [ 13.733348762000105, -4.570894012999929 ], [ 13.733361720000119, -4.578188403999945 ], [ 13.730199545000062, -4.600268006999897 ], [ 13.730090234000158, -4.600813416999927 ], [ 13.727502694000123, -4.609586173999958 ], [ 13.721269568000025, -4.630734987999858 ], [ 13.718149560000029, -4.641779725999925 ], [ 13.71630816000004, -4.650929370999904 ], [ 13.705642800000078, -4.659615090999921 ], [ 13.705305355000178, -4.660505533999981 ], [ 13.702869360000136, -4.666933550999886 ], [ 13.70984328000003, -4.671513881999886 ], [ 13.723323840000035, -4.678844070999958 ], [ 13.726215807000131, -4.681540986999892 ], [ 13.732161840000117, -4.687085950999972 ], [ 13.73171364000018, -4.696235895999848 ], [ 13.729726510999967, -4.702038577999815 ], [ 13.72755528, -4.708128127999885 ], [ 13.722468840000147, -4.720477091999953 ], [ 13.716904320000026, -4.725048084999912 ], [ 13.709937599999989, -4.724585580999928 ], [ 13.70111004000006, -4.722291734999942 ], [ 13.689030240000136, -4.719080407999968 ], [ 13.680671760000052, -4.719531959999927 ], [ 13.680633336000085, -4.719653758999868 ], [ 13.678363080000167, -4.726850142999979 ], [ 13.684161942000173, -4.733695294999961 ], [ 13.685835371000167, -4.735699082999929 ], [ 13.685845956000094, -4.735694089999868 ], [ 13.689532080000049, -4.740125554999963 ], [ 13.692332879999981, -4.74836220799989 ], [ 13.692352320000168, -4.759341682999889 ], [ 13.690052280000145, -4.771691515999976 ], [ 13.68494568, -4.772602810999956 ], [ 13.677510600000176, -4.769852759999878 ], [ 13.668212880000056, -4.764356393999947 ], [ 13.661897360000069, -4.759071555999924 ], [ 13.659681514000056, -4.757217322999907 ], [ 13.658911200000091, -4.756572718999962 ], [ 13.652312313000095, -4.75193038499998 ], [ 13.649146920000078, -4.749703512999929 ], [ 13.643107200000031, -4.748326645999953 ], [ 13.635223920000044, -4.754725658999973 ], [ 13.629663360000052, -4.761583678999955 ], [ 13.62503160000017, -4.768442347999894 ], [ 13.62221532, -4.782187853999972 ], [ 13.621807418, -4.784765856999968 ], [ 13.619511000000102, -4.797715553999922 ], [ 13.617207720000124, -4.808235191999813 ], [ 13.607475120000061, -4.819206510999948 ], [ 13.600049760000104, -4.821945764999953 ], [ 13.589831520000018, -4.821023582999942 ], [ 13.582863, -4.819646142999829 ], [ 13.575775678000014, -4.816787193999971 ], [ 13.570137406000185, -4.814442873999894 ], [ 13.565203200000099, -4.812314594999918 ], [ 13.55823, -4.808192629999951 ], [ 13.550324040000021, -4.801782627999899 ], [ 13.543324560000144, -4.783022266999922 ], [ 13.540065840000182, -4.778445376999969 ], [ 13.53263220000008, -4.776610050999977 ], [ 13.527524160000041, -4.776606458999936 ], [ 13.518712800000174, -4.783461921999958 ], [ 13.503416400000049, -4.799461564999945 ], [ 13.502518298000155, -4.80172280599993 ], [ 13.498330680000038, -4.812266284999907 ], [ 13.502526480000085, -4.82141795799987 ], [ 13.504881317000184, -4.82680994499998 ], [ 13.506723, -4.831026908999831 ], [ 13.502093760000037, -4.839257243999953 ], [ 13.491891720000183, -4.847483348999958 ], [ 13.483002456000122, -4.855149906999941 ], [ 13.479768290000038, -4.858010330999832 ], [ 13.471954560000086, -4.865307750999932 ], [ 13.46313852000003, -4.869418051999844 ], [ 13.454314200000169, -4.868954209999913 ], [ 13.443631560000028, -4.868031732999896 ], [ 13.437617357000079, -4.873536569999885 ], [ 13.429259525000077, -4.880964345999928 ], [ 13.422036463000154, -4.887281335999944 ], [ 13.422037447000093, -4.887282513999935 ], [ 13.41581184, -4.892710646999888 ], [ 13.412314439999989, -4.879283816999816 ], [ 13.408648920000132, -4.875053263999973 ], [ 13.403293920000067, -4.870122522999964 ], [ 13.399586237000165, -4.865803322999966 ], [ 13.39938963700007, -4.865579269999898 ], [ 13.399132504000022, -4.865286233999939 ], [ 13.399137219000124, -4.865280244999951 ], [ 13.398526597000057, -4.864584943999887 ], [ 13.398348223000028, -4.864392441999939 ], [ 13.398076012000161, -4.864098669999976 ], [ 13.396773930000109, -4.862693453999896 ], [ 13.395811362000188, -4.861654642999895 ], [ 13.395279237000125, -4.861080367999932 ], [ 13.39526576999998, -4.861079509999911 ], [ 13.394120760000135, -4.859830125999963 ], [ 13.38879096, -4.854141089999871 ], [ 13.384232307000048, -4.847333854999931 ], [ 13.381475432000116, -4.840201854999918 ], [ 13.382621306999965, -4.83628997999989 ], [ 13.378718182000057, -4.832609979999972 ], [ 13.377336432000106, -4.82340685499986 ], [ 13.381462432000092, -4.816502979999882 ], [ 13.378474432000132, -4.805919979999942 ], [ 13.372733182000104, -4.798557854999956 ], [ 13.363785361000055, -4.799019941999916 ], [ 13.359424320000073, -4.797409884999922 ], [ 13.357015747000048, -4.79463441099989 ], [ 13.354941988000121, -4.792244743999959 ], [ 13.354168190000053, -4.791353066999818 ], [ 13.354166682000084, -4.791351479999946 ], [ 13.350240432000135, -4.786826854999958 ], [ 13.347095182000146, -4.785868104999849 ], [ 13.344962432000045, -4.785218104999956 ], [ 13.340373557000078, -4.784757854999896 ], [ 13.336409432000096, -4.786916854999959 ], [ 13.332344307000085, -4.789130979999925 ], [ 13.324081432000071, -4.783609854999952 ], [ 13.319721307000179, -4.782919854999875 ], [ 13.316510182000115, -4.786371979999956 ], [ 13.313298182000096, -4.786602979999884 ], [ 13.310084182000082, -4.783841979999977 ], [ 13.30618430700008, -4.78430297999995 ], [ 13.302512307000029, -4.782231854999964 ], [ 13.30000734000015, -4.777002943999889 ], [ 13.298379480000108, -4.775099974999932 ], [ 13.29401843200003, -4.774639979999961 ], [ 13.289887432, -4.7704989799999 ], [ 13.286243699000067, -4.771134885999913 ], [ 13.284610200000031, -4.771419959999889 ], [ 13.2818544000001, -4.766357885999923 ], [ 13.279868932000113, -4.764629479999883 ], [ 13.279838092000034, -4.764602632999924 ], [ 13.277892881000128, -4.762909246999925 ], [ 13.273132307000083, -4.758764979999967 ], [ 13.268998432000046, -4.750021979999929 ], [ 13.265326557000094, -4.748181854999871 ], [ 13.262112432000151, -4.743809854999881 ], [ 13.258814025, -4.741329898999879 ], [ 13.25800474700003, -4.740721414999882 ], [ 13.257163893999973, -4.740089176999902 ], [ 13.254768360000014, -4.738287968999884 ], [ 13.253620320000095, -4.735067019999917 ], [ 13.254029750000029, -4.734090890999823 ], [ 13.255454057000179, -4.730694979999953 ], [ 13.25843643200011, -4.728623979999838 ], [ 13.265090307000094, -4.72908485499994 ], [ 13.264630182000133, -4.727013979999924 ], [ 13.256366432000107, -4.719419854999899 ], [ 13.24672230699997, -4.695951854999976 ], [ 13.232950182000081, -4.679844979999928 ], [ 13.228619432000073, -4.677256979999925 ], [ 13.22285443200019, -4.67639397999983 ], [ 13.209775307000086, -4.66903085499996 ], [ 13.200365057000056, -4.657295854999973 ], [ 13.192333307000013, -4.652693854999882 ], [ 13.188201557000127, -4.643028854999898 ], [ 13.185059375000037, -4.640472221999914 ], [ 13.18292310400011, -4.638734040999907 ], [ 13.175682479999978, -4.642869569999959 ], [ 13.162342680000108, -4.648164101999896 ], [ 13.15646208000004, -4.650374665999948 ], [ 13.149881280000045, -4.65047076999997 ], [ 13.144402440000022, -4.652250567999886 ], [ 13.137047640000048, -4.652357807999977 ], [ 13.1308689600001, -4.652022793999947 ], [ 13.125494160000187, -4.650826261999896 ], [ 13.120863840000027, -4.650468793999892 ], [ 13.117394880000063, -4.6500942589999 ], [ 13.113553680000052, -4.649300281999956 ], [ 13.109727240000154, -4.648081111999943 ], [ 13.10627304000019, -4.647281563999968 ], [ 13.100567432000048, -4.652225979999969 ], [ 13.099879431999966, -4.657057854999891 ], [ 13.105159307000122, -4.668102854999916 ], [ 13.10447130700004, -4.67293485499988 ], [ 13.101261432000115, -4.681447854999931 ], [ 13.093003432000046, -4.687658979999924 ], [ 13.093002777000038, -4.687659069999938 ], [ 13.084307280000132, -4.689250945999959 ], [ 13.077756329000124, -4.686881089999872 ], [ 13.074347899000031, -4.685451864999948 ], [ 13.052393306999988, -4.677527979999866 ], [ 13.045740557000045, -4.68028785499996 ], [ 13.035417432000088, -4.689719854999908 ], [ 13.030141307000065, -4.692709979999961 ], [ 13.022341182000105, -4.693397854999944 ], [ 13.013622307000162, -4.698226979999902 ], [ 12.997103432000017, -4.699833854999895 ], [ 12.986091307000095, -4.703053104999981 ], [ 12.975308307000148, -4.709951979999971 ], [ 12.969222552000133, -4.712826585999892 ], [ 12.967322400000114, -4.713723914999946 ], [ 12.966102055000135, -4.714092724999944 ], [ 12.965369168000166, -4.714314216999981 ], [ 12.964331160000029, -4.714627921999977 ], [ 12.957328614000119, -4.718332446999966 ], [ 12.955348966000088, -4.719379727999865 ], [ 12.955348432000051, -4.719379979999871 ], [ 12.943188432000056, -4.722136979999902 ], [ 12.937228807000167, -4.725192604999961 ], [ 12.923456307000151, -4.732253979999882 ], [ 12.914279182000143, -4.734550979999881 ], [ 12.898448307000081, -4.734314979999965 ], [ 12.892024432000142, -4.731781979999937 ], [ 12.876651432000017, -4.733386979999921 ], [ 12.872750432000032, -4.738446979999935 ], [ 12.863113182000063, -4.73913285499998 ], [ 12.860590307000109, -4.741202854999926 ], [ 12.857147307000162, -4.751324979999879 ], [ 12.858293057000139, -4.755006854999976 ], [ 12.847051432000171, -4.753621979999878 ], [ 12.839479182000161, -4.755228854999871 ], [ 12.836496307000175, -4.759828854999967 ], [ 12.836725182, -4.764660979999917 ], [ 12.831217182000103, -4.774323104999951 ], [ 12.817449307, -4.782368854999959 ], [ 12.815154307000057, -4.785818979999874 ], [ 12.80092318200019, -4.819174854999915 ], [ 12.794038307000108, -4.826533854999866 ], [ 12.792431182000087, -4.832054854999967 ], [ 12.794037432000152, -4.834816854999872 ], [ 12.801608307000095, -4.839191854999854 ], [ 12.802295182000023, -4.842413854999961 ], [ 12.800230307000163, -4.846095104999904 ], [ 12.786232307000148, -4.850918854999975 ], [ 12.777968057000066, -4.863338854999824 ], [ 12.770394432000046, -4.871157979999907 ], [ 12.768239432000087, -4.872073229999955 ], [ 12.762820432000069, -4.874374979999914 ], [ 12.75019930600007, -4.876207854999961 ], [ 12.743314181000187, -4.881035854999936 ], [ 12.740864315000181, -4.884880883999926 ], [ 12.736426320000021, -4.89184602399996 ], [ 12.729082320000089, -4.898053863999962 ], [ 12.724491240000191, -4.904032879999932 ], [ 12.7219644, -4.913465920999897 ], [ 12.724025400000187, -4.926350861999936 ], [ 12.721499280000046, -4.936012876999939 ], [ 12.71575944000017, -4.945901883999966 ], [ 12.710830231000045, -4.949851327999966 ], [ 12.710727551000105, -4.949933597999859 ], [ 12.710674532000041, -4.949976077999906 ], [ 12.710559671000055, -4.950068108999972 ], [ 12.710299305000035, -4.950276728999938 ], [ 12.710261059000061, -4.950307358999964 ], [ 12.70772424, -4.952339937999909 ], [ 12.707188370000097, -4.952510409999888 ], [ 12.707056793000163, -4.952552267999977 ], [ 12.706848977000163, -4.952618378999944 ], [ 12.706717430000026, -4.952660226999967 ], [ 12.706209360000116, -4.9528218559999 ], [ 12.705664448000107, -4.953043286999957 ], [ 12.702680280000152, -4.954255935999925 ], [ 12.697064754, -4.953278886999897 ], [ 12.697010682000155, -4.953269479999904 ], [ 12.696902631, -4.95325067899995 ], [ 12.696896570000149, -4.953249623999966 ], [ 12.696853122999983, -4.95324206499987 ], [ 12.696762475000128, -4.953226292999886 ], [ 12.696577830000081, -4.953194166999879 ], [ 12.69651068100012, -4.953182482999978 ], [ 12.696433401000093, -4.953169036999952 ], [ 12.696407182000144, -4.953164477999906 ], [ 12.696266968000089, -4.953140078999866 ], [ 12.696237526000118, -4.953134956999975 ], [ 12.69614307300003, -4.953118522999944 ], [ 12.695977113000026, -4.953089646999956 ], [ 12.695876306000116, -4.953072107999901 ], [ 12.69576802500012, -4.953053267999962 ], [ 12.69573743300009, -4.953047874999868 ], [ 12.69572455600013, -4.953045605999932 ], [ 12.695648806000122, -4.953032480999923 ], [ 12.695604639000067, -4.953024839999898 ], [ 12.695522828000151, -4.953010605999964 ], [ 12.695397591000187, -4.952988815999959 ], [ 12.693106181000132, -4.952590130999909 ], [ 12.693099962000076, -4.952589049999915 ], [ 12.69304259800009, -4.952579068999967 ], [ 12.692953504, -4.95256356699997 ], [ 12.69282580700002, -4.952541351999969 ], [ 12.692736805000152, -4.952525862999948 ], [ 12.692647681000039, -4.952510356999881 ], [ 12.692491818, -4.952483233999942 ], [ 12.692406931, -4.952468480999812 ], [ 12.692317806000176, -4.952452980999965 ], [ 12.692242056000111, -4.952439855999842 ], [ 12.692153056000052, -4.952424230999952 ], [ 12.692063931000064, -4.95240885599992 ], [ 12.691988056000071, -4.952395605999925 ], [ 12.691912306, -4.952382355999873 ], [ 12.69183643100007, -4.952369230999921 ], [ 12.691760556000077, -4.952356105999911 ], [ 12.691697931000135, -4.952345105999882 ], [ 12.691622055999972, -4.952331855999944 ], [ 12.691546306000134, -4.952318730999934 ], [ 12.691470431000141, -4.952305480999826 ], [ 12.69131880600014, -4.952279105999935 ], [ 12.691242806000048, -4.952265980999925 ], [ 12.691166931000112, -4.952252730999874 ], [ 12.691015306000054, -4.952226355999926 ], [ 12.690939431000118, -4.952213105999817 ], [ 12.690863556000124, -4.952199980999978 ], [ 12.69078780600006, -4.952186855999969 ], [ 12.690283306000083, -4.952098980999949 ], [ 12.689812556000049, -4.952255980999894 ], [ 12.689742181000156, -4.952279355999963 ], [ 12.689671931000021, -4.95230285599996 ], [ 12.689601556000127, -4.952326355999958 ], [ 12.68953118100012, -4.952349730999913 ], [ 12.689460931000156, -4.95237323099991 ], [ 12.689390556000092, -4.952396730999908 ], [ 12.689320306000127, -4.952420105999977 ], [ 12.68924993100012, -4.952443605999974 ], [ 12.689156181000158, -4.952474855999981 ], [ 12.689085931000022, -4.952498355999978 ], [ 12.689015556000186, -4.952521855999976 ], [ 12.688945181000122, -4.952545105999945 ], [ 12.688874931000157, -4.952568605999943 ], [ 12.688804556000093, -4.952592105999827 ], [ 12.688734306000185, -4.952615605999881 ], [ 12.688710806000188, -4.952623355999833 ], [ 12.688640431000124, -4.952646855999888 ], [ 12.68857005600006, -4.952670230999956 ], [ 12.688499806000095, -4.952693730999954 ], [ 12.688429431000088, -4.952717230999951 ], [ 12.688359056000024, -4.952740730999949 ], [ 12.68828880600006, -4.952764105999847 ], [ 12.688218556000095, -4.952787605999902 ], [ 12.688124806000189, -4.952818855999908 ], [ 12.688054431000126, -4.952842355999906 ], [ 12.688030931000128, -4.952850105999858 ], [ 12.687960681, -4.952873605999912 ], [ 12.687890306000156, -4.952896980999981 ], [ 12.687679306000064, -4.952967355999874 ], [ 12.687608931000057, -4.952990730999943 ], [ 12.687538806000191, -4.953014230999941 ], [ 12.68744493100013, -4.953045480999947 ], [ 12.687421431000132, -4.953053355999884 ], [ 12.687394462000157, -4.953062376999924 ], [ 12.687317796, -4.953087944999879 ], [ 12.687178986999982, -4.953134234999936 ], [ 12.687159411000152, -4.953140763999897 ], [ 12.687129926000125, -4.953150596999933 ], [ 12.68699943300004, -4.95319410999997 ], [ 12.686828641000147, -4.953251070999897 ], [ 12.686698664000119, -4.953294416999938 ], [ 12.686600815000133, -4.953327047999949 ], [ 12.685733572000061, -4.953616262999901 ], [ 12.685663182000098, -4.953639733999978 ], [ 12.685491520000085, -4.953696983999919 ], [ 12.685023797000042, -4.953852963999964 ], [ 12.685002224000073, -4.953860157999941 ], [ 12.684889557000076, -4.953897730999927 ], [ 12.684742420000077, -4.953946798999823 ], [ 12.684620190000089, -4.953987561999895 ], [ 12.684572096000011, -4.954003599999908 ], [ 12.684236603000102, -4.954115482999839 ], [ 12.675134160000027, -4.957151019999912 ], [ 12.667230189000179, -4.957626672999936 ], [ 12.667125186000135, -4.957632991999901 ], [ 12.666395160000093, -4.957676923999884 ], [ 12.665836642999977, -4.957535065999878 ], [ 12.665501529000153, -4.957479288999878 ], [ 12.661364181000124, -4.956910980999965 ], [ 12.658684589000131, -4.955564282999887 ], [ 12.658686529000079, -4.955540561999953 ], [ 12.655622954000023, -4.9539726349999 ], [ 12.654561701000034, -4.953429487999927 ], [ 12.654141687000106, -4.953214525999897 ], [ 12.653932603000044, -4.953107516999921 ], [ 12.64966236000015, -4.950922012999911 ], [ 12.644843400000184, -4.950457868999877 ], [ 12.63956436, -4.950913932999981 ], [ 12.634284240000113, -4.955051888999947 ], [ 12.633609018000072, -4.957755156999895 ], [ 12.632675400000096, -4.961492904999886 ], [ 12.636577754000029, -4.969556076999936 ], [ 12.64047228000004, -4.977602975999957 ], [ 12.641159160000029, -4.983125941999958 ], [ 12.640703284000097, -4.988889269999959 ], [ 12.640467240000135, -4.991868939999847 ], [ 12.636333360000037, -4.999999952999815 ], [ 12.634494480000114, -5.00980988799995 ], [ 12.629851838000036, -5.020073367999885 ], [ 12.628980360000071, -5.021999925999978 ], [ 12.624389280000173, -5.02383690299996 ], [ 12.614980264000053, -5.02175988099998 ], [ 12.606486431000064, -5.026814980999916 ], [ 12.601203431000101, -5.037623855999925 ], [ 12.597529306000126, -5.040381855999954 ], [ 12.586742306000076, -5.040143980999915 ], [ 12.580541305999986, -5.047501980999868 ], [ 12.574802181000052, -5.05094785599988 ], [ 12.555981431000134, -5.049322980999818 ], [ 12.552308181000171, -5.050469980999935 ], [ 12.539220556000089, -5.063113980999958 ], [ 12.529117430999975, -5.067935855999906 ], [ 12.519017305999967, -5.07045798099989 ], [ 12.510524056000179, -5.070220980999977 ], [ 12.494172181000181, -5.065699355999868 ], [ 12.492164181000135, -5.065143980999949 ], [ 12.47930918100019, -5.069272980999813 ], [ 12.474944306000054, -5.075710855999944 ], [ 12.473921056000108, -5.078952105999974 ], [ 12.470805306000102, -5.088820855999927 ], [ 12.471262181000156, -5.093192980999902 ], [ 12.475850430999969, -5.097568855999953 ], [ 12.480436430999987, -5.105625105999934 ], [ 12.487317431000179, -5.115983855999957 ], [ 12.493971306000162, -5.121050980999883 ], [ 12.517865931000017, -5.13185173099987 ], [ 12.521510138, -5.13349896099993 ], [ 12.512257920000081, -5.134364681999955 ], [ 12.507801840000184, -5.135124868999981 ], [ 12.500864280000087, -5.135540592999916 ], [ 12.49047972000011, -5.139122341999951 ], [ 12.48355296, -5.141017138999871 ], [ 12.475168560000157, -5.146945432999928 ], [ 12.473218800000097, -5.151501602999815 ], [ 12.475725480000051, -5.155297577999931 ], [ 12.483678960000134, -5.158273960999963 ], [ 12.493607760000089, -5.160145364999948 ], [ 12.497818880000182, -5.160102594999955 ], [ 12.503522160000102, -5.160044668999944 ], [ 12.508477200000073, -5.159747785999969 ], [ 12.508497994000038, -5.174519192999867 ], [ 12.508501091000028, -5.176719269999978 ], [ 12.508623465000028, -5.263640735999957 ], [ 12.508623524000143, -5.263682487999972 ], [ 12.508623585, -5.263725649999969 ], [ 12.508623723000028, -5.263824128999943 ], [ 12.508662346000108, -5.291255913999919 ], [ 12.508833018000018, -5.412457780999887 ], [ 12.508964293000133, -5.505665104999935 ], [ 12.509187480000037, -5.664097823999896 ], [ 12.50889768400009, -5.684084896999934 ], [ 12.508473222000134, -5.713358473999904 ], [ 12.508086427000023, -5.740032985999846 ], [ 12.508066764000034, -5.741388983999968 ], [ 12.507879600000024, -5.754295875999844 ], [ 12.477657960000045, -5.758285949999845 ], [ 12.449003626000092, -5.75972644299992 ], [ 12.43806912000008, -5.760276134999913 ], [ 12.396807476000049, -5.760538025999949 ], [ 12.381821280000167, -5.760633144999872 ], [ 12.353133878000108, -5.763248118999968 ], [ 12.328213318000167, -5.764563374999909 ], [ 12.283818568000072, -5.766795183999932 ], [ 12.262233786000081, -5.767880282999897 ], [ 12.257841960000178, -5.768101066999975 ], [ 12.221369640000091, -5.772405189999859 ], [ 12.205664554000066, -5.777571674999933 ], [ 12.208543601000144, -5.781512486999929 ], [ 12.213623978000157, -5.790820191999956 ], [ 12.218580445000157, -5.799383142999943 ], [ 12.222421705000045, -5.806704981999928 ], [ 12.2275900570001, -5.813798152999823 ], [ 12.229897613000048, -5.816767975999937 ], [ 12.23887468300012, -5.826833244999932 ], [ 12.251851992000127, -5.84072287999993 ], [ 12.260920585000065, -5.850050740999905 ], [ 12.265047312000036, -5.854232536999973 ], [ 12.268269014000111, -5.859071928999981 ], [ 12.268021191000116, -5.861801822999894 ], [ 12.27198636300011, -5.864655789999972 ], [ 12.275573861000112, -5.868466025999908 ], [ 12.278754264000099, -5.871843869999964 ], [ 12.280164532000072, -5.873341681999932 ], [ 12.282642765000048, -5.876443752999819 ], [ 12.283510147000072, -5.878801314999919 ], [ 12.288342700000157, -5.882399679999935 ], [ 12.292431785000133, -5.889968578999856 ], [ 12.299370837000026, -5.896172514999876 ], [ 12.308873604000155, -5.903386846999865 ], [ 12.314735882000036, -5.907835725999973 ], [ 12.323717456000168, -5.915771058999951 ], [ 12.329552269000033, -5.921250159999943 ], [ 12.336253078000141, -5.927677116999973 ], [ 12.337039978000064, -5.92843185199996 ], [ 12.342244267000183, -5.934511280999914 ], [ 12.343731207000076, -5.937861141999974 ], [ 12.343359472000145, -5.939846235999937 ], [ 12.344970323000098, -5.942203524999911 ], [ 12.350546347000147, -5.94778653599991 ], [ 12.358724515, -5.958952386999897 ], [ 12.359344073000159, -5.962426159999893 ], [ 12.359467985000094, -5.963790850999942 ], [ 12.361202749000086, -5.964535225999953 ], [ 12.363185334999969, -5.964535225999953 ], [ 12.369380917000115, -5.971730799999875 ], [ 12.372230885000022, -5.97582479099998 ], [ 12.376046713000108, -5.980281895999894 ], [ 12.379665584000122, -5.984508911999967 ], [ 12.382019905000163, -5.987734405999959 ], [ 12.386604636000129, -5.991207994999854 ], [ 12.392428484000106, -5.99703860999989 ], [ 12.395774098000174, -6.001628624999967 ] ] ] } }
]
}
